ModelID,CellLineName,OncotreeLineage,OncotreePrimaryDisease,OncotreeSubtype,OncotreeCode,gene_effect,is_medulloblastoma,gene
"ACH-000001","NIH:OVCAR-3","Ovary/Fallopian Tube","Ovarian Epithelial Tumor","High-Grade Serous Ovarian Cancer","HGSOC",0.0627455647867447,FALSE,"HLX"
"ACH-000002","HL-60","Myeloid","Acute Myeloid Leukemia","Acute Myeloid Leukemia","AML",NA,FALSE,"HLX"
"ACH-000003","CACO2","Bowel","Colorectal Adenocarcinoma","Colon Adenocarcinoma","COAD",NA,FALSE,"HLX"
"ACH-000004","HEL","Myeloid","Acute Myeloid Leukemia","Acute Myeloid Leukemia","AML",0.125020922393932,FALSE,"HLX"
"ACH-000005","HEL 92.1.7","Myeloid","Acute Myeloid Leukemia","Acute Myeloid Leukemia","AML",-0.0585425577699808,FALSE,"HLX"
"ACH-000006","MONO-MAC-6","Myeloid","Acute Myeloid Leukemia","Acute Monoblastic/Monocytic Leukemia","AMOL",NA,FALSE,"HLX"
"ACH-000007","LS513","Bowel","Colorectal Adenocarcinoma","Colon Adenocarcinoma","COAD",-0.0953436322003178,FALSE,"HLX"
"ACH-000008","A101D","Skin","Melanoma","Melanoma","MEL",NA,FALSE,"HLX"
"ACH-000009","C2BBe1","Bowel","Colorectal Adenocarcinoma","Colon Adenocarcinoma","COAD",0.044488374564106,FALSE,"HLX"
"ACH-000011","253J","Bladder/Urinary Tract","Bladder Urothelial Carcinoma","Bladder Urothelial Carcinoma","BLCA",-0.00278382082105669,FALSE,"HLX"
"ACH-000012","HCC-827","Lung","Non-Small Cell Lung Cancer","Lung Adenocarcinoma","LUAD",-0.093024088566985,FALSE,"HLX"
"ACH-000013","ONCO-DG-1","Ovary/Fallopian Tube","Ovarian Epithelial Tumor","High-Grade Serous Ovarian Cancer","HGSOC",-0.0855372883574846,FALSE,"HLX"
"ACH-000014","Hs 294T","Skin","Melanoma","Melanoma","MEL",-0.0710740592480061,FALSE,"HLX"
"ACH-000015","NCI-H1581","Lung","Non-Small Cell Lung Cancer","Large Cell Lung Carcinoma","LCLC",0.0727883921155761,FALSE,"HLX"
"ACH-000016","SLR 21","Kidney","Renal Cell Carcinoma","Renal Clear Cell Carcinoma","CCRCC",NA,FALSE,"HLX"
"ACH-000017","SK-BR-3","Breast","Invasive Breast Carcinoma","Invasive Breast Carcinoma","BRCA",0.00709415017221851,FALSE,"HLX"
"ACH-000018","T24","Bladder/Urinary Tract","Bladder Urothelial Carcinoma","Bladder Urothelial Carcinoma","BLCA",-0.26069507662173,FALSE,"HLX"
"ACH-000019","MCF7","Breast","Invasive Breast Carcinoma","Invasive Breast Carcinoma","BRCA",-0.0820830464732649,FALSE,"HLX"
"ACH-000020","MHH-CALL-2","Lymphoid","B-Lymphoblastic Leukemia/Lymphoma","B-Lymphoblastic Leukemia/Lymphoma with Hypodiploidy","BLLHYPO",NA,FALSE,"HLX"
"ACH-000021","NCI-H1693","Lung","Non-Small Cell Lung Cancer","Lung Adenocarcinoma","LUAD",-0.0461775973964185,FALSE,"HLX"
"ACH-000022","PA-TU-8988S","Pancreas","Pancreatic Adenocarcinoma","Pancreatic Adenocarcinoma","PAAD",-0.0238292408537038,FALSE,"HLX"
"ACH-000023","PA-TU-8988T","Pancreas","Pancreatic Adenocarcinoma","Pancreatic Adenocarcinoma","PAAD",-0.12977230697214,FALSE,"HLX"
"ACH-000024","OPM-2","Lymphoid","Mature B-Cell Neoplasms","Plasma Cell Myeloma","PCM",0.0383571650761783,FALSE,"HLX"
"ACH-000025","CH-157MN","CNS/Brain","Meningothelial Tumor","Meningioma","MNG",-0.295452413357476,FALSE,"HLX"
"ACH-000026","253J-BV","Bladder/Urinary Tract","Bladder Urothelial Carcinoma","Bladder Urothelial Carcinoma","BLCA",-0.0794502179167797,FALSE,"HLX"
"ACH-000027","GOS-3","CNS/Brain","Diffuse Glioma","Glioblastoma","GB",NA,FALSE,"HLX"
"ACH-000028","KPL-1","Breast","Invasive Breast Carcinoma","Invasive Breast Carcinoma","BRCA",0.176271363604891,FALSE,"HLX"
"ACH-000029","HCC-827-GR5","Lung","Non-Small Cell Lung Cancer","Lung Adenocarcinoma","LUAD",-0.0361962158249178,FALSE,"HLX"
"ACH-000030","PC-14","Lung","Non-Small Cell Lung Cancer","Lung Adenocarcinoma","LUAD",-0.0700707500068198,FALSE,"HLX"
"ACH-000031","Panc 02.13","Pancreas","Pancreatic Adenocarcinoma","Pancreatic Adenocarcinoma","PAAD",NA,FALSE,"HLX"
"ACH-000032","MHH-CALL-3","Lymphoid","B-Lymphoblastic Leukemia/Lymphoma","B-Lymphoblastic Leukemia/Lymphoma with t(1;19)(q23;p13.3);TCF3-PBX1","BLLTCF3PBX1",NA,FALSE,"HLX"
"ACH-000033","NCI-H1819","Lung","Non-Small Cell Lung Cancer","Lung Adenocarcinoma","LUAD",NA,FALSE,"HLX"
"ACH-000034","PLB-985","Myeloid","Acute Myeloid Leukemia","Acute Myeloid Leukemia","AML",NA,FALSE,"HLX"
"ACH-000035","NCI-H1650","Lung","Non-Small Cell Lung Cancer","Non-Small Cell Lung Cancer","NSCLC",0.105709857857126,FALSE,"HLX"
"ACH-000036","U343","CNS/Brain","Diffuse Glioma","Glioblastoma","GB",0.0936714770698587,FALSE,"HLX"
"ACH-000037","S-117","Soft Tissue","Sarcoma, NOS","Sarcoma, NOS","SARCNOS",0.0998064299514836,FALSE,"HLX"
"ACH-000038","EHEB","Lymphoid","B-Lymphoblastic Leukemia/Lymphoma","B-Lymphoblastic Leukemia/Lymphoma","BLL",NA,FALSE,"HLX"
"ACH-000039","SK-N-MC","Bone","Ewing Sarcoma","Ewing Sarcoma","ES",-0.0635972647522987,FALSE,"HLX"
"ACH-000040","U-118 MG","CNS/Brain","Diffuse Glioma","Astrocytoma","ASTR",0.0743493307480391,FALSE,"HLX"
"ACH-000041","RD-ES","Bone","Ewing Sarcoma","Ewing Sarcoma","ES",0.234159345550423,FALSE,"HLX"
"ACH-000042","Panc 02.03","Pancreas","Pancreatic Adenocarcinoma","Pancreatic Adenocarcinoma","PAAD",0.046054333224021,FALSE,"HLX"
"ACH-000043","Hs 895.T","Fibroblast","Non-Cancerous","Fibroblast, Skin","",NA,FALSE,"HLX"
"ACH-000044","MDA-MB-134-VI","Breast","Invasive Breast Carcinoma","Breast Invasive Lobular Carcinoma","ILC",NA,FALSE,"HLX"
"ACH-000045","MV4-11","Myeloid","Acute Myeloid Leukemia","Acute Myeloid Leukemia","AML",0.148094901315519,FALSE,"HLX"
"ACH-000046","ACHN","Kidney","Renal Cell Carcinoma","Papillary Renal Cell Carcinoma","PRCC",NA,FALSE,"HLX"
"ACH-000047","GCIY","Esophagus/Stomach","Esophagogastric Adenocarcinoma","Stomach Adenocarcinoma","STAD",0.0253515715624479,FALSE,"HLX"
"ACH-000048","TOV-112D","Ovary/Fallopian Tube","Ovarian Epithelial Tumor","Endometrioid Ovarian Cancer","EOV",-0.0274902954048713,FALSE,"HLX"
"ACH-000049","HEK TE","Kidney","Non-Cancerous","Immortalized Embyonic Kidney Cells","",NA,FALSE,"HLX"
"ACH-000050","NCI-H929","Lymphoid","Mature B-Cell Neoplasms","Plasma Cell Myeloma","PCM",NA,FALSE,"HLX"
"ACH-000051","TE 617.T","Soft Tissue","Rhabdomyosarcoma","Rhabdomyosarcoma","RMS",NA,FALSE,"HLX"
"ACH-000052","A-673","Bone","Ewing Sarcoma","Ewing Sarcoma","ES",0.0438076040442554,FALSE,"HLX"
"ACH-000053","KARPAS-299","Lymphoid","Mature T and NK Neoplasms","Anaplastic Large-Cell Lymphoma ALK Positive","ALCLALKP",0.177958089480664,FALSE,"HLX"
"ACH-000054","HT-1080","Soft Tissue","Fibrosarcoma","Fibrosarcoma","FIBS",-0.220237186564256,FALSE,"HLX"
"ACH-000055","D283 Med","CNS/Brain","Embryonal Tumor","Medulloblastoma","MBL",-0.875654896619467,TRUE,"HLX"
"ACH-000056","DOHH-2","Lymphoid","Mature B-Cell Neoplasms","Diffuse Large B-Cell Lymphoma, NOS","DLBCLNOS",NA,FALSE,"HLX"
"ACH-000057","OPM-1","Lymphoid","Mature B-Cell Neoplasms","Plasma Cell Myeloma","PCM",NA,FALSE,"HLX"
"ACH-000058","ML-1","Thyroid","Well-Differentiated Thyroid Cancer","Follicular Thyroid Cancer","THFO",NA,FALSE,"HLX"
"ACH-000059","SUP-B15","Lymphoid","B-Lymphoblastic Leukemia/Lymphoma","B-Lymphoblastic Leukemia/Lymphoma with t(9;22)(q34.1;q11.2);BCR-ABL1","BLLBCRABL1",NA,FALSE,"HLX"
"ACH-000060","Panc 10.05","Pancreas","Pancreatic Adenocarcinoma","Pancreatic Adenocarcinoma","PAAD",0.0570538929336758,FALSE,"HLX"
"ACH-000061","HH","Lymphoid","Non-Hodgkin Lymphoma","Mature T and NK Neoplasms","MTNN",NA,FALSE,"HLX"
"ACH-000062","RERF-LC-MS","Lung","Non-Small Cell Lung Cancer","Lung Adenocarcinoma","LUAD",NA,FALSE,"HLX"
"ACH-000063","Hs 616.T","Fibroblast","Non-Cancerous","Fibroblast","",NA,FALSE,"HLX"
"ACH-000064","SALE","Lung","Non-Cancerous","Immortalized Lung Cells","",NA,FALSE,"HLX"
"ACH-000065","OCI-AML5","Myeloid","Acute Myeloid Leukemia","Acute Myeloid Leukemia","AML",NA,FALSE,"HLX"
"ACH-000066","HCC4006","Lung","Non-Small Cell Lung Cancer","Lung Adenocarcinoma","LUAD",NA,FALSE,"HLX"
"ACH-000067","Hs 683","CNS/Brain","Diffuse Glioma","Oligodendroglioma","ODG",-0.131420046406603,FALSE,"HLX"
"ACH-000068","REC-1","Lymphoid","Mature B-Cell Neoplasms","Mantle Cell Lymphoma","MCL",NA,FALSE,"HLX"
"ACH-000069","Hs 611.T","Lymphoid","Hodgkin Lymphoma","Hodgkin Lymphoma","HL",NA,FALSE,"HLX"
"ACH-000070","697","Lymphoid","B-Lymphoblastic Leukemia/Lymphoma","B-Lymphoblastic Leukemia/Lymphoma with t(1;19)(q23;p13.3);TCF3-PBX1","BLLTCF3PBX1",-0.255314925127812,FALSE,"HLX"
"ACH-000071","Hs 706.T","Fibroblast","Non-Cancerous","Fibroblast, Bone","",NA,FALSE,"HLX"
"ACH-000072","MEG-01","Myeloid","Myeloproliferative Neoplasms","Chronic Myeloid Leukemia, BCR-ABL1+","CMLBCRABL1",NA,FALSE,"HLX"
"ACH-000073","GRANTA-519","Lymphoid","Mature B-Cell Neoplasms","Mantle Cell Lymphoma","MCL",NA,FALSE,"HLX"
"ACH-000074","KU812","Myeloid","Myeloproliferative Neoplasms","Chronic Myeloid Leukemia, BCR-ABL1+","CMLBCRABL1",0.182643048100825,FALSE,"HLX"
"ACH-000075","U-87 MG","CNS/Brain","Diffuse Glioma","Glioblastoma","GB",-0.188915443798273,FALSE,"HLX"
"ACH-000076","NCO2","Myeloid","Myeloproliferative Neoplasms","Chronic Myeloid Leukemia, BCR-ABL1+","CMLBCRABL1",0.0842548783902556,FALSE,"HLX"
"ACH-000077","MJ","Lymphoid","Non-Hodgkin Lymphoma","Mature T and NK Neoplasms","MTNN",-0.496197250068329,FALSE,"HLX"
"ACH-000078","MHH-NB-11","Peripheral Nervous System","Neuroblastoma","Neuroblastoma","NBL",0.139458455720732,FALSE,"HLX"
"ACH-000079","TE 125.T","Fibroblast","Non-Cancerous","Fibroblast, Soft Tissue","",NA,FALSE,"HLX"
"ACH-000080","BDCM","Myeloid","Acute Myeloid Leukemia","Acute Monoblastic/Monocytic Leukemia","AMOL",NA,FALSE,"HLX"
"ACH-000081","GDM-1","Myeloid","Acute Myeloid Leukemia","Acute Myeloid Leukemia","AML",NA,FALSE,"HLX"
"ACH-000082","G-292, clone A141B1","Bone","Osteosarcoma","Osteosarcoma","OS",-0.161062424973547,FALSE,"HLX"
"ACH-000083","Hs 281.T","Fibroblast","Non-Cancerous","Fibroblast, Breast","",NA,FALSE,"HLX"
"ACH-000084","MUTZ-3","Myeloid","Acute Myeloid Leukemia","AML with inv(3)(q21.3q26.2) or t(3;3)(q21.3;q26.2); GATA2, MECOM","AMLGATA2MECOM",NA,FALSE,"HLX"
"ACH-000085","T3M-4","Pancreas","Pancreatic Adenocarcinoma","Pancreatic Adenocarcinoma","PAAD",0.140822783924685,FALSE,"HLX"
"ACH-000086","ACC-MESO-1","Pleura","Pleural Mesothelioma","Pleural Mesothelioma, Epithelioid Type","PLEMESO",-0.229493168330908,FALSE,"HLX"
"ACH-000087","SK-ES-1","Bone","Ewing Sarcoma","Ewing Sarcoma","ES",-0.106025333069975,FALSE,"HLX"
"ACH-000088","Hs 172.T","Fibroblast","Non-Cancerous","Fibroblast, Urinary Tract","",NA,FALSE,"HLX"
"ACH-000089","NCI-H684","Bowel","Colorectal Adenocarcinoma","Colon Adenocarcinoma","COAD",NA,FALSE,"HLX"
"ACH-000090","PC-3","Prostate","Prostate Adenocarcinoma","Prostate Adenocarcinoma","PRAD",-0.00511364855508954,FALSE,"HLX"
"ACH-000091","OV56","Ovary/Fallopian Tube","Ovarian Epithelial Tumor","Serous Ovarian Cancer","SOC",NA,FALSE,"HLX"
"ACH-000092","NCI-H2452","Pleura","Pleural Mesothelioma","Pleural Mesothelioma, Biphasic Type","PLBMESO",0.057696496493977,FALSE,"HLX"
"ACH-000093","Panc 05.04","Pancreas","Pancreatic Adenocarcinoma","Pancreatic Adenocarcinoma","PAAD",0.0368148429908953,FALSE,"HLX"
"ACH-000094","HPAF-II","Pancreas","Pancreatic Adenocarcinoma","Pancreatic Adenocarcinoma","PAAD",0.00138098076724591,FALSE,"HLX"
"ACH-000095","D341 Med","CNS/Brain","Embryonal Tumor","Medulloblastoma","MBL",-0.516661501742584,TRUE,"HLX"
"ACH-000096","G-401","Kidney","Rhabdoid Cancer","Rhabdoid Cancer","MRT",0.241728838518099,FALSE,"HLX"
"ACH-000097","ZR-75-1","Breast","Invasive Breast Carcinoma","Breast Invasive Ductal Carcinoma","IDC",0.143041116332276,FALSE,"HLX"
"ACH-000098","GAMG","CNS/Brain","Diffuse Glioma","Glioblastoma","GB",-0.0960617447527468,FALSE,"HLX"
"ACH-000099","SIMA","Peripheral Nervous System","Neuroblastoma","Neuroblastoma","NBL",-0.0149714783567028,FALSE,"HLX"
"ACH-000100","RH-41","Soft Tissue","Rhabdomyosarcoma","Alveolar Rhabdomyosarcoma","ARMS",0.435332648013873,FALSE,"HLX"
"ACH-000101","KE-37","Lymphoid","Mature T and NK Neoplasms","Adult T-Cell Leukemia/Lymphoma","ATLL",-0.101212011698955,FALSE,"HLX"
"ACH-000102","GMS-10","CNS/Brain","Diffuse Glioma","Glioblastoma","GB",NA,FALSE,"HLX"
"ACH-000103","Caov-4","Ovary/Fallopian Tube","Ovarian Epithelial Tumor","High-Grade Serous Ovarian Cancer","HGSOC",-0.129633807410642,FALSE,"HLX"
"ACH-000104","Loucy","Lymphoid","T-Lymphoblastic Leukemia/Lymphoma","Early T-Cell Precursor Lymphoblastic Leukemia","ETPLL",NA,FALSE,"HLX"
"ACH-000105","ALL-SIL","Lymphoid","Mature T and NK Neoplasms","Adult T-Cell Leukemia/Lymphoma","ATLL",NA,FALSE,"HLX"
"ACH-000106","JVM-2","Lymphoid","Mature B-Cell Neoplasms","Mantle Cell Lymphoma","MCL",0.0276102998416759,FALSE,"HLX"
"ACH-000107","Capan-2","Pancreas","Pancreatic Adenocarcinoma","Pancreatic Adenocarcinoma","PAAD",NA,FALSE,"HLX"
"ACH-000108","KP-3","Pancreas","Adenosquamous Carcinoma of the Pancreas","Adenosquamous Carcinoma of the Pancreas","PAASC",0.140325161198222,FALSE,"HLX"
"ACH-000109","NCI-H3255","Lung","Non-Small Cell Lung Cancer","Lung Adenocarcinoma","LUAD",NA,FALSE,"HLX"
"ACH-000110","NCC-StC-K140","Esophagus/Stomach","Esophagogastric Adenocarcinoma","Stomach Adenocarcinoma","STAD",NA,FALSE,"HLX"
"ACH-000111","HCC1187","Breast","Invasive Breast Carcinoma","Breast Invasive Ductal Carcinoma","IDC",0.082189815361296,FALSE,"HLX"
"ACH-000112","SIG-M5","Myeloid","Acute Myeloid Leukemia","Acute Monoblastic/Monocytic Leukemia","AMOL",NA,FALSE,"HLX"
"ACH-000113","OCI-AML2","Myeloid","Acute Myeloid Leukemia","Acute Myeloid Leukemia","AML",-0.759922486307124,FALSE,"HLX"
"ACH-000114","SU.86.86","Pancreas","Pancreatic Adenocarcinoma","Pancreatic Adenocarcinoma","PAAD",-0.00762788565471137,FALSE,"HLX"
"ACH-000115","VCaP","Prostate","Prostate Adenocarcinoma","Prostate Adenocarcinoma","PRAD",-0.103395781470441,FALSE,"HLX"
"ACH-000116","OAW28","Ovary/Fallopian Tube","Ovarian Epithelial Tumor","High-Grade Serous Ovarian Cancer","HGSOC",0.115097133221214,FALSE,"HLX"
"ACH-000117","EFM-192A","Breast","Invasive Breast Carcinoma","Invasive Breast Carcinoma","BRCA",NA,FALSE,"HLX"
"ACH-000118","HUP-T3","Pancreas","Pancreatic Adenocarcinoma","Pancreatic Adenocarcinoma","PAAD",-0.0484872814815902,FALSE,"HLX"
"ACH-000119","Hs 863.T","Fibroblast","Non-Cancerous","Fibroblast, Bone","",NA,FALSE,"HLX"
"ACH-000120","CHP-212","Peripheral Nervous System","Neuroblastoma","Neuroblastoma","NBL",-0.201198340730128,FALSE,"HLX"
"ACH-000121","NCI-H2405","Lung","Non-Small Cell Lung Cancer","Lung Adenocarcinoma","LUAD",NA,FALSE,"HLX"
"ACH-000122","SUP-T11","Lymphoid","Mature T and NK Neoplasms","Adult T-Cell Leukemia/Lymphoma","ATLL",NA,FALSE,"HLX"
"ACH-000123","COV434","Ovary/Fallopian Tube","Ovarian Epithelial Tumor","Small Cell Carcinoma of the Ovary","SCCO",0.128449901317605,FALSE,"HLX"
"ACH-000124","OCI-LY-19","Lymphoid","Mature B-Cell Neoplasms","Diffuse Large B-Cell Lymphoma, NOS","DLBCLNOS",-0.0610840490006711,FALSE,"HLX"
"ACH-000125","TO 175.T","Fibroblast","Non-Cancerous","Fibroblast","",NA,FALSE,"HLX"
"ACH-000126","KG-1-C","CNS/Brain","Diffuse Glioma","Oligodendroglioma","ODG",NA,FALSE,"HLX"
"ACH-000127","SLR 20","Bladder/Urinary Tract","Bladder Urothelial Carcinoma","Bladder Urothelial Carcinoma","BLCA",0.0207090422544963,FALSE,"HLX"
"ACH-000128","LN-319","CNS/Brain","Diffuse Glioma","Astrocytoma","ASTR",-0.118840802883184,FALSE,"HLX"
"ACH-000129","NCI-H1341","Lung","SMARCA4-deficient undifferentiated tumor","SMARCA4-deficient undifferentiated tumor","",NA,FALSE,"HLX"
"ACH-000130","NALM-19","Lymphoid","B-Lymphoblastic Leukemia/Lymphoma","B-Lymphoblastic Leukemia/Lymphoma","BLL",NA,FALSE,"HLX"
"ACH-000131","Hs 229.T","Fibroblast","Non-Cancerous","Fibroblast, Lung","",NA,FALSE,"HLX"
"ACH-000132","JHOS-2","Ovary/Fallopian Tube","Ovarian Epithelial Tumor","High-Grade Serous Ovarian Cancer","HGSOC",-0.169112210709896,FALSE,"HLX"
"ACH-000133","Hs 729","Fibroblast","Non-Cancerous","Fibroblast","",-0.0459639121463159,FALSE,"HLX"
"ACH-000134","Hs 274.T","Fibroblast","Non-Cancerous","Fibroblast, Breast","",NA,FALSE,"HLX"
"ACH-000135","Hs 940.T","Fibroblast","Non-Cancerous","Fibroblast, Skin","",NA,FALSE,"HLX"
"ACH-000136","CHP-126","Peripheral Nervous System","Neuroblastoma","Neuroblastoma","NBL",NA,FALSE,"HLX"
"ACH-000137","8-MG-BA","CNS/Brain","Diffuse Glioma","Glioblastoma","GB",-0.155331601084179,FALSE,"HLX"
"ACH-000138","CFPAC-1","Pancreas","Pancreatic Adenocarcinoma","Pancreatic Adenocarcinoma","PAAD",-0.0321711747410675,FALSE,"HLX"
"ACH-000139","Panc 03.27","Pancreas","Pancreatic Adenocarcinoma","Pancreatic Adenocarcinoma","PAAD",0.18147016388162,FALSE,"HLX"
"ACH-000140","Pfeiffer","Lymphoid","Mature B-Cell Neoplasms","Diffuse Large B-Cell Lymphoma, NOS","DLBCLNOS",NA,FALSE,"HLX"
"ACH-000141","SNU-308","Biliary Tract","Intracholecystic Papillary Neoplasm","Gallbladder Adenocarcinoma, NOS","GBAD",-0.0643385401181539,FALSE,"HLX"
"ACH-000142","CAL-29","Bladder/Urinary Tract","Bladder Urothelial Carcinoma","Bladder Urothelial Carcinoma","BLCA",0.115176633945703,FALSE,"HLX"
"ACH-000143","HCC2429","Lung","Non-Small Cell Lung Cancer","NUT Carcinoma of the Lung","NUTCL",0.102297337308383,FALSE,"HLX"
"ACH-000144","RERF-GC-1B","Esophagus/Stomach","Esophagogastric Adenocarcinoma","Stomach Adenocarcinoma","STAD",0.0140562030810128,FALSE,"HLX"
"ACH-000145","SK-LMS-1","Soft Tissue","Leiomyosarcoma","Leiomyosarcoma","LMS",0.0062366541968648,FALSE,"HLX"
"ACH-000146","THP-1","Myeloid","Acute Myeloid Leukemia","Acute Myeloid Leukemia","AML",-0.229498218883017,FALSE,"HLX"
"ACH-000147","T-47D","Breast","Invasive Breast Carcinoma","Breast Invasive Ductal Carcinoma","IDC",-0.00834573783559663,FALSE,"HLX"
"ACH-000148","Hs 578T","Breast","Invasive Breast Carcinoma","Breast Invasive Carcinoma, NOS","BRCNOS",0.165946049968063,FALSE,"HLX"
"ACH-000149","SK-N-SH","Peripheral Nervous System","Neuroblastoma","Neuroblastoma","NBL",-0.194609322598009,FALSE,"HLX"
"ACH-000150","HCC2935","Lung","Non-Small Cell Lung Cancer","Lung Adenocarcinoma","LUAD",NA,FALSE,"HLX"
"ACH-000151","JM1","Lymphoid","B-Lymphoblastic Leukemia/Lymphoma","B-Lymphoblastic Leukemia/Lymphoma","BLL",-0.127717067832465,FALSE,"HLX"
"ACH-000152","M059K","CNS/Brain","Diffuse Glioma","Glioblastoma","GB",-0.0203645185048262,FALSE,"HLX"
"ACH-000153","NCI-H2052","Pleura","Pleural Mesothelioma","Pleural Mesothelioma, Sarcomatoid Type","PLSMESO",-0.311285508975553,FALSE,"HLX"
"ACH-000154","Hs 888.T","Fibroblast","Non-Cancerous","Fibroblast, Bone","",NA,FALSE,"HLX"
"ACH-000155","SW 1990","Pancreas","Pancreatic Adenocarcinoma","Pancreatic Adenocarcinoma","PAAD",-0.117931663489005,FALSE,"HLX"
"ACH-000156","MHH-CALL-4","Lymphoid","B-Lymphoblastic Leukemia/Lymphoma","B-Lymphoblastic Leukemia/Lymphoma, BCR-ABL1 Like","BLLBCRABL1L",NA,FALSE,"HLX"
"ACH-000157","A4/Fuk","Lymphoid","Mature B-Cell Neoplasms","Diffuse Large B-Cell Lymphoma, NOS","DLBCLNOS",NA,FALSE,"HLX"
"ACH-000158","OCI-LY3","Lymphoid","Mature B-Cell Neoplasms","Activated B-cell Type","ABC",NA,FALSE,"HLX"
"ACH-000159","OS-RC-2","Kidney","Renal Cell Carcinoma","Renal Clear Cell Carcinoma","CCRCC",0.0743580448508517,FALSE,"HLX"
"ACH-000160","BT-12","CNS/Brain","Embryonal Tumor","Atypical Teratoid/Rhabdoid Tumor","ATRT",0.191416893399538,FALSE,"HLX"
"ACH-000161","COR-L105","Lung","Non-Small Cell Lung Cancer","Lung Adenocarcinoma","LUAD",-0.151891164108495,FALSE,"HLX"
"ACH-000162","GA-10","Lymphoid","Mature B-Cell Neoplasms","Burkitt Lymphoma","BL",NA,FALSE,"HLX"
"ACH-000163","SW579","Head and Neck","Head and Neck Squamous Cell Carcinoma","Head and Neck Squamous Cell Carcinoma","HNSC",-0.2110717003169,FALSE,"HLX"
"ACH-000164","PANC-1","Pancreas","Pancreatic Adenocarcinoma","Pancreatic Adenocarcinoma","PAAD",-0.0179398793646609,FALSE,"HLX"
"ACH-000165","Hs 751.T","Fibroblast","Non-Cancerous","Fibroblast","",NA,FALSE,"HLX"
"ACH-000166","Kasumi-6","Myeloid","Acute Myeloid Leukemia","Acute Myeloid Leukemia","AML",NA,FALSE,"HLX"
"ACH-000167","KE-97","Lymphoid","Mature B-Cell Neoplasms","Plasma Cell Myeloma","PCM",-0.120029474590607,FALSE,"HLX"
"ACH-000168","NOMO-1","Myeloid","Acute Myeloid Leukemia","Acute Monoblastic/Monocytic Leukemia","AMOL",0.00756070992895787,FALSE,"HLX"
"ACH-000169","RD","Soft Tissue","Rhabdomyosarcoma","Embryonal Rhabdomyosarcoma","ERMS",-0.0479656477863362,FALSE,"HLX"
"ACH-000170","PrEC LH","Prostate","Non-Cancerous","Immortalized Epithelial Cells, Prostate","",NA,FALSE,"HLX"
"ACH-000171","VMRC-RCZ","Kidney","Renal Cell Carcinoma","Renal Cell Carcinoma","RCC",NA,FALSE,"HLX"
"ACH-000172","TM-87","Soft Tissue","Rhabdoid Cancer","Extrarenal Rhabdoid Cancer","",-0.0390088860611057,FALSE,"HLX"
"ACH-000173","JHUEM-3","Uterus","Endometrial Carcinoma","Endometrial Carcinoma","UCEC",NA,FALSE,"HLX"
"ACH-000174","CAL-62","Thyroid","Anaplastic Thyroid Cancer","Anaplastic Thyroid Cancer","THAP",0.0106267940631548,FALSE,"HLX"
"ACH-000175","TE159T","Fibroblast","Non-Cancerous","Fibroblast, Soft Tissue","",NA,FALSE,"HLX"
"ACH-000176","LOU-NH91","Lung","Non-Small Cell Lung Cancer","Lung Squamous Cell Carcinoma","LUSC",-0.0203194111867447,FALSE,"HLX"
"ACH-000177","NCI-H660","Prostate","Prostate Small Cell Carcinoma","Prostate Small Cell Carcinoma","PRSCC",NA,FALSE,"HLX"
"ACH-000178","Hs 766T","Pancreas","Pancreatic Adenocarcinoma","Pancreatic Adenocarcinoma","PAAD",-0.071950204396954,FALSE,"HLX"
"ACH-000179","NCI-H1618","Lung","Lung Neuroendocrine Tumor","Small Cell Lung Cancer","SCLC",NA,FALSE,"HLX"
"ACH-000180","Hs 839.T","Fibroblast","Non-Cancerous","Fibroblast, Skin","",NA,FALSE,"HLX"
"ACH-000181","SCC-9","Head and Neck","Head and Neck Squamous Cell Carcinoma","Oral Cavity Squamous Cell Carcinoma","OCSC",-0.0566661658726918,FALSE,"HLX"
"ACH-000182","SNU-869","Ampulla of Vater","Ampullary Carcinoma","Ampullary Carcinoma","AMPCA",-0.073023931575663,FALSE,"HLX"
"ACH-000183","L-363","Lymphoid","Mature B-Cell Neoplasms","Plasma Cell Myeloma","PCM",0.110687375348356,FALSE,"HLX"
"ACH-000184","Hs  343.T","Fibroblast","Non-Cancerous","Fibroblast, Breast","",NA,FALSE,"HLX"
"ACH-000185","Hs 737.T","Fibroblast","Non-Cancerous","Fibroblast, Bone","",NA,FALSE,"HLX"
"ACH-000186","NCI-H2444","Lung","Non-Small Cell Lung Cancer","Non-Small Cell Lung Cancer","NSCLC",NA,FALSE,"HLX"
"ACH-000187","COR-L311","Lung","Lung Neuroendocrine Tumor","Small Cell Lung Cancer","SCLC",0.152400680310402,FALSE,"HLX"
"ACH-000188","SCC-25","Head and Neck","Head and Neck Squamous Cell Carcinoma","Oral Cavity Squamous Cell Carcinoma","OCSC",-0.210072505632746,FALSE,"HLX"
"ACH-000189","RCC10RGB","Kidney","Renal Cell Carcinoma","Renal Cell Carcinoma","RCC",-0.182488601827854,FALSE,"HLX"
"ACH-000190","HD-MY-Z","Myeloid","Acute Myeloid Leukemia","Acute Myeloid Leukemia","AML",-0.112901260054159,FALSE,"HLX"
"ACH-000191","BHT-101","Thyroid","Anaplastic Thyroid Cancer","Anaplastic Thyroid Cancer","THAP",-0.0336515336489421,FALSE,"HLX"
"ACH-000192","MFE-280","Uterus","Endometrial Carcinoma","Endometrial Carcinoma","UCEC",0.208423260541197,FALSE,"HLX"
"ACH-000193","KARPAS-620","Lymphoid","Mature B-Cell Neoplasms","Plasma Cell Myeloma","PCM",NA,FALSE,"HLX"
"ACH-000194","Hs 934.T","Fibroblast","Non-Cancerous","Fibroblast, Skin","",NA,FALSE,"HLX"
"ACH-000195","Set-2","Myeloid","Acute Myeloid Leukemia","Acute Megakaryoblastic Leukemia","AMKL",0.0692121634729043,FALSE,"HLX"
"ACH-000196","HCC1599","Breast","Invasive Breast Carcinoma","Breast Invasive Ductal Carcinoma","IDC",NA,FALSE,"HLX"
"ACH-000197","TALL-1","Lymphoid","Mature T and NK Neoplasms","Adult T-Cell Leukemia/Lymphoma","ATLL",NA,FALSE,"HLX"
"ACH-000198","EOL-1","Myeloid","Myeloproliferative Neoplasms","Chronic Eosinophilic Leukemia, NOS","CELNOS",-0.507184471860542,FALSE,"HLX"
"ACH-000199","Hs 255.T","Fibroblast","Non-Cancerous","Fibroblast, Colorectal","",NA,FALSE,"HLX"
"ACH-000200","NMC-G1","CNS/Brain","Diffuse Glioma","Glioblastoma","GB",-0.25608845358317,FALSE,"HLX"
"ACH-000201","A-204","Kidney","Rhabdoid Cancer","Rhabdoid Cancer","MRT",NA,FALSE,"HLX"
"ACH-000202","COLO-320","Bowel","Colorectal Adenocarcinoma","Colon Adenocarcinoma","COAD",-0.35670054459089,FALSE,"HLX"
"ACH-000203","NH-6","Peripheral Nervous System","Neuroblastoma","Neuroblastoma","NBL",0.0223309193154562,FALSE,"HLX"
"ACH-000204","LP-1","Lymphoid","Mature B-Cell Neoplasms","Plasma Cell Myeloma","PCM",0.526518860461963,FALSE,"HLX"
"ACH-000205","PK-59","Pancreas","Pancreatic Adenocarcinoma","Pancreatic Adenocarcinoma","PAAD",NA,FALSE,"HLX"
"ACH-000206","C8166","Lymphoid","T-Lymphoblastic Leukemia/Lymphoma","T-Lymphoblastic Leukemia/Lymphoma","TLL",0.0635934018066836,FALSE,"HLX"
"ACH-000207","Detroit 562","Head and Neck","Head and Neck Squamous Cell Carcinoma","Oropharynx Squamous Cell Carcinoma","OPHSC",0.0108884530405983,FALSE,"HLX"
"ACH-000208","U-178","CNS/Brain","Diffuse Glioma","Astrocytoma","ASTR",-0.095337350975828,FALSE,"HLX"
"ACH-000209","SNU-1079","Biliary Tract","Intraductal Papillary Neoplasm of the Bile Duct","Intrahepatic Cholangiocarcinoma","IHCH",-0.205595361981023,FALSE,"HLX"
"ACH-000210","CADO-ES1","Bone","Ewing Sarcoma","Ewing Sarcoma","ES",-0.49225519438121,FALSE,"HLX"
"ACH-000211","Daoy","CNS/Brain","Embryonal Tumor","Medulloblastoma","MBL",-0.0564943859262392,TRUE,"HLX"
"ACH-000212","CAL-120","Breast","Invasive Breast Carcinoma","Invasive Breast Carcinoma","BRCA",-0.0445466303258865,FALSE,"HLX"
"ACH-000213","HUP-T4","Pancreas","Pancreatic Adenocarcinoma","Pancreatic Adenocarcinoma","PAAD",-0.037678813030952,FALSE,"HLX"
"ACH-000214","Hs 675.T","Fibroblast","Non-Cancerous","Fibroblast, Colorectal","",NA,FALSE,"HLX"
"ACH-000215","LN382","CNS/Brain","Diffuse Glioma","Glioblastoma","GB",-0.0469210995504147,FALSE,"HLX"
"ACH-000216","JH-EsoAd1","Esophagus/Stomach","Esophagogastric Adenocarcinoma","Esophageal Adenocarcinoma","ESCA",-0.0501900676622395,FALSE,"HLX"
"ACH-000217","JHH-6","Liver","Hepatocellular Carcinoma","Hepatocellular Carcinoma","HCC",-0.106900194094415,FALSE,"HLX"
"ACH-000218","PL-21","Myeloid","Acute Myeloid Leukemia","Acute Myeloid Leukemia","AML",NA,FALSE,"HLX"
"ACH-000219","A-375","Skin","Melanoma","Melanoma","MEL",-0.09320635778928,FALSE,"HLX"
"ACH-000220","Mino","Lymphoid","Mature B-Cell Neoplasms","Mantle Cell Lymphoma","MCL",NA,FALSE,"HLX"
"ACH-000221","SNU-398","Liver","Hepatocellular Carcinoma","Hepatocellular Carcinoma","HCC",0.0980535649935084,FALSE,"HLX"
"ACH-000222","AsPC-1","Pancreas","Pancreatic Adenocarcinoma","Pancreatic Adenocarcinoma","PAAD",0.0348152839649938,FALSE,"HLX"
"ACH-000223","HCC1937","Breast","Invasive Breast Carcinoma","Breast Invasive Ductal Carcinoma","IDC",-0.0853213275844187,FALSE,"HLX"
"ACH-000224","Hs 819.T","Fibroblast","Non-Cancerous","Fibroblast, Bone","",NA,FALSE,"HLX"
"ACH-000225","ECC12","Esophagus/Stomach","Esophagogastric Adenocarcinoma","Small Cell Carcinoma of the Stomach","STSC",NA,FALSE,"HLX"
"ACH-000226","SUP-M2","Lymphoid","Mature T and NK Neoplasms","Anaplastic Large-Cell Lymphoma ALK Positive","ALCLALKP",0.0321240009318447,FALSE,"HLX"
"ACH-000227","KP-N-YN","Peripheral Nervous System","Neuroblastoma","Neuroblastoma","NBL",0.0902371862233843,FALSE,"HLX"
"ACH-000228","BICR 31","Head and Neck","Head and Neck Squamous Cell Carcinoma","Oral Cavity Squamous Cell Carcinoma","OCSC",-0.206555631586882,FALSE,"HLX"
"ACH-000229","Hs 822.T","Fibroblast","Non-Cancerous","Fibroblast, Bone","",NA,FALSE,"HLX"
"ACH-000230","Hs 742.T","Fibroblast","Non-Cancerous","Fibroblast, Breast","",NA,FALSE,"HLX"
"ACH-000231","KALS-1","CNS/Brain","Diffuse Glioma","Glioblastoma","GB",-0.0863292168368428,FALSE,"HLX"
"ACH-000232","U-251 MG","CNS/Brain","Diffuse Glioma","Astrocytoma","ASTR",0.0435810909615727,FALSE,"HLX"
"ACH-000233","DEL","Lymphoid","Mature T and NK Neoplasms","Anaplastic Large-Cell Lymphoma ALK Positive","ALCLALKP",0.382956056954813,FALSE,"HLX"
"ACH-000234","Caki-2","Kidney","Renal Cell Carcinoma","Papillary Renal Cell Carcinoma","PRCC",-0.0603071687995046,FALSE,"HLX"
"ACH-000235","Panc 04.03","Pancreas","Pancreatic Adenocarcinoma","Pancreatic Adenocarcinoma","PAAD",-0.0944994699671549,FALSE,"HLX"
"ACH-000236","SW1417","Bowel","Colorectal Adenocarcinoma","Colon Adenocarcinoma","COAD",NA,FALSE,"HLX"
"ACH-000237","JHOM-1","Ovary/Fallopian Tube","Ovarian Epithelial Tumor","Mucinous Ovarian Cancer","MOV",0.239191466287137,FALSE,"HLX"
"ACH-000238","SCC-4","Head and Neck","Head and Neck Squamous Cell Carcinoma","Oral Cavity Squamous Cell Carcinoma","OCSC",-0.0180445330038874,FALSE,"HLX"
"ACH-000239","HuG1-N","Esophagus/Stomach","Esophagogastric Adenocarcinoma","Tubular Stomach Adenocarcinoma","TSTAD",-0.0488800046721696,FALSE,"HLX"
"ACH-000240","Hs 600.T","Fibroblast","Non-Cancerous","Fibroblast, Skin","",NA,FALSE,"HLX"
"ACH-000241","JK-1","Myeloid","Myeloproliferative Neoplasms","Chronic Myeloid Leukemia, BCR-ABL1+","CMLBCRABL1",NA,FALSE,"HLX"
"ACH-000242","RT4","Bladder/Urinary Tract","Bladder Urothelial Carcinoma","Bladder Urothelial Carcinoma","BLCA",0.104575886917733,FALSE,"HLX"
"ACH-000243","DAN-G","Pancreas","Pancreatic Adenocarcinoma","Pancreatic Adenocarcinoma","PAAD",-0.031365574601141,FALSE,"HLX"
"ACH-000244","DK-MG","CNS/Brain","Diffuse Glioma","Glioblastoma","GB",0.0838642909202521,FALSE,"HLX"
"ACH-000245","BL-41","Lymphoid","Mature B-Cell Neoplasms","Burkitt Lymphoma","BL",NA,FALSE,"HLX"
"ACH-000246","SLR 23","Kidney","Renal Cell Carcinoma","Renal Clear Cell Carcinoma","CCRCC",-0.0265192092011039,FALSE,"HLX"
"ACH-000247","OCUM-1","Esophagus/Stomach","Esophagogastric Adenocarcinoma","Diffuse Type Stomach Adenocarcinoma","DSTAD",-0.269497794810302,FALSE,"HLX"
"ACH-000248","AU565","Breast","Invasive Breast Carcinoma","Invasive Breast Carcinoma","BRCA",0.143095173797146,FALSE,"HLX"
"ACH-000249","CL-11","Bowel","Colorectal Adenocarcinoma","Colon Adenocarcinoma","COAD",0.0440504261244413,FALSE,"HLX"
"ACH-000250","KMRC-20","Kidney","Renal Cell Carcinoma","Renal Clear Cell Carcinoma","CCRCC",0.0641749635273833,FALSE,"HLX"
"ACH-000251","NCI-H2887","Lung","Non-Small Cell Lung Cancer","Non-Small Cell Lung Cancer","NSCLC",-0.103232515242139,FALSE,"HLX"
"ACH-000252","LS1034","Bowel","Colorectal Adenocarcinoma","Colon Adenocarcinoma","COAD",0.172156027376941,FALSE,"HLX"
"ACH-000253","COLO 201","Bowel","Colorectal Adenocarcinoma","Colon Adenocarcinoma","COAD",-0.103534511433892,FALSE,"HLX"
"ACH-000254","SCC-15","Head and Neck","Head and Neck Squamous Cell Carcinoma","Oral Cavity Squamous Cell Carcinoma","OCSC",NA,FALSE,"HLX"
"ACH-000255","LMSU","Esophagus/Stomach","Esophagogastric Adenocarcinoma","Stomach Adenocarcinoma","STAD",0.0305854914558852,FALSE,"HLX"
"ACH-000256","COV318","Ovary/Fallopian Tube","Ovarian Epithelial Tumor","High-Grade Serous Ovarian Cancer","HGSOC",-0.262050420615485,FALSE,"HLX"
"ACH-000257","COR-L279","Lung","Lung Neuroendocrine Tumor","Small Cell Lung Cancer","SCLC",-0.0148606377522232,FALSE,"HLX"
"ACH-000258","Du4475","Breast","Invasive Breast Carcinoma","Invasive Breast Carcinoma","BRCA",0.0141661756156108,FALSE,"HLX"
"ACH-000259","KELLY","Peripheral Nervous System","Neuroblastoma","Neuroblastoma","NBL",-0.0490619473326349,FALSE,"HLX"
"ACH-000260","SK-N-AS","Peripheral Nervous System","Neuroblastoma","Neuroblastoma","NBL",-0.0899431170112682,FALSE,"HLX"
"ACH-000261","RERF-LC-AI","Lung","Non-Small Cell Lung Cancer","Lung Squamous Cell Carcinoma","LUSC",-0.112532893015282,FALSE,"HLX"
"ACH-000262","UOK101","Kidney","Renal Cell Carcinoma","Renal Clear Cell Carcinoma","CCRCC",0.160267613545363,FALSE,"HLX"
"ACH-000263","KASUMI-1","Myeloid","Acute Myeloid Leukemia","Acute Myeloid Leukemia","AML",-0.0716510486314654,FALSE,"HLX"
"ACH-000264","Calu-6","Lung","Non-Small Cell Lung Cancer","Lung Adenocarcinoma","LUAD",-0.0166045901348421,FALSE,"HLX"
"ACH-000265","KP-4","Pancreas","Pancreatic Adenocarcinoma","Pancreatic Adenocarcinoma","PAAD",-0.0987503439988482,FALSE,"HLX"
"ACH-000266","SNU-213","Pancreas","Pancreatic Adenocarcinoma","Pancreatic Adenocarcinoma","PAAD",-0.0971115481726745,FALSE,"HLX"
"ACH-000267","HDLM-2","Lymphoid","Hodgkin Lymphoma","Hodgkin Lymphoma","HL",NA,FALSE,"HLX"
"ACH-000268","SNU-245","Biliary Tract","Intraductal Papillary Neoplasm of the Bile Duct","Extrahepatic Cholangiocarcinoma","EHCH",-0.0558279648445364,FALSE,"HLX"
"ACH-000269","AM-38","CNS/Brain","Diffuse Glioma","Glioblastoma","GB",0.0856458488765985,FALSE,"HLX"
"ACH-000270","HPAC","Pancreas","Pancreatic Adenocarcinoma","Pancreatic Adenocarcinoma","PAAD",NA,FALSE,"HLX"
"ACH-000271","SU-DHL-10","Lymphoid","Mature B-Cell Neoplasms","Diffuse Large B-Cell Lymphoma, NOS","DLBCLNOS",-0.0718453584401593,FALSE,"HLX"
"ACH-000272","SLR 24","Kidney","Renal Cell Carcinoma","Renal Clear Cell Carcinoma","CCRCC",0.12077020295684,FALSE,"HLX"
"ACH-000273","SF539","CNS/Brain","Diffuse Glioma","Gliosarcoma","GSARC",0.00263638904545524,FALSE,"HLX"
"ACH-000274","Hs 852.T","Skin","Melanoma","Melanoma","MEL",0.0610350157742078,FALSE,"HLX"
"ACH-000275","Hs 834.T","Fibroblast","Non-Cancerous","Fibroblast, Skin","",NA,FALSE,"HLX"
"ACH-000276","HCC38","Breast","Invasive Breast Carcinoma","Breast Invasive Ductal Carcinoma","IDC",0.136293542162153,FALSE,"HLX"
"ACH-000277","HCC1419","Breast","Invasive Breast Carcinoma","Breast Invasive Ductal Carcinoma","IDC",-0.0142152586558286,FALSE,"HLX"
"ACH-000278","COV362","Ovary/Fallopian Tube","Ovarian Epithelial Tumor","High-Grade Serous Ovarian Cancer","HGSOC",0.326602475515441,FALSE,"HLX"
"ACH-000279","EWS502","Bone","Ewing Sarcoma","Ewing Sarcoma","ES",-0.0838757554616239,FALSE,"HLX"
"ACH-000280","SNU-840","Ovary/Fallopian Tube","Ovarian Epithelial Tumor","Brenner Tumor, Malignant","BTMOV",0.242761397121442,FALSE,"HLX"
"ACH-000281","KP-2","Pancreas","Pancreatic Adenocarcinoma","Pancreatic Adenocarcinoma","PAAD",0.133723266338836,FALSE,"HLX"
"ACH-000282","NCI-H1755","Lung","Non-Small Cell Lung Cancer","Lung Adenocarcinoma","LUAD",NA,FALSE,"HLX"
"ACH-000283","A1207","CNS/Brain","Diffuse Glioma","Glioblastoma","GB",NA,FALSE,"HLX"
"ACH-000284","Hs 840.T","Fibroblast","Non-Cancerous","Fibroblast, Upper Aerodigestive","",NA,FALSE,"HLX"
"ACH-000285","Toledo","Lymphoid","Mature B-Cell Neoplasms","Diffuse Large B-Cell Lymphoma, NOS","DLBCLNOS",NA,FALSE,"HLX"
"ACH-000286","SNU-1033","Bowel","Colorectal Adenocarcinoma","Rectal Adenocarcinoma","READ",-0.043586731899763,FALSE,"HLX"
"ACH-000287","NU-DUL-1","Lymphoid","Mature B-Cell Neoplasms","Activated B-cell Type","ABC",NA,FALSE,"HLX"
"ACH-000288","BT-549","Breast","Invasive Breast Carcinoma","Breast Invasive Carcinoma, NOS","BRCNOS",0.0747705079810648,FALSE,"HLX"
"ACH-000289","SNU-466","CNS/Brain","Diffuse Glioma","Glioblastoma","GB",NA,FALSE,"HLX"
"ACH-000290","NCI-H209","Lung","Lung Neuroendocrine Tumor","Small Cell Lung Cancer","SCLC",-0.00770807857841604,FALSE,"HLX"
"ACH-000291","OV-90","Ovary/Fallopian Tube","Ovarian Epithelial Tumor","Serous Ovarian Cancer","SOC",-0.0294000477176648,FALSE,"HLX"
"ACH-000292","NCI-H841","Lung","SMARCA4-deficient undifferentiated tumor","SMARCA4-deficient undifferentiated tumor","",-0.0712038411245477,FALSE,"HLX"
"ACH-000293","KLE","Uterus","Endometrial Carcinoma","Endometrial Carcinoma","UCEC",0.0122260225699186,FALSE,"HLX"
"ACH-000294","NB-4","Myeloid","Acute Myeloid Leukemia","Acute Myeloid Leukemia","AML",-0.25158191969323,FALSE,"HLX"
"ACH-000295","EM-2","Myeloid","Myeloproliferative Neoplasms","Chronic Myeloid Leukemia, BCR-ABL1+","CMLBCRABL1",-0.086236558464482,FALSE,"HLX"
"ACH-000296","OUMS-23","Bowel","Colorectal Adenocarcinoma","Colon Adenocarcinoma","COAD",-0.295573988471446,FALSE,"HLX"
"ACH-000297","NCI-H889","Lung","Lung Neuroendocrine Tumor","Small Cell Lung Cancer","SCLC",NA,FALSE,"HLX"
"ACH-000298","NCI-H2029","Lung","Lung Neuroendocrine Tumor","Small Cell Lung Cancer","SCLC",NA,FALSE,"HLX"
"ACH-000299","HNT-34","Myeloid","Acute Myeloid Leukemia","Acute Myeloid Leukemia","AML",NA,FALSE,"HLX"
"ACH-000300","SLR 25","Kidney","Renal Cell Carcinoma","Renal Clear Cell Carcinoma","CCRCC",NA,FALSE,"HLX"
"ACH-000301","LAMA-84","Myeloid","Myeloproliferative Neoplasms","Chronic Myeloid Leukemia, BCR-ABL1+","CMLBCRABL1",NA,FALSE,"HLX"
"ACH-000302","SNU-1077","Uterus","Endometrial Carcinoma","Uterine Carcinosarcoma/Uterine Malignant Mixed Mullerian Tumor","UCS",-0.188861635454918,FALSE,"HLX"
"ACH-000303","SNU-5","Esophagus/Stomach","Esophagogastric Adenocarcinoma","Stomach Adenocarcinoma","STAD",0.058227143464683,FALSE,"HLX"
"ACH-000304","WM-115","Skin","Melanoma","Melanoma","MEL",-0.198813648938107,FALSE,"HLX"
"ACH-000305","EC-GI-10","Esophagus/Stomach","Esophageal Squamous Cell Carcinoma","Esophageal Squamous Cell Carcinoma","ESCC",-0.102853472342183,FALSE,"HLX"
"ACH-000306","Hs 688(A).T","Fibroblast","Non-Cancerous","Fibroblast, Skin","",NA,FALSE,"HLX"
"ACH-000307","PK-1","Pancreas","Pancreatic Adenocarcinoma","Pancreatic Adenocarcinoma","PAAD",0.0309788818328031,FALSE,"HLX"
"ACH-000308","EFO-21","Ovary/Fallopian Tube","Ovarian Epithelial Tumor","Serous Ovarian Cancer","SOC",0.187149321407582,FALSE,"HLX"
"ACH-000309","SK-LU-1","Lung","Non-Small Cell Lung Cancer","Lung Adenocarcinoma","LUAD",NA,FALSE,"HLX"
"ACH-000310","IMR-32","Peripheral Nervous System","Neuroblastoma","Neuroblastoma","NBL",-0.0198896829311798,FALSE,"HLX"
"ACH-000311","NCI-H2122","Lung","Non-Small Cell Lung Cancer","Lung Adenocarcinoma","LUAD",-0.0695783051127046,FALSE,"HLX"
"ACH-000312","SK-N-BE(2)","Peripheral Nervous System","Neuroblastoma","Neuroblastoma","NBL",0.0889441326011552,FALSE,"HLX"
"ACH-000313","KMRC-3","Kidney","Renal Cell Carcinoma","Renal Clear Cell Carcinoma","CCRCC",-0.132892859162932,FALSE,"HLX"
"ACH-000314","HCC-2108","Lung","Non-Small Cell Lung Cancer","Lung Adenocarcinoma","LUAD",NA,FALSE,"HLX"
"ACH-000315","KARPAS-422","Lymphoid","Mature B-Cell Neoplasms","Diffuse Large B-Cell Lymphoma, NOS","DLBCLNOS",0.0612285911340666,FALSE,"HLX"
"ACH-000316","SNU-886","Liver","Hepatocellular Carcinoma","Hepatocellular Carcinoma","HCC",-0.136193544223186,FALSE,"HLX"
"ACH-000317","TUHR14TKB","Kidney","Renal Cell Carcinoma","Renal Cell Carcinoma","RCC",0.0188550623677102,FALSE,"HLX"
"ACH-000318","TE-10","Esophagus/Stomach","Esophageal Squamous Cell Carcinoma","Esophageal Squamous Cell Carcinoma","ESCC",-0.24144223401624,FALSE,"HLX"
"ACH-000319","MPP 89","Pleura","Pleural Mesothelioma","Pleural Mesothelioma, Epithelioid Type","PLEMESO",0.0522604957582115,FALSE,"HLX"
"ACH-000320","PSN1","Pancreas","Pancreatic Adenocarcinoma","Pancreatic Adenocarcinoma","PAAD",0.0608495496227579,FALSE,"HLX"
"ACH-000321","MOLM-6","Myeloid","Myeloproliferative Neoplasms","Chronic Myeloid Leukemia, BCR-ABL1+","CMLBCRABL1",NA,FALSE,"HLX"
"ACH-000322","HT-144","Skin","Melanoma","Melanoma","MEL",-0.019513878421463,FALSE,"HLX"
"ACH-000323","42-MG-BA","CNS/Brain","Diffuse Glioma","Glioblastoma","GB",-0.100926391602707,FALSE,"HLX"
"ACH-000324","JHOC-5","Ovary/Fallopian Tube","Ovarian Epithelial Tumor","Clear Cell Ovarian Cancer","CCOV",0.131677393168768,FALSE,"HLX"
"ACH-000325","SNU-620","Esophagus/Stomach","Esophagogastric Adenocarcinoma","Stomach Adenocarcinoma","STAD",-0.181436825570569,FALSE,"HLX"
"ACH-000326","JURL-MK1","Myeloid","Myeloproliferative Neoplasms","Chronic Myeloid Leukemia, BCR-ABL1+","CMLBCRABL1",0.0396140671230412,FALSE,"HLX"
"ACH-000327","NCI-H1395","Lung","Non-Small Cell Lung Cancer","Lung Adenocarcinoma","LUAD",NA,FALSE,"HLX"
"ACH-000328","LN-215","CNS/Brain","Diffuse Glioma","Glioblastoma","GB",NA,FALSE,"HLX"
"ACH-000329","CCF-STTG1","CNS/Brain","Diffuse Glioma","Astrocytoma","ASTR",0.0447791388708802,FALSE,"HLX"
"ACH-000330","EFM-19","Breast","Invasive Breast Carcinoma","Breast Invasive Ductal Carcinoma","IDC",0.0544466713501082,FALSE,"HLX"
"ACH-000331","IST-MES2","Pleura","Pleural Mesothelioma","Pleural Mesothelioma, Epithelioid Type","PLEMESO",-0.027798636325908,FALSE,"HLX"
"ACH-000332","YAPC","Pancreas","Pancreatic Adenocarcinoma","Pancreatic Adenocarcinoma","PAAD",-0.00714534885486429,FALSE,"HLX"
"ACH-000333","JHOM-2B","Ovary/Fallopian Tube","Ovarian Epithelial Tumor","Mucinous Ovarian Cancer","MOV",NA,FALSE,"HLX"
"ACH-000334","DB","Lymphoid","Mature B-Cell Neoplasms","Diffuse Large B-Cell Lymphoma, NOS","DLBCLNOS",-0.0799528867956608,FALSE,"HLX"
"ACH-000335","MSTO-211H","Pleura","Pleural Mesothelioma","Pleural Mesothelioma, Biphasic Type","PLBMESO",0.11484274237915,FALSE,"HLX"
"ACH-000336","OCI-AML3","Myeloid","Acute Myeloid Leukemia","Acute Myeloid Leukemia","AML",0.0131961081166105,FALSE,"HLX"
"ACH-000337","NCI-H3122","Lung","Non-Small Cell Lung Cancer","Lung Adenocarcinoma","LUAD",-0.124187794577505,FALSE,"HLX"
"ACH-000338","SR-786","Lymphoid","Mature T and NK Neoplasms","Anaplastic Large-Cell Lymphoma ALK Positive","ALCLALKP",-0.10469530001515,FALSE,"HLX"
"ACH-000339","HCC-461","Lung","Non-Small Cell Lung Cancer","Lung Adenocarcinoma","LUAD",-0.273622814025086,FALSE,"HLX"
"ACH-000340","Hs 870.T","Fibroblast","Non-Cancerous","Fibroblast, Bone","",NA,FALSE,"HLX"
"ACH-000341","SK-N-FI","Peripheral Nervous System","Neuroblastoma","Neuroblastoma","NBL",-0.000968452573269574,FALSE,"HLX"
"ACH-000342","CL-14","Bowel","Colorectal Adenocarcinoma","Colon Adenocarcinoma","COAD",NA,FALSE,"HLX"
"ACH-000343","NCI-H522","Lung","Non-Small Cell Lung Cancer","Lung Adenocarcinoma","LUAD",-0.0413128391022884,FALSE,"HLX"
"ACH-000344","SNU-668","Esophagus/Stomach","Esophagogastric Adenocarcinoma","Diffuse Type Stomach Adenocarcinoma","DSTAD",0.112151506723295,FALSE,"HLX"
"ACH-000345","KP-N-RT-BM-1","Peripheral Nervous System","Neuroblastoma","Neuroblastoma","NBL",-0.0591929383307817,FALSE,"HLX"
"ACH-000346","JVM-3","Lymphoid","Mature B-Cell Neoplasms","B-Cell Prolymphocytic Leukemia","BPLL",-0.155741589700495,FALSE,"HLX"
"ACH-000347","QGP-1","Pancreas","Pancreatic Neuroendocrine Tumor","Pancreatic Neuroendocrine Tumor","PANET",NA,FALSE,"HLX"
"ACH-000348","RPMI-7951","Skin","Melanoma","Melanoma","MEL",0.0435486656752906,FALSE,"HLX"
"ACH-000349","HCC1500","Breast","Breast Ductal Carcinoma In Situ","Breast Ductal Carcinoma In Situ","DCIS",NA,FALSE,"HLX"
"ACH-000350","COLO-678","Bowel","Colorectal Adenocarcinoma","Colon Adenocarcinoma","COAD",-0.110479851920756,FALSE,"HLX"
"ACH-000351","MKN1","Esophagus/Stomach","Esophagogastric Adenocarcinoma","Adenosquamous Carcinoma of the Stomach","STAS",NA,FALSE,"HLX"
"ACH-000352","HCC1428","Breast","Invasive Breast Carcinoma","Invasive Breast Carcinoma","BRCA",-0.0810828139865588,FALSE,"HLX"
"ACH-000353","TE-15","Esophagus/Stomach","Esophageal Squamous Cell Carcinoma","Esophageal Squamous Cell Carcinoma","ESCC",NA,FALSE,"HLX"
"ACH-000354","Capan-1","Pancreas","Pancreatic Adenocarcinoma","Pancreatic Adenocarcinoma","PAAD",-0.0615141850822854,FALSE,"HLX"
"ACH-000355","NCI-H82","Lung","Lung Neuroendocrine Tumor","Small Cell Lung Cancer","SCLC",-0.230394321943767,FALSE,"HLX"
"ACH-000356","MKN-45","Esophagus/Stomach","Esophagogastric Adenocarcinoma","Diffuse Type Stomach Adenocarcinoma","DSTAD",0.192297954628687,FALSE,"HLX"
"ACH-000357","JeKo-1","Lymphoid","Mature B-Cell Neoplasms","Mantle Cell Lymphoma","MCL",NA,FALSE,"HLX"
"ACH-000358","NCI-H69","Lung","Lung Neuroendocrine Tumor","Small Cell Lung Cancer","SCLC",NA,FALSE,"HLX"
"ACH-000359","MG-63","Bone","Osteosarcoma","Osteosarcoma","OS",0.0063312402492691,FALSE,"HLX"
"ACH-000360","NCI-H508","Bowel","Colorectal Adenocarcinoma","Colon Adenocarcinoma","COAD",NA,FALSE,"HLX"
"ACH-000361","SK-HEP-1","Liver","Hepatocellular Carcinoma","Hepatocellular Carcinoma","HCC",-0.175469394671086,FALSE,"HLX"
"ACH-000362","MOLM-13","Myeloid","Acute Myeloid Leukemia","Acute Myeloid Leukemia","AML",-0.116535044701133,FALSE,"HLX"
"ACH-000363","SK-MM-2","Lymphoid","Mature B-Cell Neoplasms","Plasma Cell Myeloma","PCM",0.0109837696786181,FALSE,"HLX"
"ACH-000364","U-2 OS","Bone","Osteosarcoma","Osteosarcoma","OS",-0.00262579697122824,FALSE,"HLX"
"ACH-000365","SU-DHL-4","Lymphoid","Mature B-Cell Neoplasms","Diffuse Large B-Cell Lymphoma, NOS","DLBCLNOS",-0.190101978797775,FALSE,"HLX"
"ACH-000366","SK-N-DZ","Peripheral Nervous System","Neuroblastoma","Neuroblastoma","NBL",-0.0145034608328073,FALSE,"HLX"
"ACH-000367","NCI-H226","Pleura","Pleural Mesothelioma","Pleural Mesothelioma, Epithelioid Type","PLEMESO",0.0603418885287328,FALSE,"HLX"
"ACH-000368","SNU-1105","CNS/Brain","Diffuse Glioma","Glioblastoma","GB",-0.146028418171292,FALSE,"HLX"
"ACH-000369","MOLM-16","Myeloid","Acute Myeloid Leukemia","Acute Myeloid Leukemia","AML",NA,FALSE,"HLX"
"ACH-000370","SNU-626","CNS/Brain","Diffuse Glioma","Glioblastoma","GB",-0.0415280746415428,FALSE,"HLX"
"ACH-000371","RL","Lymphoid","Mature B-Cell Neoplasms","Diffuse Large B-Cell Lymphoma, NOS","DLBCLNOS",-0.168169222093587,FALSE,"HLX"
"ACH-000372","P12-ICHIKAWA","Lymphoid","T-Lymphoblastic Leukemia/Lymphoma","T-Lymphoblastic Leukemia/Lymphoma","TLL",NA,FALSE,"HLX"
"ACH-000373","SKM-1","Myeloid","Acute Myeloid Leukemia","Acute Myeloid Leukemia","AML",-0.146911389012453,FALSE,"HLX"
"ACH-000374","HCC1143","Breast","Invasive Breast Carcinoma","Breast Invasive Ductal Carcinoma","IDC",-0.0187025831111069,FALSE,"HLX"
"ACH-000375","G-402","Kidney","Renal Cell Carcinoma","Renal Cell Carcinoma","RCC",0.107706923194405,FALSE,"HLX"
"ACH-000376","SF-295","CNS/Brain","Diffuse Glioma","Glioblastoma","GB",0.0237392098876752,FALSE,"HLX"
"ACH-000377","SNU-478","Ampulla of Vater","Ampullary Carcinoma","Ampullary Carcinoma","AMPCA",0.0234743427679576,FALSE,"HLX"
"ACH-000378","NCI-H647","Lung","Non-Small Cell Lung Cancer","Lung Adenosquamous Carcinoma","LUAS",0.0215585591961326,FALSE,"HLX"
"ACH-000379","NCI-H1781","Lung","Non-Small Cell Lung Cancer","Lung Adenocarcinoma","LUAD",NA,FALSE,"HLX"
"ACH-000380","KMS-12-BM","Lymphoid","Mature B-Cell Neoplasms","Plasma Cell Myeloma","PCM",NA,FALSE,"HLX"
"ACH-000381","T84","Bowel","Colorectal Adenocarcinoma","Colon Adenocarcinoma","COAD",-0.0857380055981939,FALSE,"HLX"
"ACH-000382","COR-L24","Lung","Lung Neuroendocrine Tumor","Small Cell Lung Cancer","SCLC",NA,FALSE,"HLX"
"ACH-000383","OE33","Esophagus/Stomach","Esophagogastric Adenocarcinoma","Esophageal Adenocarcinoma","ESCA",0.0354759049841591,FALSE,"HLX"
"ACH-000384","SW 780","Bladder/Urinary Tract","Bladder Urothelial Carcinoma","Bladder Urothelial Carcinoma","BLCA",NA,FALSE,"HLX"
"ACH-000385","SK-RC-52","Kidney","Renal Cell Carcinoma","Renal Cell Carcinoma","RCC",-0.0642044309189652,FALSE,"HLX"
"ACH-000386","KG-1","Myeloid","Acute Myeloid Leukemia","Acute Myeloid Leukemia","AML",NA,FALSE,"HLX"
"ACH-000387","TF-1","Myeloid","Acute Myeloid Leukemia","Acute Myeloid Leukemia","AML",-0.0106599787565284,FALSE,"HLX"
"ACH-000388","NU-DHL-1","Lymphoid","Mature B-Cell Neoplasms","Diffuse Large B-Cell Lymphoma, NOS","DLBCLNOS",NA,FALSE,"HLX"
"ACH-000389","H4","CNS/Brain","Diffuse Glioma","Astrocytoma","ASTR",-0.0392391593640293,FALSE,"HLX"
"ACH-000390","LUDLU-1","Lung","Non-Small Cell Lung Cancer","Lung Squamous Cell Carcinoma","LUSC",0.21537805860827,FALSE,"HLX"
"ACH-000391","MHH-ES-1","Bone","Ewing Sarcoma","Ewing Sarcoma","ES",-0.0179168171431179,FALSE,"HLX"
"ACH-000392","Calu-3","Lung","Non-Small Cell Lung Cancer","Lung Adenocarcinoma","LUAD",NA,FALSE,"HLX"
"ACH-000393","HLF","Liver","Hepatocellular Carcinoma","Hepatocellular Carcinoma","HCC",0.0244031946343386,FALSE,"HLX"
"ACH-000394","NCI-H2081","Lung","Lung Neuroendocrine Tumor","Small Cell Lung Cancer","SCLC",NA,FALSE,"HLX"
"ACH-000395","NCI-H520","Lung","Non-Small Cell Lung Cancer","Lung Squamous Cell Carcinoma","LUSC",0.0939986985871671,FALSE,"HLX"
"ACH-000396","J82","Bladder/Urinary Tract","Bladder Urothelial Carcinoma","Bladder Urothelial Carcinoma","BLCA",0.285926439674685,FALSE,"HLX"
"ACH-000397","TEN","Uterus","Endometrial Carcinoma","Uterine Clear Cell Carcinoma","UCCC",-0.102622446328856,FALSE,"HLX"
"ACH-000398","RI-1","Lymphoid","Mature B-Cell Neoplasms","Activated B-cell Type","ABC",0.173233642357395,FALSE,"HLX"
"ACH-000399","NCI-H2196","Lung","Lung Neuroendocrine Tumor","Small Cell Lung Cancer","SCLC",NA,FALSE,"HLX"
"ACH-000400","SK-CO-1","Bowel","Colorectal Adenocarcinoma","Colon Adenocarcinoma","COAD",NA,FALSE,"HLX"
"ACH-000401","COLO-800","Skin","Melanoma","Cutaneous Melanoma","SKCM",0.00461486541717777,FALSE,"HLX"
"ACH-000402","BL-70","Lymphoid","Mature B-Cell Neoplasms","Burkitt Lymphoma","BL",0.013451466579783,FALSE,"HLX"
"ACH-000403","NCI-H747","Bowel","Colorectal Adenocarcinoma","Colon Adenocarcinoma","COAD",0.0815390381172661,FALSE,"HLX"
"ACH-000404","K029AX","Skin","Melanoma","Cutaneous Melanoma","SKCM",0.0234135834373074,FALSE,"HLX"
"ACH-000405","MEC-1","Lymphoid","Mature B-Cell Neoplasms","Chronic Lymphocytic Leukemia/Small Lymphocytic Lymphoma","CLLSLL",-0.113761637161637,FALSE,"HLX"
"ACH-000406","U-937","Myeloid","Acute Myeloid Leukemia","Acute Myeloid Leukemia","AML",-0.0519380666537322,FALSE,"HLX"
"ACH-000407","SNU-685","Uterus","Endometrial Carcinoma","Uterine Carcinosarcoma/Uterine Malignant Mixed Mullerian Tumor","UCS",-0.107461740161023,FALSE,"HLX"
"ACH-000408","TE-5","Esophagus/Stomach","Esophageal Squamous Cell Carcinoma","Esophageal Squamous Cell Carcinoma","ESCC",0.0918222798306848,FALSE,"HLX"
"ACH-000409","OVSAHO","Ovary/Fallopian Tube","Ovarian Epithelial Tumor","High-Grade Serous Ovarian Cancer","HGSOC",NA,FALSE,"HLX"
"ACH-000410","Saos-2","Bone","Osteosarcoma","Osteosarcoma","OS",-0.0305653734056391,FALSE,"HLX"
"ACH-000411","769-P","Kidney","Renal Cell Carcinoma","Renal Clear Cell Carcinoma","CCRCC",-0.0125317539072879,FALSE,"HLX"
"ACH-000412","SNU-1197","Bowel","Colorectal Adenocarcinoma","Colon Adenocarcinoma","COAD",NA,FALSE,"HLX"
"ACH-000413","Hs 739.T","Fibroblast","Non-Cancerous","Fibroblast, Breast","",NA,FALSE,"HLX"
"ACH-000414","NCI-H1944","Lung","Non-Small Cell Lung Cancer","Lung Adenocarcinoma","LUAD",-0.0146877672260921,FALSE,"HLX"
"ACH-000415","BICR 6","Head and Neck","Head and Neck Squamous Cell Carcinoma","Hypopharynx Squamous Cell Carcinoma","HPHSC",0.0233286923315626,FALSE,"HLX"
"ACH-000416","NCI-H838","Lung","Non-Small Cell Lung Cancer","Lung Adenocarcinoma","LUAD",-0.0136691711373536,FALSE,"HLX"
"ACH-000417","Panc 08.13","Pancreas","Pancreatic Adenocarcinoma","Pancreatic Adenocarcinoma","PAAD",0.0576116300554954,FALSE,"HLX"
"ACH-000418","SW 1353","Bone","Chondrosarcoma","Chondrosarcoma","CHS",NA,FALSE,"HLX"
"ACH-000419","KMS-28BM","Lymphoid","Mature B-Cell Neoplasms","Plasma Cell Myeloma","PCM",NA,FALSE,"HLX"
"ACH-000420","SNU-449","Liver","Hepatocellular Carcinoma","Hepatocellular Carcinoma","HCC",0.0514663123384454,FALSE,"HLX"
"ACH-000421","SW837","Bowel","Colorectal Adenocarcinoma","Rectal Adenocarcinoma","READ",-0.0354043281409804,FALSE,"HLX"
"ACH-000422","SNU-475","Liver","Hepatocellular Carcinoma","Hepatocellular Carcinoma","HCC",-0.077034026328736,FALSE,"HLX"
"ACH-000423","SK-MEL-3","Skin","Melanoma","Cutaneous Melanoma","SKCM",NA,FALSE,"HLX"
"ACH-000424","TC-71","Bone","Ewing Sarcoma","Ewing Sarcoma","ES",-0.0705525853107238,FALSE,"HLX"
"ACH-000425","UACC-62","Skin","Melanoma","Melanoma","MEL",-0.111891906515907,FALSE,"HLX"
"ACH-000426","KMS-20","Lymphoid","Mature B-Cell Neoplasms","Plasma Cell Myeloma","PCM",-0.00263654146239021,FALSE,"HLX"
"ACH-000427","NCI-N87","Esophagus/Stomach","Esophagogastric Adenocarcinoma","Tubular Stomach Adenocarcinoma","TSTAD",-0.100506006323265,FALSE,"HLX"
"ACH-000428","UO-31","Kidney","Renal Cell Carcinoma","Renal Cell Carcinoma","RCC",NA,FALSE,"HLX"
"ACH-000429","A-704","Kidney","Renal Cell Carcinoma","Renal Cell Carcinoma","RCC",NA,FALSE,"HLX"
"ACH-000430","TYK-nu","Ovary/Fallopian Tube","Ovarian Epithelial Tumor","High-Grade Serous Ovarian Cancer","HGSOC",-0.104869796442438,FALSE,"HLX"
"ACH-000431","NCI-H1694","Lung","Lung Neuroendocrine Tumor","Small Cell Lung Cancer","SCLC",0.0995510290673427,FALSE,"HLX"
"ACH-000432","BV-173","Myeloid","Myeloproliferative Neoplasms","Chronic Myeloid Leukemia, BCR-ABL1+","CMLBCRABL1",NA,FALSE,"HLX"
"ACH-000433","Caki-1","Kidney","Renal Cell Carcinoma","Renal Clear Cell Carcinoma","CCRCC",0.122114142905926,FALSE,"HLX"
"ACH-000434","NCI-H1915","Lung","Non-Small Cell Lung Cancer","Large Cell Lung Carcinoma","LCLC",0.137621805402758,FALSE,"HLX"
"ACH-000435","EFE-184","Uterus","Endometrial Carcinoma","Endometrial Carcinoma","UCEC",-0.0147047917438341,FALSE,"HLX"
"ACH-000436","OCI-My7","Lymphoid","Mature B-Cell Neoplasms","Plasma Cell Myeloma","PCM",0.245307660188949,FALSE,"HLX"
"ACH-000437","SW 1088","CNS/Brain","Diffuse Glioma","Astrocytoma","ASTR",-0.16344276131212,FALSE,"HLX"
"ACH-000438","Lu-65","Lung","Non-Small Cell Lung Cancer","Giant Cell Carcinoma of the Lung","GCLC",-0.281262656893091,FALSE,"HLX"
"ACH-000439","ME-1","Myeloid","Acute Myeloid Leukemia","Acute Myeloid Leukemia","AML",NA,FALSE,"HLX"
"ACH-000440","CA46","Lymphoid","Mature B-Cell Neoplasms","Burkitt Lymphoma","BL",NA,FALSE,"HLX"
"ACH-000441","SH-4","Skin","Melanoma","Melanoma","MEL",-0.0295841625296015,FALSE,"HLX"
"ACH-000442","RERF-LC-Sq1","Lung","Non-Small Cell Lung Cancer","Lung Squamous Cell Carcinoma","LUSC",-0.151848682529615,FALSE,"HLX"
"ACH-000443","OVKATE","Ovary/Fallopian Tube","Ovarian Epithelial Tumor","High-Grade Serous Ovarian Cancer","HGSOC",NA,FALSE,"HLX"
"ACH-000444","LU99","Lung","Non-Small Cell Lung Cancer","Giant Cell Carcinoma of the Lung","GCLC",0.100564308855535,FALSE,"HLX"
"ACH-000445","KNS-60","CNS/Brain","Diffuse Glioma","Glioblastoma","GB",-0.113254305520872,FALSE,"HLX"
"ACH-000446","KP-N-SI9s","Peripheral Nervous System","Neuroblastoma","Neuroblastoma","NBL",-0.110674246305543,FALSE,"HLX"
"ACH-000447","NCI-H2228","Lung","Non-Small Cell Lung Cancer","Lung Adenocarcinoma","LUAD",NA,FALSE,"HLX"
"ACH-000448","NCI-H1666","Lung","Non-Small Cell Lung Cancer","Lung Adenocarcinoma","LUAD",0.120000067733098,FALSE,"HLX"
"ACH-000449","MES-SA","Uterus","Uterine Sarcoma/Mesenchymal","Uterine Sarcoma/Mesenchymal","USARC",NA,FALSE,"HLX"
"ACH-000450","MEL-HO","Skin","Melanoma","Melanoma","MEL",-0.0235373821588233,FALSE,"HLX"
"ACH-000451","NCI-H2085","Lung","Non-Small Cell Lung Cancer","Lung Adenocarcinoma","LUAD",NA,FALSE,"HLX"
"ACH-000452","TE-8","Esophagus/Stomach","Esophageal Squamous Cell Carcinoma","Esophageal Squamous Cell Carcinoma","ESCC",-0.0172928154138649,FALSE,"HLX"
"ACH-000453","MOLP-2","Lymphoid","Mature B-Cell Neoplasms","Plasma Cell Myeloma","PCM",NA,FALSE,"HLX"
"ACH-000454","HCC-95","Lung","Non-Small Cell Lung Cancer","Lung Squamous Cell Carcinoma","LUSC",0.130573312842607,FALSE,"HLX"
"ACH-000455","LN-428","CNS/Brain","Diffuse Glioma","Glioblastoma","GB",0.0147990164278778,FALSE,"HLX"
"ACH-000456","B-CPAP","Thyroid","Poorly Differentiated Thyroid Cancer","Poorly Differentiated Thyroid Cancer","THPD",-0.108337107479875,FALSE,"HLX"
"ACH-000457","CAL-54","Kidney","Renal Cell Carcinoma","Renal Cell Carcinoma","RCC",NA,FALSE,"HLX"
"ACH-000458","CJM","Skin","Melanoma","Melanoma","MEL",-0.0727120152603309,FALSE,"HLX"
"ACH-000459","TUHR10TKB","Kidney","Renal Cell Carcinoma","Renal Clear Cell Carcinoma","CCRCC",0.207377718204556,FALSE,"HLX"
"ACH-000460","SNU-8","Ovary/Fallopian Tube","Ovarian Epithelial Tumor","Serous Ovarian Cancer","SOC",-0.104399727788794,FALSE,"HLX"
"ACH-000461","SNU-1196","Biliary Tract","Intraductal Papillary Neoplasm of the Bile Duct","Extrahepatic Cholangiocarcinoma","EHCH",-0.0909442307946064,FALSE,"HLX"
"ACH-000462","NALM-1","Myeloid","Myeloproliferative Neoplasms","Chronic Myeloid Leukemia, BCR-ABL1+","CMLBCRABL1",NA,FALSE,"HLX"
"ACH-000463","NCI-H460","Lung","Non-Small Cell Lung Cancer","Large Cell Lung Carcinoma","LCLC",0.103284104623681,FALSE,"HLX"
"ACH-000464","CAS-1","CNS/Brain","Diffuse Glioma","Glioblastoma","GB",0.0813073409583634,FALSE,"HLX"
"ACH-000465","SK-MEL-1","Skin","Melanoma","Melanoma","MEL",NA,FALSE,"HLX"
"ACH-000466","SNU-216","Esophagus/Stomach","Esophagogastric Adenocarcinoma","Tubular Stomach Adenocarcinoma","TSTAD",-0.163526309578403,FALSE,"HLX"
"ACH-000467","HCC-56","Bowel","Colorectal Adenocarcinoma","Colon Adenocarcinoma","COAD",-0.0545358375330408,FALSE,"HLX"
"ACH-000468","PK-45H","Pancreas","Pancreatic Adenocarcinoma","Pancreatic Adenocarcinoma","PAAD",-0.112152100598154,FALSE,"HLX"
"ACH-000469","YH-13","CNS/Brain","Diffuse Glioma","Glioblastoma","GB",-0.115250096493973,FALSE,"HLX"
"ACH-000470","SW1463","Bowel","Colorectal Adenocarcinoma","Rectal Adenocarcinoma","READ",0.10727332575348,FALSE,"HLX"
"ACH-000471","Li-7","Liver","Hepatocellular Carcinoma","Hepatocellular Carcinoma","HCC",-0.0983709625210802,FALSE,"HLX"
"ACH-000472","HSC-2","Head and Neck","Head and Neck Squamous Cell Carcinoma","Oral Cavity Squamous Cell Carcinoma","OCSC",-0.0987990940008872,FALSE,"HLX"
"ACH-000473","RT-112","Bladder/Urinary Tract","Bladder Urothelial Carcinoma","Bladder Urothelial Carcinoma","BLCA",-0.0801862370535834,FALSE,"HLX"
"ACH-000475","huH-1","Liver","Hepatocellular Carcinoma","Hepatocellular Carcinoma","HCC",-0.0552392788332494,FALSE,"HLX"
"ACH-000476","JHH-4","Liver","Hepatocellular Carcinoma","Hepatocellular Carcinoma","HCC",0.117882582741081,FALSE,"HLX"
"ACH-000477","Malme-3M","Skin","Melanoma","Melanoma","MEL",0.096425793507103,FALSE,"HLX"
"ACH-000478","SNU-387","Liver","Hepatocellular Carcinoma","Hepatocellular Carcinoma","HCC",-0.136246529043568,FALSE,"HLX"
"ACH-000479","KNS-81","CNS/Brain","Diffuse Glioma","Glioblastoma","GB",0.24329773319451,FALSE,"HLX"
"ACH-000480","HuH-7","Liver","Hepatocellular Carcinoma","Hepatocellular Carcinoma","HCC",0.120069841618134,FALSE,"HLX"
"ACH-000481","NCI-H2170","Lung","Non-Small Cell Lung Cancer","Lung Squamous Cell Carcinoma","LUSC",0.0971234906108279,FALSE,"HLX"
"ACH-000482","RERF-LC-KJ","Lung","Non-Small Cell Lung Cancer","Lung Adenocarcinoma","LUAD",NA,FALSE,"HLX"
"ACH-000483","SNU-182","Liver","Hepatocellular Carcinoma","Hepatocellular Carcinoma","HCC",0.102721394644983,FALSE,"HLX"
"ACH-000484","VMRC-RCW","Kidney","Renal Cell Carcinoma","Renal Cell Carcinoma","RCC",0.0269457975379509,FALSE,"HLX"
"ACH-000485","GSU","Esophagus/Stomach","Esophagogastric Adenocarcinoma","Stomach Adenocarcinoma","STAD",-0.101345044291947,FALSE,"HLX"
"ACH-000486","KU-19-19","Bladder/Urinary Tract","Bladder Urothelial Carcinoma","Bladder Urothelial Carcinoma","BLCA",0.00151228242064497,FALSE,"HLX"
"ACH-000487","F-36P","Myeloid","Myelodysplastic Syndromes","Myelodysplastic Syndromes","MDS",-0.0140188280648089,FALSE,"HLX"
"ACH-000488","TE-11","Esophagus/Stomach","Esophageal Squamous Cell Carcinoma","Esophageal Squamous Cell Carcinoma","ESCC",-0.0621448028596009,FALSE,"HLX"
"ACH-000489","SW1116","Bowel","Colorectal Adenocarcinoma","Colon Adenocarcinoma","COAD",-0.0574061545363645,FALSE,"HLX"
"ACH-000490","SF767","Cervix","Cervical Squamous Cell Carcinoma","Cervical Squamous Cell Carcinoma","CESC",0.072674267982252,FALSE,"HLX"
"ACH-000491","NCI-H716","Bowel","Colorectal Adenocarcinoma","Colon Adenocarcinoma","COAD",-0.117609553708017,FALSE,"HLX"
"ACH-000492","MUTZ-5","Lymphoid","B-Lymphoblastic Leukemia/Lymphoma","B-Lymphoblastic Leukemia/Lymphoma, BCR-ABL1 Like","BLLBCRABL1L",NA,FALSE,"HLX"
"ACH-000493","SNU-423","Liver","Hepatocellular Carcinoma","Hepatocellular Carcinoma","HCC",-0.052806160392963,FALSE,"HLX"
"ACH-000494","OELE","Ovary/Fallopian Tube","Non-Cancerous","Immortalized Ovarian Cells","",NA,FALSE,"HLX"
"ACH-000495","TUHR4TKB","Kidney","Renal Cell Carcinoma","Renal Cell Carcinoma","RCC",-0.090738717376641,FALSE,"HLX"
"ACH-000496","NCI-H1792","Lung","Non-Small Cell Lung Cancer","Lung Adenocarcinoma","LUAD",-0.143397612427382,FALSE,"HLX"
"ACH-000498","KO52","Myeloid","Acute Myeloid Leukemia","Acute Myeloid Leukemia","AML",-0.019927784681546,FALSE,"HLX"
"ACH-000499","EW8","Bone","Ewing Sarcoma","Ewing Sarcoma","ES",-0.0965064615602036,FALSE,"HLX"
"ACH-000500","SNU-46","Head and Neck","Head and Neck Squamous Cell Carcinoma","Larynx Squamous Cell Carcinoma","LXSC",-0.0759704202539795,FALSE,"HLX"
"ACH-000501","LS123","Bowel","Colorectal Adenocarcinoma","Colon Adenocarcinoma","COAD",0.134244715212986,FALSE,"HLX"
"ACH-000502","TCC-PAN2","Pancreas","Pancreatic Adenocarcinoma","Pancreatic Adenocarcinoma","PAAD",-0.0566870617460645,FALSE,"HLX"
"ACH-000503","BICR 16","Head and Neck","Head and Neck Squamous Cell Carcinoma","Oral Cavity Squamous Cell Carcinoma","OCSC",-0.0635299577245644,FALSE,"HLX"
"ACH-000504","SNB75","CNS/Brain","Diffuse Glioma","Glioblastoma","GB",-0.0474575368904165,FALSE,"HLX"
"ACH-000505","RKN","Soft Tissue","Leiomyosarcoma","Leiomyosarcoma","LMS",-0.110868622030118,FALSE,"HLX"
"ACH-000506","NCI-H146","Lung","Lung Neuroendocrine Tumor","Small Cell Lung Cancer","SCLC",NA,FALSE,"HLX"
"ACH-000507","KE-39","Esophagus/Stomach","Esophagogastric Adenocarcinoma","Stomach Adenocarcinoma","STAD",-0.0142474309725901,FALSE,"HLX"
"ACH-000508","COR-L88","Lung","Lung Neuroendocrine Tumor","Small Cell Lung Cancer","SCLC",NA,FALSE,"HLX"
"ACH-000509","HuT 78","Lymphoid","Mature T and NK Neoplasms","Sezary Syndrome","SS",NA,FALSE,"HLX"
"ACH-000510","NCI-H1299","Lung","Non-Small Cell Lung Cancer","Large Cell Lung Carcinoma","LCLC",0.0856938469633041,FALSE,"HLX"
"ACH-000511","Calu-1","Lung","Non-Small Cell Lung Cancer","Lung Squamous Cell Carcinoma","LUSC",-0.0672875812308312,FALSE,"HLX"
"ACH-000512","INA6","Lymphoid","Mature B-Cell Neoplasms","Plasma Cell Myeloma","PCM",-0.419401521552939,FALSE,"HLX"
"ACH-000513","SNU-1272","Kidney","Renal Cell Carcinoma","Renal Clear Cell Carcinoma","CCRCC",NA,FALSE,"HLX"
"ACH-000514","NCI-H1092","Lung","Lung Neuroendocrine Tumor","Small Cell Lung Cancer","SCLC",-0.128155698845244,FALSE,"HLX"
"ACH-000515","HCC-33","Lung","Lung Neuroendocrine Tumor","Small Cell Lung Cancer","SCLC",-0.0186711109066208,FALSE,"HLX"
"ACH-000516","CAL-78","Bone","Chondrosarcoma","Dedifferentiated Chondrosarcoma","DDCHS",-0.0120300920167004,FALSE,"HLX"
"ACH-000517","SNU-410","Pancreas","Pancreatic Adenocarcinoma","Pancreatic Adenocarcinoma","PAAD",0.0195240036642329,FALSE,"HLX"
"ACH-000518","CAL-33","Head and Neck","Head and Neck Squamous Cell Carcinoma","Oral Cavity Squamous Cell Carcinoma","OCSC",0.00273140902559944,FALSE,"HLX"
"ACH-000519","PEER","Lymphoid","T-Lymphoblastic Leukemia/Lymphoma","T-Lymphoblastic Leukemia/Lymphoma","TLL",0.00322046878860567,FALSE,"HLX"
"ACH-000520","59M","Ovary/Fallopian Tube","Ovarian Epithelial Tumor","High-Grade Serous Ovarian Cancer","HGSOC",0.0559459091767606,FALSE,"HLX"
"ACH-000521","NCI-H2030","Lung","Non-Small Cell Lung Cancer","Lung Adenocarcinoma","LUAD",-0.0658761156591131,FALSE,"HLX"
"ACH-000522","UM-UC-3","Bladder/Urinary Tract","Bladder Urothelial Carcinoma","Bladder Urothelial Carcinoma","BLCA",-0.0870357897824917,FALSE,"HLX"
"ACH-000523","NCI-H1184","Lung","Lung Neuroendocrine Tumor","Small Cell Lung Cancer","SCLC",NA,FALSE,"HLX"
"ACH-000524","KURAMOCHI","Ovary/Fallopian Tube","Ovarian Epithelial Tumor","High-Grade Serous Ovarian Cancer","HGSOC",-0.143837000099549,FALSE,"HLX"
"ACH-000525","NCI-H2171","Lung","Lung Neuroendocrine Tumor","Small Cell Lung Cancer","SCLC",-0.0320961210720797,FALSE,"HLX"
"ACH-000526","Hs 821.T","Fibroblast","Non-Cancerous","Fibroblast, Bone","",NA,FALSE,"HLX"
"ACH-000527","OVISE","Ovary/Fallopian Tube","Ovarian Epithelial Tumor","Clear Cell Ovarian Cancer","CCOV",0.0206277660740363,FALSE,"HLX"
"ACH-000528","ABC-1","Lung","Non-Small Cell Lung Cancer","Lung Adenocarcinoma","LUAD",-0.00633220758082093,FALSE,"HLX"
"ACH-000529","T1-73","Fibroblast","Non-Cancerous","Fibroblast, Bone","",NA,FALSE,"HLX"
"ACH-000530","DMS 114","Lung","SMARCA4-deficient undifferentiated tumor","SMARCA4-deficient undifferentiated tumor","",NA,FALSE,"HLX"
"ACH-000531","RS-5","Fibroblast","Non-Cancerous","Fibroblast, Lung","",NA,FALSE,"HLX"
"ACH-000532","SNU-61","Bowel","Colorectal Adenocarcinoma","Rectal Adenocarcinoma","READ",0.111734123227518,FALSE,"HLX"
"ACH-000533","NCI-H2004 RT","Kidney","Rhabdoid Cancer","Rhabdoid Cancer","MRT",-0.136675453736061,FALSE,"HLX"
"ACH-000534","WSU-DLCL2","Lymphoid","Mature B-Cell Neoplasms","Diffuse Large B-Cell Lymphoma, NOS","DLBCLNOS",NA,FALSE,"HLX"
"ACH-000535","BxPC-3","Pancreas","Pancreatic Adenocarcinoma","Pancreatic Adenocarcinoma","PAAD",-0.0728037344125296,FALSE,"HLX"
"ACH-000536","BT-20","Breast","Invasive Breast Carcinoma","Breast Invasive Ductal Carcinoma","IDC",NA,FALSE,"HLX"
"ACH-000537","SNU-761","Liver","Hepatocellular Carcinoma","Hepatocellular Carcinoma","HCC",-0.156061538958048,FALSE,"HLX"
"ACH-000538","HUTU80","Bowel","Small Bowel Cancer","Duodenal Adenocarcinoma","DA",NA,FALSE,"HLX"
"ACH-000539","Hs 618.T","Fibroblast","Non-Cancerous","Fibroblast, Lung","",NA,FALSE,"HLX"
"ACH-000540","Hs 606.T","Fibroblast","Non-Cancerous","Fibroblast, Breast","",NA,FALSE,"HLX"
"ACH-000541","KMS-34","Lymphoid","Mature B-Cell Neoplasms","Plasma Cell Myeloma","PCM",0.264516799571432,FALSE,"HLX"
"ACH-000542","Hey-A8","Ovary/Fallopian Tube","Ovarian Epithelial Tumor","High-Grade Serous Ovarian Cancer","HGSOC",0.0927716592623162,FALSE,"HLX"
"ACH-000543","SNU-489","CNS/Brain","Diffuse Glioma","Glioblastoma","GB",NA,FALSE,"HLX"
"ACH-000544","OE21","Esophagus/Stomach","Esophageal Squamous Cell Carcinoma","Esophageal Squamous Cell Carcinoma","ESCC",0.015390065209955,FALSE,"HLX"
"ACH-000545","VM-CUB1","Bladder/Urinary Tract","Bladder Urothelial Carcinoma","Bladder Urothelial Carcinoma","BLCA",-0.101571203434927,FALSE,"HLX"
"ACH-000546","HSC-4","Head and Neck","Head and Neck Squamous Cell Carcinoma","Oral Cavity Squamous Cell Carcinoma","OCSC",0.0450101261169647,FALSE,"HLX"
"ACH-000547","HT-1197","Bladder/Urinary Tract","Bladder Urothelial Carcinoma","Bladder Urothelial Carcinoma","BLCA",-0.0191098378722454,FALSE,"HLX"
"ACH-000548","BHY","Head and Neck","Head and Neck Squamous Cell Carcinoma","Oral Cavity Squamous Cell Carcinoma","OCSC",-0.0524730081365978,FALSE,"HLX"
"ACH-000549","SNU-1076","Head and Neck","Head and Neck Squamous Cell Carcinoma","Larynx Squamous Cell Carcinoma","LXSC",-0.244604383367751,FALSE,"HLX"
"ACH-000550","IGR-39","Skin","Melanoma","Melanoma","MEL",0.0878716366159567,FALSE,"HLX"
"ACH-000551","K-562","Myeloid","Myeloproliferative Neoplasms","Chronic Myeloid Leukemia, BCR-ABL1+","CMLBCRABL1",0.0508649174153653,FALSE,"HLX"
"ACH-000552","HT-29","Bowel","Colorectal Adenocarcinoma","Colon Adenocarcinoma","COAD",-0.0626472971893517,FALSE,"HLX"
"ACH-000553","Sq-1","Lung","Non-Small Cell Lung Cancer","Lung Squamous Cell Carcinoma","LUSC",NA,FALSE,"HLX"
"ACH-000554","UACC-893","Breast","Invasive Breast Carcinoma","Breast Invasive Lobular Carcinoma","ILC",0.103111286278771,FALSE,"HLX"
"ACH-000555","A-498","Kidney","Renal Cell Carcinoma","Renal Cell Carcinoma","RCC",NA,FALSE,"HLX"
"ACH-000556","SIHA","Cervix","Cervical Squamous Cell Carcinoma","Cervical Squamous Cell Carcinoma","CESC",-0.0338052235970424,FALSE,"HLX"
"ACH-000557","AML-193","Myeloid","Acute Myeloid Leukemia","Acute Myeloid Leukemia","AML",0.038898547249477,FALSE,"HLX"
"ACH-000558","A-172","CNS/Brain","Diffuse Glioma","Glioblastoma","GB",-0.028988033639588,FALSE,"HLX"
"ACH-000559","NCI-H1836","Lung","Lung Neuroendocrine Tumor","Small Cell Lung Cancer","SCLC",-0.205996454210966,FALSE,"HLX"
"ACH-000560","ECC10","Esophagus/Stomach","Esophagogastric Adenocarcinoma","Small Cell Carcinoma of the Stomach","STSC",NA,FALSE,"HLX"
"ACH-000561","T.T","Esophagus/Stomach","Esophageal Squamous Cell Carcinoma","Esophageal Squamous Cell Carcinoma","ESCC",0.0370093544921701,FALSE,"HLX"
"ACH-000562","HCC-78","Lung","Non-Small Cell Lung Cancer","Lung Adenocarcinoma","LUAD",-0.0924723324297104,FALSE,"HLX"
"ACH-000563","EBC-1","Lung","Non-Small Cell Lung Cancer","Lung Squamous Cell Carcinoma","LUSC",-0.0251635187686947,FALSE,"HLX"
"ACH-000564","KHM-1B","Lymphoid","Mature B-Cell Neoplasms","Plasma Cell Myeloma","PCM",NA,FALSE,"HLX"
"ACH-000565","RCM-1","Bowel","Colorectal Adenocarcinoma","Rectal Adenocarcinoma","READ",0.149902535643834,FALSE,"HLX"
"ACH-000566","SW-1710","Bladder/Urinary Tract","Bladder Urothelial Carcinoma","Bladder Urothelial Carcinoma","BLCA",NA,FALSE,"HLX"
"ACH-000567","ST486","Lymphoid","Mature B-Cell Neoplasms","Burkitt Lymphoma","BL",0.117792479397811,FALSE,"HLX"
"ACH-000568","UACC-812","Breast","Invasive Breast Carcinoma","Breast Invasive Lobular Carcinoma","ILC",NA,FALSE,"HLX"
"ACH-000569","IST-MES1","Pleura","Pleural Mesothelioma","Pleural Mesothelioma, Epithelioid Type","PLEMESO",0.0906276201044703,FALSE,"HLX"
"ACH-000570","YKG1","CNS/Brain","Diffuse Glioma","Glioblastoma","GB",-0.128569579854657,FALSE,"HLX"
"ACH-000571","T98G","CNS/Brain","Diffuse Glioma","Glioblastoma","GB",-0.118622241912807,FALSE,"HLX"
"ACH-000572","G-361","Skin","Melanoma","Melanoma","MEL",NA,FALSE,"HLX"
"ACH-000573","MDA-MB-436","Breast","Invasive Breast Carcinoma","Breast Invasive Carcinoma, NOS","BRCNOS",-0.162684554062615,FALSE,"HLX"
"ACH-000574","FU-OV-1","Ovary/Fallopian Tube","Ovarian Epithelial Tumor","High-Grade Serous Ovarian Cancer","HGSOC",NA,FALSE,"HLX"
"ACH-000575","HCC-364","Lung","Non-Small Cell Lung Cancer","Lung Adenocarcinoma","LUAD",NA,FALSE,"HLX"
"ACH-000576","KMS-27","Lymphoid","Mature B-Cell Neoplasms","Plasma Cell Myeloma","PCM",-0.140146819927638,FALSE,"HLX"
"ACH-000577","JHH-2","Liver","Hepatocellular Carcinoma","Hepatocellular Carcinoma","HCC",-0.203000211952357,FALSE,"HLX"
"ACH-000578","HCC-1171","Lung","Non-Small Cell Lung Cancer","Lung Adenocarcinoma","LUAD",NA,FALSE,"HLX"
"ACH-000579","UACC-257","Skin","Melanoma","Melanoma","MEL",-0.0239438663570912,FALSE,"HLX"
"ACH-000580","C32","Skin","Melanoma","Melanoma","MEL",-0.0870122667421399,FALSE,"HLX"
"ACH-000581","SNU-16","Esophagus/Stomach","Esophagogastric Adenocarcinoma","Stomach Adenocarcinoma","STAD",-0.00577325225651339,FALSE,"HLX"
"ACH-000582","COLO 741","Skin","Melanoma","Melanoma","MEL",NA,FALSE,"HLX"
"ACH-000583","MC116","Lymphoid","Non-Hodgkin Lymphoma","Mature B-Cell Neoplasms","MBN",0.14623435793245,FALSE,"HLX"
"ACH-000584","JHOS-4","Ovary/Fallopian Tube","Ovarian Epithelial Tumor","High-Grade Serous Ovarian Cancer","HGSOC",0.031164918457771,FALSE,"HLX"
"ACH-000585","EPLC-272H","Lung","Non-Small Cell Lung Cancer","Lung Squamous Cell Carcinoma","LUSC",0.0756308810713845,FALSE,"HLX"
"ACH-000586","NCI-H1876","Lung","Lung Neuroendocrine Tumor","Small Cell Lung Cancer","SCLC",NA,FALSE,"HLX"
"ACH-000587","NCI-H1975","Lung","Non-Small Cell Lung Cancer","Lung Adenocarcinoma","LUAD",-0.00832640186605974,FALSE,"HLX"
"ACH-000588","KMS-26","Lymphoid","Mature B-Cell Neoplasms","Plasma Cell Myeloma","PCM",0.193837022143713,FALSE,"HLX"
"ACH-000589","NCI-H1437","Lung","Non-Small Cell Lung Cancer","Lung Adenocarcinoma","LUAD",-0.196077076613204,FALSE,"HLX"
"ACH-000590","NCI-H2073","Lung","Non-Small Cell Lung Cancer","Lung Adenocarcinoma","LUAD",NA,FALSE,"HLX"
"ACH-000591","LN-235","CNS/Brain","Diffuse Glioma","Astrocytoma","ASTR",-0.066637124428145,FALSE,"HLX"
"ACH-000592","TM-31","CNS/Brain","Diffuse Glioma","Astrocytoma","ASTR",-0.00845695219518883,FALSE,"HLX"
"ACH-000593","BC-3C","Bladder/Urinary Tract","Bladder Urothelial Carcinoma","Bladder Urothelial Carcinoma","BLCA",-0.103621194360982,FALSE,"HLX"
"ACH-000594","DMS 153","Lung","Lung Neuroendocrine Tumor","Small Cell Lung Cancer","SCLC",NA,FALSE,"HLX"
"ACH-000595","LN-229","CNS/Brain","Diffuse Glioma","Glioblastoma","GB",-0.00750232593865911,FALSE,"HLX"
"ACH-000596","LCLC-97TM1","Lung","Non-Small Cell Lung Cancer","Large Cell Lung Carcinoma","LCLC",-0.0767051397154279,FALSE,"HLX"
"ACH-000597","TTC-709","Soft Tissue","Rhabdoid Cancer","Extrarenal Rhabdoid Cancer","",-0.14361952149827,FALSE,"HLX"
"ACH-000598","KMS-21BM","Lymphoid","Mature B-Cell Neoplasms","Plasma Cell Myeloma","PCM",NA,FALSE,"HLX"
"ACH-000599","PA-TU-8902","Pancreas","Pancreatic Adenocarcinoma","Pancreatic Adenocarcinoma","PAAD",-0.113668886095277,FALSE,"HLX"
"ACH-000600","SLR 26","Kidney","Renal Cell Carcinoma","Renal Clear Cell Carcinoma","CCRCC",NA,FALSE,"HLX"
"ACH-000601","MIA PaCa-2","Pancreas","Pancreatic Adenocarcinoma","Pancreatic Adenocarcinoma","PAAD",-0.0215683031538499,FALSE,"HLX"
"ACH-000602","M-07e","Myeloid","Acute Myeloid Leukemia","Acute Megakaryoblastic Leukemia","AMKL",0.0502990366043978,FALSE,"HLX"
"ACH-000603","BEN","Lung","Non-Small Cell Lung Cancer","Non-Small Cell Lung Cancer","NSCLC",NA,FALSE,"HLX"
"ACH-000604","KYO-1","Myeloid","Myeloproliferative Neoplasms","Chronic Myeloid Leukemia, BCR-ABL1+","CMLBCRABL1",-0.253525109457979,FALSE,"HLX"
"ACH-000605","TE-6","Esophagus/Stomach","Esophageal Squamous Cell Carcinoma","Esophageal Squamous Cell Carcinoma","ESCC",0.0726317699465372,FALSE,"HLX"
"ACH-000606","PE/CA-PJ34 (clone C12)","Head and Neck","Head and Neck Squamous Cell Carcinoma","Oral Cavity Squamous Cell Carcinoma","OCSC",0.115262649435261,FALSE,"HLX"
"ACH-000607","KYM-1","Soft Tissue","Rhabdomyosarcoma","Embryonal Rhabdomyosarcoma","ERMS",-0.166165907371338,FALSE,"HLX"
"ACH-000608","COV644","Ovary/Fallopian Tube","Ovarian Epithelial Tumor","Mucinous Ovarian Cancer","MOV",0.00299565655691374,FALSE,"HLX"
"ACH-000609","SF126","CNS/Brain","Diffuse Glioma","Glioblastoma","GB",-0.00607433775429619,FALSE,"HLX"
"ACH-000610","NCI-H2227","Lung","Lung Neuroendocrine Tumor","Small Cell Lung Cancer","SCLC",NA,FALSE,"HLX"
"ACH-000611","SU-DHL-6","Lymphoid","Mature B-Cell Neoplasms","Diffuse Large B-Cell Lymphoma, NOS","DLBCLNOS",NA,FALSE,"HLX"
"ACH-000612","HuT 102","Lymphoid","Mature T and NK Neoplasms","Mycosis Fungoides","MYCF",NA,FALSE,"HLX"
"ACH-000613","HOS","Bone","Osteosarcoma","Osteosarcoma","OS",NA,FALSE,"HLX"
"ACH-000614","RVH-421","Skin","Melanoma","Melanoma","MEL",-0.137801240481962,FALSE,"HLX"
"ACH-000615","SK-MEL-28","Skin","Melanoma","Cutaneous Melanoma","SKCM",NA,FALSE,"HLX"
"ACH-000616","Hs 746T","Esophagus/Stomach","Esophagogastric Adenocarcinoma","Stomach Adenocarcinoma","STAD",-0.00456241380352871,FALSE,"HLX"
"ACH-000617","OVCAR-4","Ovary/Fallopian Tube","Ovarian Epithelial Tumor","High-Grade Serous Ovarian Cancer","HGSOC",NA,FALSE,"HLX"
"ACH-000618","SNU-1041","Head and Neck","Head and Neck Squamous Cell Carcinoma","Hypopharynx Squamous Cell Carcinoma","HPHSC",0.0299844872091225,FALSE,"HLX"
"ACH-000619","PE/CA-PJ15","Head and Neck","Head and Neck Squamous Cell Carcinoma","Oral Cavity Squamous Cell Carcinoma","OCSC",0.0171368761058197,FALSE,"HLX"
"ACH-000620","JHH-1","Liver","Hepatocellular Carcinoma","Hepatocellular Carcinoma","HCC",0.0802010949309099,FALSE,"HLX"
"ACH-000621","MDA-MB-157","Breast","Invasive Breast Carcinoma","Breast Invasive Ductal Carcinoma","IDC",0.122191008262305,FALSE,"HLX"
"ACH-000622","KNS-42","CNS/Brain","Diffuse Glioma","Glioblastoma","GB",-0.0359107386007993,FALSE,"HLX"
"ACH-000623","SNU-201","CNS/Brain","Diffuse Glioma","Glioblastoma","GB",-0.0427262158979069,FALSE,"HLX"
"ACH-000624","HCC1806","Breast","Breast Ductal Carcinoma In Situ","Breast Ductal Carcinoma In Situ","DCIS",-0.0177238894658929,FALSE,"HLX"
"ACH-000625","Hep 3B2.1-7","Liver","Hepatocellular Carcinoma","Hepatocellular Carcinoma","HCC",NA,FALSE,"HLX"
"ACH-000626","U266B1","Lymphoid","Mature B-Cell Neoplasms","Plasma Cell Myeloma","PCM",NA,FALSE,"HLX"
"ACH-000627","LCLC-103H","Lung","Non-Small Cell Lung Cancer","Large Cell Lung Carcinoma","LCLC",-0.177112130642804,FALSE,"HLX"
"ACH-000628","NCI-H596","Lung","Non-Small Cell Lung Cancer","Lung Adenosquamous Carcinoma","LUAS",NA,FALSE,"HLX"
"ACH-000629","IOMM-Lee","CNS/Brain","Meningothelial Tumor","Meningioma","MNG",NA,FALSE,"HLX"
"ACH-000630","YD-8","Head and Neck","Head and Neck Squamous Cell Carcinoma","Oral Cavity Squamous Cell Carcinoma","OCSC",-0.165944124989288,FALSE,"HLX"
"ACH-000631","KS-1","CNS/Brain","Diffuse Glioma","Glioblastoma","GB",0.0109982244961879,FALSE,"HLX"
"ACH-000632","Hs 944.T","Skin","Melanoma","Cutaneous Melanoma","SKCM",-0.0252451996601781,FALSE,"HLX"
"ACH-000633","FU97","Esophagus/Stomach","Esophagogastric Adenocarcinoma","Diffuse Type Stomach Adenocarcinoma","DSTAD",-0.143725998506323,FALSE,"HLX"
"ACH-000634","LN-340","CNS/Brain","Diffuse Glioma","Glioblastoma","GB",0.0440408126569346,FALSE,"HLX"
"ACH-000635","SNU-119","Ovary/Fallopian Tube","Ovarian Epithelial Tumor","High-Grade Serous Ovarian Cancer","HGSOC",NA,FALSE,"HLX"
"ACH-000636","RPMI-8402","Lymphoid","T-Lymphoblastic Leukemia/Lymphoma","T-Lymphoblastic Leukemia/Lymphoma","TLL",NA,FALSE,"HLX"
"ACH-000637","KYSE-520","Esophagus/Stomach","Esophageal Squamous Cell Carcinoma","Esophageal Squamous Cell Carcinoma","ESCC",0.0293140421869681,FALSE,"HLX"
"ACH-000638","NCI-H441","Lung","Non-Small Cell Lung Cancer","Lung Adenocarcinoma","LUAD",-0.131964050691715,FALSE,"HLX"
"ACH-000639","NCI-H211","Lung","Lung Neuroendocrine Tumor","Small Cell Lung Cancer","SCLC",-0.161736717080865,FALSE,"HLX"
"ACH-000640","SK-MEL-31","Skin","Melanoma","Cutaneous Melanoma","SKCM",NA,FALSE,"HLX"
"ACH-000641","CMK","Myeloid","Acute Myeloid Leukemia","Myeloid Leukemia Associated with Down Syndrome","MLADS",NA,FALSE,"HLX"
"ACH-000642","HMEL","Breast","Non-Cancerous","Immortalized Breast Cells","",NA,FALSE,"HLX"
"ACH-000643","HDQ-P1","Breast","Invasive Breast Carcinoma","Breast Invasive Ductal Carcinoma","IDC",NA,FALSE,"HLX"
"ACH-000644","COLO 829","Skin","Melanoma","Cutaneous Melanoma","SKCM",NA,FALSE,"HLX"
"ACH-000645","JL-1","Pleura","Pleural Mesothelioma","Pleural Mesothelioma, Epithelioid Type","PLEMESO",-0.0929992354996788,FALSE,"HLX"
"ACH-000646","OVMANA","Ovary/Fallopian Tube","Ovarian Epithelial Tumor","Clear Cell Ovarian Cancer","CCOV",0.113554004753909,FALSE,"HLX"
"ACH-000647","TE-1","Esophagus/Stomach","Esophageal Squamous Cell Carcinoma","Esophageal Squamous Cell Carcinoma","ESCC",-0.0601798072883477,FALSE,"HLX"
"ACH-000648","NCI-H28","Pleura","Pleural Mesothelioma","Pleural Mesothelioma, Epithelioid Type","PLEMESO",0.146486044436608,FALSE,"HLX"
"ACH-000649","786-O","Kidney","Renal Cell Carcinoma","Renal Clear Cell Carcinoma","CCRCC",0.166556278050682,FALSE,"HLX"
"ACH-000650","IGR-37","Skin","Melanoma","Melanoma","MEL",NA,FALSE,"HLX"
"ACH-000651","SW 620","Bowel","Colorectal Adenocarcinoma","Colon Adenocarcinoma","COAD",0.0320798693787248,FALSE,"HLX"
"ACH-000652","SUIT-2","Pancreas","Pancreatic Adenocarcinoma","Pancreatic Adenocarcinoma","PAAD",-0.0564227585460518,FALSE,"HLX"
"ACH-000653","JJN-3","Lymphoid","Mature B-Cell Neoplasms","Plasma Cell Myeloma","PCM",0.00887408121020144,FALSE,"HLX"
"ACH-000654","Raji","Lymphoid","Mature B-Cell Neoplasms","Burkitt Lymphoma","BL",-0.00321185572098149,FALSE,"HLX"
"ACH-000655","SF268","CNS/Brain","Diffuse Glioma","Astrocytoma","ASTR",-0.167040392215706,FALSE,"HLX"
"ACH-000656","SU-DHL-8","Lymphoid","Mature B-Cell Neoplasms","Diffuse Large B-Cell Lymphoma, NOS","DLBCLNOS",-0.0889490940974201,FALSE,"HLX"
"ACH-000657","A2780","Ovary/Fallopian Tube","Ovarian Epithelial Tumor","Endometrioid Ovarian Cancer","EOV",0.211411947605317,FALSE,"HLX"
"ACH-000658","KMS-18","Lymphoid","Mature B-Cell Neoplasms","Plasma Cell Myeloma","PCM",NA,FALSE,"HLX"
"ACH-000659","SCLC-21H","Lung","Lung Neuroendocrine Tumor","Small Cell Lung Cancer","SCLC",NA,FALSE,"HLX"
"ACH-000660","SU-DHL-5","Lymphoid","Mature B-Cell Neoplasms","Diffuse Large B-Cell Lymphoma, NOS","DLBCLNOS",-0.0807733871458128,FALSE,"HLX"
"ACH-000661","WM1799","Skin","Melanoma","Melanoma","MEL",-0.0412517540473919,FALSE,"HLX"
"ACH-000662","COR-L23","Lung","Non-Small Cell Lung Cancer","Large Cell Lung Carcinoma","LCLC",0.21469755307776,FALSE,"HLX"
"ACH-000663","OVTOKO","Ovary/Fallopian Tube","Ovarian Epithelial Tumor","Clear Cell Ovarian Cancer","CCOV",0.0149709940779569,FALSE,"HLX"
"ACH-000664","SU-DHL-1","Lymphoid","Mature T and NK Neoplasms","Anaplastic Large-Cell Lymphoma ALK Positive","ALCLALKP",-0.0999430518395916,FALSE,"HLX"
"ACH-000665","SK-MES-1","Lung","Non-Small Cell Lung Cancer","Lung Squamous Cell Carcinoma","LUSC",-0.0827226699344189,FALSE,"HLX"
"ACH-000666","NCI-H1355","Lung","Non-Small Cell Lung Cancer","Lung Adenocarcinoma","LUAD",0.000675343478208714,FALSE,"HLX"
"ACH-000667","HCC-44","Lung","Non-Small Cell Lung Cancer","Lung Adenocarcinoma","LUAD",-0.239924725617246,FALSE,"HLX"
"ACH-000668","HCC70","Breast","Invasive Breast Carcinoma","Breast Invasive Ductal Carcinoma","IDC",0.0463950876377756,FALSE,"HLX"
"ACH-000669","SW 900","Lung","Non-Small Cell Lung Cancer","Lung Squamous Cell Carcinoma","LUSC",NA,FALSE,"HLX"
"ACH-000670","SBC-5","Lung","Lung Neuroendocrine Tumor","Small Cell Lung Cancer","SCLC",NA,FALSE,"HLX"
"ACH-000671","HuH-6","Liver","Hepatoblastoma","Hepatoblastoma","LIHB",-0.0684989240314028,FALSE,"HLX"
"ACH-000672","IA-LM","Lung","Non-Small Cell Lung Cancer","Large Cell Lung Carcinoma","LCLC",-0.355267287534744,FALSE,"HLX"
"ACH-000673","LN-443","CNS/Brain","Diffuse Glioma","Glioblastoma","GB",-0.0593005422791603,FALSE,"HLX"
"ACH-000674","NUGC-4","Esophagus/Stomach","Esophagogastric Adenocarcinoma","Diffuse Type Stomach Adenocarcinoma","DSTAD",NA,FALSE,"HLX"
"ACH-000675","NCI-H1734","Lung","Non-Small Cell Lung Cancer","Lung Adenocarcinoma","LUAD",NA,FALSE,"HLX"
"ACH-000676","LN-464","CNS/Brain","Diffuse Glioma","Glioblastoma","GB",0.117261530037792,FALSE,"HLX"
"ACH-000677","SW 1573","Lung","Non-Small Cell Lung Cancer","Lung Adenocarcinoma","LUAD",-0.0533614940837535,FALSE,"HLX"
"ACH-000678","MKN7","Esophagus/Stomach","Esophagogastric Adenocarcinoma","Tubular Stomach Adenocarcinoma","TSTAD",NA,FALSE,"HLX"
"ACH-000679","OE-19","Esophagus/Stomach","Esophageal Squamous Cell Carcinoma","Esophageal Squamous Cell Carcinoma","ESCC",NA,FALSE,"HLX"
"ACH-000680","SW948","Bowel","Colorectal Adenocarcinoma","Colon Adenocarcinoma","COAD",NA,FALSE,"HLX"
"ACH-000681","A549","Lung","Non-Small Cell Lung Cancer","Lung Adenocarcinoma","LUAD",-0.269471999966906,FALSE,"HLX"
"ACH-000682","SNU-1066","Head and Neck","Head and Neck Squamous Cell Carcinoma","Larynx Squamous Cell Carcinoma","LXSC",0.0815037919313302,FALSE,"HLX"
"ACH-000683","SNU-503","Bowel","Colorectal Adenocarcinoma","Rectal Adenocarcinoma","READ",0.136792296136162,FALSE,"HLX"
"ACH-000684","KMRC-1","Kidney","Renal Cell Carcinoma","Renal Clear Cell Carcinoma","CCRCC",0.619288060442473,FALSE,"HLX"
"ACH-000685","L3.3","Pancreas","Adenosquamous Carcinoma of the Pancreas","Adenosquamous Carcinoma of the Pancreas","PAASC",-0.179760827859572,FALSE,"HLX"
"ACH-000686","SNU-878","Liver","Hepatocellular Carcinoma","Hepatocellular Carcinoma","HCC",NA,FALSE,"HLX"
"ACH-000687","CI-1","Lymphoid","Non-Hodgkin Lymphoma","Mature B-Cell Neoplasms","MBN",NA,FALSE,"HLX"
"ACH-000688","OV7","Ovary/Fallopian Tube","Ovarian Epithelial Tumor","Mixed Ovarian Carcinoma","MXOV",0.0136043294863475,FALSE,"HLX"
"ACH-000689","RH-18","Soft Tissue","Rhabdomyosarcoma","Embryonal Rhabdomyosarcoma","ERMS",NA,FALSE,"HLX"
"ACH-000690","HCC-2814","Lung","Non-Small Cell Lung Cancer","Lung Squamous Cell Carcinoma","LUSC",NA,FALSE,"HLX"
"ACH-000691","HCC2157","Breast","Invasive Breast Carcinoma","Breast Invasive Ductal Carcinoma","IDC",NA,FALSE,"HLX"
"ACH-000692","SNU-899","Head and Neck","Head and Neck Squamous Cell Carcinoma","Larynx Squamous Cell Carcinoma","LXSC",NA,FALSE,"HLX"
"ACH-000693","KYSE-180","Esophagus/Stomach","Esophageal Squamous Cell Carcinoma","Esophageal Squamous Cell Carcinoma","ESCC",-0.050381482545881,FALSE,"HLX"
"ACH-000694","TE-9","Esophagus/Stomach","Esophageal Squamous Cell Carcinoma","Esophageal Squamous Cell Carcinoma","ESCC",-0.0752198965873728,FALSE,"HLX"
"ACH-000695","COR-L47","Lung","Lung Neuroendocrine Tumor","Small Cell Lung Cancer","SCLC",0.132794628958444,FALSE,"HLX"
"ACH-000696","OVCAR-8","Ovary/Fallopian Tube","Ovarian Epithelial Tumor","High-Grade Serous Ovarian Cancer","HGSOC",0.0858654524570593,FALSE,"HLX"
"ACH-000697","A3/KAW","Lymphoid","Mature B-Cell Neoplasms","Diffuse Large B-Cell Lymphoma, NOS","DLBCLNOS",-0.0575431312167486,FALSE,"HLX"
"ACH-000698","DMS 53","Lung","Lung Neuroendocrine Tumor","Small Cell Lung Cancer","SCLC",0.127136789530959,FALSE,"HLX"
"ACH-000699","HCC1395","Breast","Invasive Breast Carcinoma","Breast Invasive Ductal Carcinoma","IDC",0.0592728623550435,FALSE,"HLX"
"ACH-000700","NCI-H2882","Lung","Non-Small Cell Lung Cancer","Lung Squamous Cell Carcinoma","LUSC",-0.0833209621301495,FALSE,"HLX"
"ACH-000701","RMUG-S","Ovary/Fallopian Tube","Ovarian Epithelial Tumor","Mucinous Ovarian Cancer","MOV",0.0906246881584324,FALSE,"HLX"
"ACH-000702","L-1236","Lymphoid","Hodgkin Lymphoma","Hodgkin Lymphoma","HL",0.060005261285165,FALSE,"HLX"
"ACH-000703","DMS 79","Lung","Lung Neuroendocrine Tumor","Small Cell Lung Cancer","SCLC",NA,FALSE,"HLX"
"ACH-000704","OAW42","Ovary/Fallopian Tube","Ovarian Epithelial Tumor","Serous Ovarian Cancer","SOC",0.0102509677557071,FALSE,"HLX"
"ACH-000705","LC-1F","Lung","Non-Small Cell Lung Cancer","Lung Squamous Cell Carcinoma","LUSC",NA,FALSE,"HLX"
"ACH-000706","EKVX","Lung","Non-Small Cell Lung Cancer","Lung Adenocarcinoma","LUAD",0.0742591446861383,FALSE,"HLX"
"ACH-000707","P3HR-1","Lymphoid","Mature B-Cell Neoplasms","Burkitt Lymphoma","BL",NA,FALSE,"HLX"
"ACH-000708","SNU-283","Bowel","Colorectal Adenocarcinoma","Rectal Adenocarcinoma","READ",NA,FALSE,"HLX"
"ACH-000709","KMRC-2","Kidney","Renal Cell Carcinoma","Renal Clear Cell Carcinoma","CCRCC",0.106581634600428,FALSE,"HLX"
"ACH-000710","NCI-H854","Bowel","Colorectal Adenocarcinoma","Colon Adenocarcinoma","COAD",NA,FALSE,"HLX"
"ACH-000711","JIMT-1","Breast","Invasive Breast Carcinoma","Breast Invasive Ductal Carcinoma","IDC",-0.0475382246895207,FALSE,"HLX"
"ACH-000712","HCC-1833","Lung","Non-Small Cell Lung Cancer","Lung Adenocarcinoma","LUAD",NA,FALSE,"HLX"
"ACH-000713","Caov-3","Ovary/Fallopian Tube","Ovarian Epithelial Tumor","High-Grade Serous Ovarian Cancer","HGSOC",0.0451461317151839,FALSE,"HLX"
"ACH-000714","KMS-11","Lymphoid","Mature B-Cell Neoplasms","Plasma Cell Myeloma","PCM",0.070422148632695,FALSE,"HLX"
"ACH-000715","SNU-1214","Head and Neck","Head and Neck Squamous Cell Carcinoma","Larynx Squamous Cell Carcinoma","LXSC",NA,FALSE,"HLX"
"ACH-000716","TT2609-C02","Thyroid","Well-Differentiated Thyroid Cancer","Follicular Thyroid Cancer","THFO",-0.060523490568773,FALSE,"HLX"
"ACH-000717","COLO-680N","Esophagus/Stomach","Esophageal Squamous Cell Carcinoma","Esophageal Squamous Cell Carcinoma","ESCC",0.027347848859793,FALSE,"HLX"
"ACH-000718","NCI-H2291","Lung","Non-Small Cell Lung Cancer","Lung Adenocarcinoma","LUAD",-0.109873794342647,FALSE,"HLX"
"ACH-000719","RMG-I","Ovary/Fallopian Tube","Ovarian Epithelial Tumor","Clear Cell Ovarian Cancer","CCOV",-0.0632487297108914,FALSE,"HLX"
"ACH-000720","TCCSUP","Bladder/Urinary Tract","Bladder Urothelial Carcinoma","Bladder Urothelial Carcinoma","BLCA",-0.0772950852377541,FALSE,"HLX"
"ACH-000721","HMC-1-8","Breast","Invasive Breast Carcinoma","Breast Invasive Ductal Carcinoma","IDC",-0.0105291196752555,FALSE,"HLX"
"ACH-000722","SNU-C1","Bowel","Colorectal Adenocarcinoma","Colon Adenocarcinoma","COAD",0.0895578773175071,FALSE,"HLX"
"ACH-000723","YD-10B","Head and Neck","Head and Neck Squamous Cell Carcinoma","Oral Cavity Squamous Cell Carcinoma","OCSC",NA,FALSE,"HLX"
"ACH-000724","HT-1376","Bladder/Urinary Tract","Bladder Urothelial Carcinoma","Bladder Urothelial Carcinoma","BLCA",0.0764319289641436,FALSE,"HLX"
"ACH-000725","HCC202","Breast","Breast Ductal Carcinoma In Situ","Breast Ductal Carcinoma In Situ","DCIS",0.052952016319146,FALSE,"HLX"
"ACH-000726","TE-14","Esophagus/Stomach","Esophageal Squamous Cell Carcinoma","Esophageal Squamous Cell Carcinoma","ESCC",NA,FALSE,"HLX"
"ACH-000727","NCI-H2066","Lung","Lung Neuroendocrine Tumor","Small Cell Lung Cancer","SCLC",NA,FALSE,"HLX"
"ACH-000728","KASUMI-2","Lymphoid","B-Lymphoblastic Leukemia/Lymphoma","B-Lymphoblastic Leukemia/Lymphoma with t(1;19)(q23;p13.3);TCF3-PBX1","BLLTCF3PBX1",NA,FALSE,"HLX"
"ACH-000729","NCI-H1963","Lung","Lung Neuroendocrine Tumor","Small Cell Lung Cancer","SCLC",NA,FALSE,"HLX"
"ACH-000730","SK-MEL-5","Skin","Melanoma","Cutaneous Melanoma","SKCM",NA,FALSE,"HLX"
"ACH-000731","HCC-2279","Lung","Non-Small Cell Lung Cancer","Lung Adenosquamous Carcinoma","LUAS",NA,FALSE,"HLX"
"ACH-000732","PE/CA-PJ41 (clone D2)","Head and Neck","Head and Neck Squamous Cell Carcinoma","Oral Cavity Squamous Cell Carcinoma","OCSC",-0.076248602332025,FALSE,"HLX"
"ACH-000733","NCI-H1838","Lung","Non-Small Cell Lung Cancer","Lung Adenocarcinoma","LUAD",NA,FALSE,"HLX"
"ACH-000734","JHH-5","Liver","Hepatocellular Carcinoma","Hepatocellular Carcinoma","HCC",0.0958591856119162,FALSE,"HLX"
"ACH-000735","PE/CA-PJ49","Head and Neck","Head and Neck Squamous Cell Carcinoma","Oral Cavity Squamous Cell Carcinoma","OCSC",-0.00254204547362201,FALSE,"HLX"
"ACH-000736","SNU-601","Esophagus/Stomach","Esophagogastric Adenocarcinoma","Signet Ring Cell Carcinoma of the Stomach","SSRCC",-0.0168305749302102,FALSE,"HLX"
"ACH-000737","NCI-H1385","Lung","Non-Small Cell Lung Cancer","Lung Squamous Cell Carcinoma","LUSC",NA,FALSE,"HLX"
"ACH-000738","GB-1","CNS/Brain","Diffuse Glioma","Glioblastoma","GB",-0.0535875776041237,FALSE,"HLX"
"ACH-000739","Hep G2","Liver","Hepatoblastoma","Hepatoblastoma","LIHB",-0.0861059214697895,FALSE,"HLX"
"ACH-000740","A-253","Head and Neck","Head and Neck Squamous Cell Carcinoma","Oral Cavity Squamous Cell Carcinoma","OCSC",-0.048718317831253,FALSE,"HLX"
"ACH-000741","U-BLC1","Bladder/Urinary Tract","Bladder Urothelial Carcinoma","Bladder Urothelial Carcinoma","BLCA",-0.121129067143107,FALSE,"HLX"
"ACH-000742","DM-3","Fibroblast","Non-Cancerous","Fibroblast, Lung","",NA,FALSE,"HLX"
"ACH-000743","COR-L95","Lung","Lung Neuroendocrine Tumor","Small Cell Lung Cancer","SCLC",NA,FALSE,"HLX"
"ACH-000744","NCI-H1623","Lung","Non-Small Cell Lung Cancer","Lung Adenocarcinoma","LUAD",NA,FALSE,"HLX"
"ACH-000745","MOLP-8","Lymphoid","Mature B-Cell Neoplasms","Plasma Cell Myeloma","PCM",NA,FALSE,"HLX"
"ACH-000746","GSS","Esophagus/Stomach","Esophagogastric Adenocarcinoma","Stomach Adenocarcinoma","STAD",0.0416223309614315,FALSE,"HLX"
"ACH-000747","NCI-H1703","Lung","Non-Small Cell Lung Cancer","Lung Squamous Cell Carcinoma","LUSC",0.0801791343601042,FALSE,"HLX"
"ACH-000748","SJSA-1","Bone","Osteosarcoma","Osteosarcoma","OS",-0.071042682983155,FALSE,"HLX"
"ACH-000749","DMS 273","Lung","Lung Neuroendocrine Tumor","Small Cell Lung Cancer","SCLC",0.116266243626735,FALSE,"HLX"
"ACH-000750","LOX IMVI","Skin","Melanoma","Melanoma","MEL",NA,FALSE,"HLX"
"ACH-000751","OCI-M1","Myeloid","Acute Myeloid Leukemia","Acute Myeloid Leukemia","AML",NA,FALSE,"HLX"
"ACH-000752","NCI-H196","Lung","SMARCA4-deficient undifferentiated tumor","SMARCA4-deficient undifferentiated tumor","",NA,FALSE,"HLX"
"ACH-000753","JMSU-1","Bladder/Urinary Tract","Bladder Urothelial Carcinoma","Bladder Urothelial Carcinoma","BLCA",0.000636499125838932,FALSE,"HLX"
"ACH-000754","L-428","Lymphoid","Hodgkin Lymphoma","Hodgkin Lymphoma","HL",0.0428323860088866,FALSE,"HLX"
"ACH-000755","HCC2218","Breast","Breast Ductal Carcinoma In Situ","Breast Ductal Carcinoma In Situ","DCIS",NA,FALSE,"HLX"
"ACH-000756","GI-1","CNS/Brain","Diffuse Glioma","Gliosarcoma","GSARC",-0.092911544601448,FALSE,"HLX"
"ACH-000757","A427","Lung","Non-Small Cell Lung Cancer","Lung Adenocarcinoma","LUAD",0.129877048299975,FALSE,"HLX"
"ACH-000758","MKN74","Esophagus/Stomach","Esophagogastric Adenocarcinoma","Tubular Stomach Adenocarcinoma","TSTAD",-0.00532531351387475,FALSE,"HLX"
"ACH-000759","MDA-MB-175-VII","Breast","Invasive Breast Carcinoma","Breast Invasive Ductal Carcinoma","IDC",NA,FALSE,"HLX"
"ACH-000760","LNZ308","CNS/Brain","Diffuse Glioma","Glioblastoma","GB",-0.146785174451975,FALSE,"HLX"
"ACH-000761","NUGC-2","Esophagus/Stomach","Esophagogastric Adenocarcinoma","Stomach Adenocarcinoma","STAD",NA,FALSE,"HLX"
"ACH-000762","YD-38","Head and Neck","Head and Neck Squamous Cell Carcinoma","Head and Neck Squamous Cell Carcinoma","HNSC",-0.220217975202544,FALSE,"HLX"
"ACH-000763","MM1-S","Lymphoid","Mature B-Cell Neoplasms","Plasma Cell Myeloma","PCM",-0.206754223164794,FALSE,"HLX"
"ACH-000764","SH-10-TC","Esophagus/Stomach","Esophagogastric Adenocarcinoma","Mucinous Stomach Adenocarcinoma","MSTAD",-0.391919806618057,FALSE,"HLX"
"ACH-000765","WM983B","Skin","Melanoma","Melanoma","MEL",-0.00217516663785637,FALSE,"HLX"
"ACH-000766","NCI-H1648","Lung","Non-Small Cell Lung Cancer","Lung Adenocarcinoma","LUAD",0.036419859534316,FALSE,"HLX"
"ACH-000767","NCI-H526","Lung","Lung Neuroendocrine Tumor","Small Cell Lung Cancer","SCLC",-0.022283848618966,FALSE,"HLX"
"ACH-000768","MDA-MB-231","Breast","Invasive Breast Carcinoma","Invasive Breast Carcinoma","BRCA",0.0153031930385227,FALSE,"HLX"
"ACH-000769","LK-2","Lung","Non-Small Cell Lung Cancer","Lung Squamous Cell Carcinoma","LUSC",-0.192472155217276,FALSE,"HLX"
"ACH-000770","P31/FUJ","Myeloid","Acute Myeloid Leukemia","Acute Myeloid Leukemia","AML",-0.0844586500790034,FALSE,"HLX"
"ACH-000771","BICR 56","Head and Neck","Head and Neck Squamous Cell Carcinoma","Oral Cavity Squamous Cell Carcinoma","OCSC",-0.164490912618967,FALSE,"HLX"
"ACH-000772","TE 441.T","Soft Tissue","CIC-DUX4 Sarcoma","CIC-DUX4 Sarcoma","",NA,FALSE,"HLX"
"ACH-000773","Ki-JK","Lymphoid","Mature T and NK Neoplasms","Anaplastic Large-Cell Lymphoma ALK Positive","ALCLALKP",-0.142644250794226,FALSE,"HLX"
"ACH-000774","RERF-LC-Ad2","Lung","Non-Small Cell Lung Cancer","Lung Adenocarcinoma","LUAD",-0.0177242782292925,FALSE,"HLX"
"ACH-000775","NCI-H727","Lung","Lung Neuroendocrine Tumor","Lung Carcinoid","LUCA",-0.0841874448258132,FALSE,"HLX"
"ACH-000776","ONS-76","CNS/Brain","Embryonal Tumor","Medulloblastoma","MBL",-0.0990617846037976,TRUE,"HLX"
"ACH-000777","KYSE-30","Esophagus/Stomach","Esophageal Squamous Cell Carcinoma","Esophageal Squamous Cell Carcinoma","ESCC",0.0228187930661534,FALSE,"HLX"
"ACH-000778","HSC-3","Head and Neck","Head and Neck Squamous Cell Carcinoma","Oral Cavity Squamous Cell Carcinoma","OCSC",0.153521378222713,FALSE,"HLX"
"ACH-000779","PC-9","Lung","Non-Small Cell Lung Cancer","Lung Adenocarcinoma","LUAD",NA,FALSE,"HLX"
"ACH-000780","NCI-H1105","Lung","Lung Neuroendocrine Tumor","Small Cell Lung Cancer","SCLC",NA,FALSE,"HLX"
"ACH-000781","NCI-H2023","Lung","Non-Small Cell Lung Cancer","Lung Adenocarcinoma","LUAD",-0.0439167114534404,FALSE,"HLX"
"ACH-000782","SEM","Lymphoid","B-Lymphoblastic Leukemia/Lymphoma","B-Lymphoblastic Leukemia/Lymphoma with t(v;11q23.3);KMT2A Rearranged","BLLKMT2A",0.0314344912519645,FALSE,"HLX"
"ACH-000783","CAMA-1","Breast","Invasive Breast Carcinoma","Breast Invasive Lobular Carcinoma","ILC",0.105369201171571,FALSE,"HLX"
"ACH-000784","KYSE-70","Esophagus/Stomach","Esophageal Squamous Cell Carcinoma","Esophageal Squamous Cell Carcinoma","ESCC",0.0662124470006047,FALSE,"HLX"
"ACH-000785","NCI-H2126","Lung","Non-Small Cell Lung Cancer","Lung Adenocarcinoma","LUAD",0.0642632728681433,FALSE,"HLX"
"ACH-000786","Daudi","Lymphoid","Mature B-Cell Neoplasms","Burkitt Lymphoma","BL",NA,FALSE,"HLX"
"ACH-000787","LXF-289","Lung","Non-Small Cell Lung Cancer","Lung Adenocarcinoma","LUAD",-0.110397764360068,FALSE,"HLX"
"ACH-000788","A2058","Skin","Melanoma","Melanoma","MEL",-0.0547268476610705,FALSE,"HLX"
"ACH-000789","NCI-H810","Lung","Non-Small Cell Lung Cancer","Large Cell Lung Carcinoma","LCLC",NA,FALSE,"HLX"
"ACH-000790","SHP-77","Lung","Lung Neuroendocrine Tumor","Small Cell Lung Cancer","SCLC",-0.015879652867826,FALSE,"HLX"
"ACH-000791","RERF-LC-Ad1","Lung","Non-Small Cell Lung Cancer","Lung Adenocarcinoma","LUAD",0.0984139212466917,FALSE,"HLX"
"ACH-000792","BFTC-909","Kidney","Renal Cell Carcinoma","Renal Cell Carcinoma","RCC",0.0222808024730731,FALSE,"HLX"
"ACH-000793","KATO III","Esophagus/Stomach","Esophagogastric Adenocarcinoma","Signet Ring Cell Carcinoma of the Stomach","SSRCC",0.0463452850529007,FALSE,"HLX"
"ACH-000794","BICR 22","Head and Neck","Head and Neck Squamous Cell Carcinoma","Oral Cavity Squamous Cell Carcinoma","OCSC",0.171226516574871,FALSE,"HLX"
"ACH-000795","MOLT-13","Lymphoid","T-Lymphoblastic Leukemia/Lymphoma","T-Lymphoblastic Leukemia/Lymphoma","TLL",NA,FALSE,"HLX"
"ACH-000796","MCAS","Ovary/Fallopian Tube","Ovarian Epithelial Tumor","Mucinous Ovarian Cancer","MOV",-0.072481402510493,FALSE,"HLX"
"ACH-000797","HLF-a","Fibroblast","Non-Cancerous","Fibroblast, Lung","",NA,FALSE,"HLX"
"ACH-000798","CL-40","Bowel","Colorectal Adenocarcinoma","Colon Adenocarcinoma","COAD",0.13033948907122,FALSE,"HLX"
"ACH-000799","Hs 695T","Skin","Melanoma","Melanoma","MEL",-0.141440631473297,FALSE,"HLX"
"ACH-000800","NCI-H446","Lung","Lung Neuroendocrine Tumor","Small Cell Lung Cancer","SCLC",0.109437353114601,FALSE,"HLX"
"ACH-000801","Hs 936.T","Skin","Melanoma","Melanoma","MEL",0.0732433515607208,FALSE,"HLX"
"ACH-000802","BFTC-905","Bladder/Urinary Tract","Bladder Urothelial Carcinoma","Bladder Urothelial Carcinoma","BLCA",-0.0259250045949039,FALSE,"HLX"
"ACH-000803","COLO 668","Lung","Lung Neuroendocrine Tumor","Small Cell Lung Cancer","SCLC",NA,FALSE,"HLX"
"ACH-000804","NB-1","Peripheral Nervous System","Neuroblastoma","Neuroblastoma","NBL",0.0388065693367613,FALSE,"HLX"
"ACH-000805","COLO-679","Skin","Melanoma","Cutaneous Melanoma","SKCM",-0.0355451854740022,FALSE,"HLX"
"ACH-000806","L-540","Lymphoid","Hodgkin Lymphoma","Hodgkin Lymphoma","HL",NA,FALSE,"HLX"
"ACH-000807","SNU-738","CNS/Brain","Diffuse Glioma","Oligodendroglioma","ODG",0.0548431879508625,FALSE,"HLX"
"ACH-000808","HuH28","Biliary Tract","Intraductal Papillary Neoplasm of the Bile Duct","Intrahepatic Cholangiocarcinoma","IHCH",NA,FALSE,"HLX"
"ACH-000809","KYSE-410","Esophagus/Stomach","Esophageal Squamous Cell Carcinoma","Esophageal Squamous Cell Carcinoma","ESCC",-0.0432365237386451,FALSE,"HLX"
"ACH-000810","SK-MEL-30","Skin","Melanoma","Cutaneous Melanoma","SKCM",-0.0129534930437061,FALSE,"HLX"
"ACH-000811","SK-OV-3","Ovary/Fallopian Tube","Ovarian Epithelial Tumor","Serous Ovarian Cancer","SOC",-0.0514532289372623,FALSE,"HLX"
"ACH-000812","COLO-783","Skin","Melanoma","Melanoma","MEL",NA,FALSE,"HLX"
"ACH-000813","T3M-10","Lung","Non-Small Cell Lung Cancer","Large Cell Lung Carcinoma","LCLC",NA,FALSE,"HLX"
"ACH-000814","Hs 939.T","Skin","Melanoma","Melanoma","MEL",NA,FALSE,"HLX"
"ACH-000815","KM-H2","Lymphoid","Hodgkin Lymphoma","Hodgkin Lymphoma","HL",NA,FALSE,"HLX"
"ACH-000816","NCI-H524","Lung","Lung Neuroendocrine Tumor","Small Cell Lung Cancer","SCLC",NA,FALSE,"HLX"
"ACH-000817","RPMI 8226","Lymphoid","Mature B-Cell Neoplasms","Plasma Cell Myeloma","PCM",0.0629634943247409,FALSE,"HLX"
"ACH-000818","BT-483","Breast","Invasive Breast Carcinoma","Breast Invasive Ductal Carcinoma","IDC",NA,FALSE,"HLX"
"ACH-000819","LN-18","CNS/Brain","Diffuse Glioma","Glioblastoma","GB",-0.0688027182424748,FALSE,"HLX"
"ACH-000820","SW403","Bowel","Colorectal Adenocarcinoma","Colon Adenocarcinoma","COAD",0.173674590015344,FALSE,"HLX"
"ACH-000821","EJM","Lymphoid","Mature B-Cell Neoplasms","Plasma Cell Myeloma","PCM",-0.0388841810231097,FALSE,"HLX"
"ACH-000822","SK-MEL-24","Skin","Melanoma","Melanoma","MEL",0.0722550730712616,FALSE,"HLX"
"ACH-000823","KYSE-140","Esophagus/Stomach","Esophageal Squamous Cell Carcinoma","Esophageal Squamous Cell Carcinoma","ESCC",-0.0614920720834802,FALSE,"HLX"
"ACH-000824","KYSE-510","Esophagus/Stomach","Esophageal Squamous Cell Carcinoma","Esophageal Squamous Cell Carcinoma","ESCC",0.0742350598245067,FALSE,"HLX"
"ACH-000825","HOP-92","Lung","Non-Small Cell Lung Cancer","Non-Small Cell Lung Cancer","NSCLC",NA,FALSE,"HLX"
"ACH-000826","CAL-12T","Lung","Non-Small Cell Lung Cancer","Non-Small Cell Lung Cancer","NSCLC",-0.191931453685789,FALSE,"HLX"
"ACH-000827","WM793","Skin","Melanoma","Melanoma","MEL",0.0977800093601662,FALSE,"HLX"
"ACH-000828","ZR-75-30","Breast","Invasive Breast Carcinoma","Breast Invasive Lobular Carcinoma","ILC",NA,FALSE,"HLX"
"ACH-000829","HuNS1","Lymphoid","Mature B-Cell Neoplasms","Plasma Cell Myeloma","PCM",0.113389427621311,FALSE,"HLX"
"ACH-000830","NCI-H1436","Lung","Lung Neuroendocrine Tumor","Small Cell Lung Cancer","SCLC",NA,FALSE,"HLX"
"ACH-000831","HEC-50B","Uterus","Endometrial Carcinoma","Endometrial Carcinoma","UCEC",0.0813362228846249,FALSE,"HLX"
"ACH-000832","CAL 27","Head and Neck","Head and Neck Squamous Cell Carcinoma","Oral Cavity Squamous Cell Carcinoma","OCSC",0.0194079792424893,FALSE,"HLX"
"ACH-000833","RH-30","Soft Tissue","Rhabdomyosarcoma","Alveolar Rhabdomyosarcoma","ARMS",-0.107222780875532,FALSE,"HLX"
"ACH-000834","UM-UC-1","Bladder/Urinary Tract","Bladder Urothelial Carcinoma","Bladder Urothelial Carcinoma","BLCA",-0.0526268172114273,FALSE,"HLX"
"ACH-000835","GCT","Soft Tissue","Undifferentiated Pleomorphic Sarcoma/Malignant Fibrous Histiocytoma/High-Grade Spindle Cell Sarcoma","Undifferentiated Pleomorphic Sarcoma/Malignant Fibrous Histiocytoma/High-Grade Spindle Cell Sarcoma","MFH",-0.0817234068285411,FALSE,"HLX"
"ACH-000836","YD-15","Head and Neck","Head and Neck Squamous Cell Carcinoma","Oral Cavity Squamous Cell Carcinoma","OCSC",0.00372364104605348,FALSE,"HLX"
"ACH-000837","NCI-H322","Lung","Non-Small Cell Lung Cancer","Lung Adenocarcinoma","LUAD",-0.021928649989173,FALSE,"HLX"
"ACH-000838","AMO-1","Lymphoid","Mature B-Cell Neoplasms","Plasma Cell Myeloma","PCM",-0.177916798530982,FALSE,"HLX"
"ACH-000839","SCaBER","Bladder/Urinary Tract","Bladder Squamous Cell Carcinoma","Bladder Squamous Cell Carcinoma","BLSC",0.0458155361400104,FALSE,"HLX"
"ACH-000840","HCC-366","Lung","Non-Small Cell Lung Cancer","Lung Adenosquamous Carcinoma","LUAS",-0.102581376412989,FALSE,"HLX"
"ACH-000841","NCI-H2087","Lung","Non-Small Cell Lung Cancer","Lung Adenocarcinoma","LUAD",-0.184582291183083,FALSE,"HLX"
"ACH-000842","SW 480","Bowel","Colorectal Adenocarcinoma","Colon Adenocarcinoma","COAD",NA,FALSE,"HLX"
"ACH-000843","HARA","Lung","Non-Small Cell Lung Cancer","Lung Squamous Cell Carcinoma","LUSC",0.00651610151092339,FALSE,"HLX"
"ACH-000844","DMS 454","Lung","Lung Neuroendocrine Tumor","Small Cell Lung Cancer","SCLC",NA,FALSE,"HLX"
"ACH-000845","NCI-H1373","Lung","Non-Small Cell Lung Cancer","Lung Adenocarcinoma","LUAD",-0.204308691567517,FALSE,"HLX"
"ACH-000846","FaDu","Head and Neck","Head and Neck Squamous Cell Carcinoma","Hypopharynx Squamous Cell Carcinoma","HPHSC",0.0621050778957745,FALSE,"HLX"
"ACH-000847","HGC-27","Esophagus/Stomach","Esophagogastric Adenocarcinoma","Stomach Adenocarcinoma","STAD",-0.0654733300093737,FALSE,"HLX"
"ACH-000848","JHH-7","Liver","Hepatocellular Carcinoma","Hepatocellular Carcinoma","HCC",-0.0265426673794667,FALSE,"HLX"
"ACH-000849","MDA-MB-468","Breast","Invasive Breast Carcinoma","Invasive Breast Carcinoma","BRCA",0.048947678947679,FALSE,"HLX"
"ACH-000850","Hs 698.T","Fibroblast","Non-Cancerous","Fibroblast, Colorectal","",NA,FALSE,"HLX"
"ACH-000851","MOR/CPR","Lung","Non-Small Cell Lung Cancer","Lung Adenocarcinoma","LUAD",-0.233698331995093,FALSE,"HLX"
"ACH-000852","NCI-H1435","Lung","Non-Small Cell Lung Cancer","Lung Adenocarcinoma","LUAD",NA,FALSE,"HLX"
"ACH-000853","NCI-H661","Lung","Non-Small Cell Lung Cancer","Large Cell Lung Carcinoma","LCLC",-0.0713388063029208,FALSE,"HLX"
"ACH-000854","OCI-MY5","Lymphoid","Mature B-Cell Neoplasms","Plasma Cell Myeloma","PCM",NA,FALSE,"HLX"
"ACH-000855","KYSE-150","Esophagus/Stomach","Esophageal Squamous Cell Carcinoma","Esophageal Squamous Cell Carcinoma","ESCC",-0.164910835768785,FALSE,"HLX"
"ACH-000856","CAL-51","Breast","Invasive Breast Carcinoma","Invasive Breast Carcinoma","BRCA",-0.0309545501599452,FALSE,"HLX"
"ACH-000857","CAL-85-1","Breast","Invasive Breast Carcinoma","Breast Invasive Ductal Carcinoma","IDC",NA,FALSE,"HLX"
"ACH-000858","KNS-62","Lung","Non-Small Cell Lung Cancer","Lung Squamous Cell Carcinoma","LUSC",-0.0735172949769272,FALSE,"HLX"
"ACH-000859","HCC1954","Breast","Breast Ductal Carcinoma In Situ","Breast Ductal Carcinoma In Situ","DCIS",0.0268569583468293,FALSE,"HLX"
"ACH-000860","NCI-H358","Lung","Non-Small Cell Lung Cancer","Lung Adenocarcinoma","LUAD",0.150854543501671,FALSE,"HLX"
"ACH-000861","HOP-62","Lung","Non-Small Cell Lung Cancer","Lung Adenocarcinoma","LUAD",-0.184621498331796,FALSE,"HLX"
"ACH-000862","KMBC-2","Bladder/Urinary Tract","Bladder Urothelial Carcinoma","Bladder Urothelial Carcinoma","BLCA",-0.0265645843380048,FALSE,"HLX"
"ACH-000863","DBTRG-05MG","CNS/Brain","Diffuse Glioma","Glioblastoma","GB",-0.142483452386709,FALSE,"HLX"
"ACH-000864","COLO 684","Uterus","Endometrial Carcinoma","Endometrial Carcinoma","UCEC",0.0370135045041683,FALSE,"HLX"
"ACH-000865","KYSE-450","Esophagus/Stomach","Esophageal Squamous Cell Carcinoma","Esophageal Squamous Cell Carcinoma","ESCC",-0.120602388574666,FALSE,"HLX"
"ACH-000866","NCI-H1048","Lung","Lung Neuroendocrine Tumor","Small Cell Lung Cancer","SCLC",-0.0909980035712784,FALSE,"HLX"
"ACH-000867","ChaGo-K-1","Lung","Non-Small Cell Lung Cancer","Non-Small Cell Lung Cancer","NSCLC",0.0292680112232399,FALSE,"HLX"
"ACH-000868","HCC-1195","Lung","Non-Small Cell Lung Cancer","Lung Adenosquamous Carcinoma","LUAS",NA,FALSE,"HLX"
"ACH-000869","NCI-H1568","Lung","Non-Small Cell Lung Cancer","Lung Adenocarcinoma","LUAD",0.0383327335119346,FALSE,"HLX"
"ACH-000870","NCI-H1930","Lung","Lung Neuroendocrine Tumor","Small Cell Lung Cancer","SCLC",NA,FALSE,"HLX"
"ACH-000871","NCI-H510","Lung","Lung Neuroendocrine Tumor","Small Cell Lung Cancer","SCLC",-0.00158705841450397,FALSE,"HLX"
"ACH-000872","HCC515","Lung","Non-Small Cell Lung Cancer","Lung Adenocarcinoma","LUAD",0.157491404071386,FALSE,"HLX"
"ACH-000873","KYSE-270","Esophagus/Stomach","Esophageal Squamous Cell Carcinoma","Esophageal Squamous Cell Carcinoma","ESCC",-0.143683325213696,FALSE,"HLX"
"ACH-000874","RS4;11","Lymphoid","B-Lymphoblastic Leukemia/Lymphoma","B-Lymphoblastic Leukemia/Lymphoma with t(v;11q23.3);KMT2A Rearranged","BLLKMT2A",-0.613314647473282,FALSE,"HLX"
"ACH-000875","NCI-H2347","Lung","Non-Small Cell Lung Cancer","Lung Adenocarcinoma","LUAD",NA,FALSE,"HLX"
"ACH-000876","MDA-MB-415","Breast","Invasive Breast Carcinoma","Invasive Breast Carcinoma","BRCA",0.0144110037421578,FALSE,"HLX"
"ACH-000877","EB1","Lymphoid","Mature B-Cell Neoplasms","Burkitt Lymphoma","BL",NA,FALSE,"HLX"
"ACH-000878","HCC-15","Lung","Non-Small Cell Lung Cancer","Lung Squamous Cell Carcinoma","LUSC",0.118382462155323,FALSE,"HLX"
"ACH-000879","MFE-296","Uterus","Endometrial Carcinoma","Endometrial Carcinoma","UCEC",-0.0324119113398105,FALSE,"HLX"
"ACH-000880","AGS","Esophagus/Stomach","Esophagogastric Adenocarcinoma","Stomach Adenocarcinoma","STAD",-0.0201140377241268,FALSE,"HLX"
"ACH-000881","MEL-JUSO","Skin","Melanoma","Cutaneous Melanoma","SKCM",0.104500287221355,FALSE,"HLX"
"ACH-000882","IGR-1","Skin","Melanoma","Melanoma","MEL",0.149483071740799,FALSE,"HLX"
"ACH-000883","SW 1783","CNS/Brain","Diffuse Glioma","Anaplastic Astrocytoma","AASTR",NA,FALSE,"HLX"
"ACH-000884","MDA-MB-435S","Skin","Melanoma","Melanoma","MEL",-0.000738850005347888,FALSE,"HLX"
"ACH-000885","TOV-21G","Ovary/Fallopian Tube","Ovarian Epithelial Tumor","Clear Cell Ovarian Cancer","CCOV",-0.0441763591542374,FALSE,"HLX"
"ACH-000886","NCI-H2009","Lung","Non-Small Cell Lung Cancer","Lung Adenocarcinoma","LUAD",-0.243863834039017,FALSE,"HLX"
"ACH-000887","SF-172","CNS/Brain","Diffuse Glioma","Glioblastoma","GB",0.00137298955978615,FALSE,"HLX"
"ACH-000888","NCI-H1793","Lung","Non-Small Cell Lung Cancer","Lung Adenocarcinoma","LUAD",-0.0477965569458441,FALSE,"HLX"
"ACH-000889","KMM-1","Lymphoid","Mature B-Cell Neoplasms","Plasma Cell Myeloma","PCM",0.0929600405298251,FALSE,"HLX"
"ACH-000890","SW 1271","Lung","SMARCA4-deficient undifferentiated tumor","SMARCA4-deficient undifferentiated tumor","",-0.0322953167429007,FALSE,"HLX"
"ACH-000891","HCC-1438","Lung","Non-Small Cell Lung Cancer","Large Cell Lung Carcinoma","LCLC",NA,FALSE,"HLX"
"ACH-000892","NCI-H1563","Lung","Non-Small Cell Lung Cancer","Lung Adenocarcinoma","LUAD",NA,FALSE,"HLX"
"ACH-000893","NCI-H1651","Lung","Non-Small Cell Lung Cancer","Lung Adenocarcinoma","LUAD",NA,FALSE,"HLX"
"ACH-000894","NCI-H1869","Lung","Non-Small Cell Lung Cancer","Lung Squamous Cell Carcinoma","LUSC",-0.0986267425595607,FALSE,"HLX"
"ACH-000895","CL-34","Bowel","Colorectal Adenocarcinoma","Colon Adenocarcinoma","COAD",NA,FALSE,"HLX"
"ACH-000896","647-V","Bladder/Urinary Tract","Bladder Urothelial Carcinoma","Bladder Urothelial Carcinoma","BLCA",-0.0976342404604415,FALSE,"HLX"
"ACH-000897","FTC-238","Thyroid","Well-Differentiated Thyroid Cancer","Follicular Thyroid Cancer","THFO",NA,FALSE,"HLX"
"ACH-000898","SNU-719","Esophagus/Stomach","Esophagogastric Adenocarcinoma","Tubular Stomach Adenocarcinoma","TSTAD",-0.0372065919206591,FALSE,"HLX"
"ACH-000899","WM88","Skin","Melanoma","Melanoma","MEL",0.235128192907241,FALSE,"HLX"
"ACH-000900","NCI-H23","Lung","Non-Small Cell Lung Cancer","Lung Adenocarcinoma","LUAD",-0.110873168263134,FALSE,"HLX"
"ACH-000901","HCC-1359","Lung","Non-Small Cell Lung Cancer","Giant Cell Carcinoma of the Lung","GCLC",-0.102351857320281,FALSE,"HLX"
"ACH-000902","CAL-148","Breast","Invasive Breast Carcinoma","Breast Invasive Ductal Carcinoma","IDC",NA,FALSE,"HLX"
"ACH-000903","FTC-133","Thyroid","Well-Differentiated Thyroid Cancer","Follicular Thyroid Cancer","THFO",-0.101287979851517,FALSE,"HLX"
"ACH-000904","NCI-H2106","Lung","Non-Small Cell Lung Cancer","Large Cell Lung Carcinoma","LCLC",NA,FALSE,"HLX"
"ACH-000905","5637","Bladder/Urinary Tract","Bladder Urothelial Carcinoma","Bladder Urothelial Carcinoma","BLCA",-0.0313526274441277,FALSE,"HLX"
"ACH-000906","ES-2","Ovary/Fallopian Tube","Ovarian Epithelial Tumor","Clear Cell Ovarian Cancer","CCOV",-0.155595449853773,FALSE,"HLX"
"ACH-000907","SNU-349","Kidney","Renal Cell Carcinoma","Renal Clear Cell Carcinoma","CCRCC",0.0968401961996072,FALSE,"HLX"
"ACH-000908","SNU-520","Esophagus/Stomach","Esophagogastric Adenocarcinoma","Stomach Adenocarcinoma","STAD",NA,FALSE,"HLX"
"ACH-000909","JHUEM-2","Uterus","Endometrial Carcinoma","Endometrial Carcinoma","UCEC",NA,FALSE,"HLX"
"ACH-000910","MDA-MB-453","Breast","Invasive Breast Carcinoma","Invasive Breast Carcinoma","BRCA",-0.102994438168207,FALSE,"HLX"
"ACH-000911","NUGC-3","Esophagus/Stomach","Esophagogastric Adenocarcinoma","Stomach Adenocarcinoma","STAD",0.00460206749245506,FALSE,"HLX"
"ACH-000912","NCI-H2286","Lung","Lung Neuroendocrine Tumor","Small Cell Lung Cancer","SCLC",0.0208407461284632,FALSE,"HLX"
"ACH-000913","ESS-1","Uterus","Uterine Sarcoma/Mesenchymal","Endometrial Stromal Sarcoma","ESS",0.058087120099803,FALSE,"HLX"
"ACH-000914","HT","Lymphoid","Mature B-Cell Neoplasms","Diffuse Large B-Cell Lymphoma, NOS","DLBCLNOS",-0.0444961277422088,FALSE,"HLX"
"ACH-000915","IPC-298","Skin","Melanoma","Cutaneous Melanoma","SKCM",0.033167507346652,FALSE,"HLX"
"ACH-000916","NCI-H1573","Lung","Non-Small Cell Lung Cancer","Lung Adenocarcinoma","LUAD",0.214445752719251,FALSE,"HLX"
"ACH-000917","TE-4","Esophagus/Stomach","Esophageal Squamous Cell Carcinoma","Esophageal Squamous Cell Carcinoma","ESCC",-0.186493011991171,FALSE,"HLX"
"ACH-000918","MOLT-16","Lymphoid","T-Lymphoblastic Leukemia/Lymphoma","T-Lymphoblastic Leukemia/Lymphoma","TLL",NA,FALSE,"HLX"
"ACH-000919","IM95","Esophagus/Stomach","Esophagogastric Adenocarcinoma","Stomach Adenocarcinoma","STAD",0.144343745928364,FALSE,"HLX"
"ACH-000920","CML-T1","Myeloid","Myeloproliferative Neoplasms","Chronic Myeloid Leukemia, BCR-ABL1+","CMLBCRABL1",0.0742924017738594,FALSE,"HLX"
"ACH-000921","NCI-H157-DM","Lung","Non-Small Cell Lung Cancer","Lung Squamous Cell Carcinoma","LUSC",-0.107193618716057,FALSE,"HLX"
"ACH-000922","RCH-ACV","Lymphoid","B-Lymphoblastic Leukemia/Lymphoma","B-Lymphoblastic Leukemia/Lymphoma with t(1;19)(q23;p13.3);TCF3-PBX1","BLLTCF3PBX1",-0.10183872375598,FALSE,"HLX"
"ACH-000923","BCP-1","Lymphoid","Mature B-Cell Neoplasms","Primary Effusion Lymphoma","PEL",NA,FALSE,"HLX"
"ACH-000924","NCI-H2172","Lung","Non-Small Cell Lung Cancer","Non-Small Cell Lung Cancer","NSCLC",-0.0748099678231241,FALSE,"HLX"
"ACH-000925","DV-90","Lung","Non-Small Cell Lung Cancer","Lung Adenocarcinoma","LUAD",NA,FALSE,"HLX"
"ACH-000926","HT-55","Bowel","Colorectal Adenocarcinoma","Colon Adenocarcinoma","COAD",0.177049790588797,FALSE,"HLX"
"ACH-000927","BT-474","Breast","Invasive Breast Carcinoma","Breast Invasive Ductal Carcinoma","IDC",NA,FALSE,"HLX"
"ACH-000928","JHUEM-1","Uterus","Endometrial Carcinoma","Endometrial Carcinoma","UCEC",0.0275019444101763,FALSE,"HLX"
"ACH-000929","NCI-H2110","Lung","Non-Small Cell Lung Cancer","Non-Small Cell Lung Cancer","NSCLC",-0.0486359075910348,FALSE,"HLX"
"ACH-000930","HCC1569","Breast","Invasive Breast Carcinoma","Breast Invasive Ductal Carcinoma","IDC",NA,FALSE,"HLX"
"ACH-000931","HMCB","Skin","Melanoma","Melanoma","MEL",NA,FALSE,"HLX"
"ACH-000932","SNU-1","Esophagus/Stomach","Esophagogastric Adenocarcinoma","Stomach Adenocarcinoma","STAD",0.016909137495659,FALSE,"HLX"
"ACH-000933","SNU-324","Pancreas","Pancreatic Adenocarcinoma","Pancreatic Adenocarcinoma","PAAD",NA,FALSE,"HLX"
"ACH-000934","MDA-MB-361","Breast","Invasive Breast Carcinoma","Invasive Breast Carcinoma","BRCA",-0.0103642741117432,FALSE,"HLX"
"ACH-000935","MDST8","Bowel","Colorectal Adenocarcinoma","Colon Adenocarcinoma","COAD",-0.192685286894756,FALSE,"HLX"
"ACH-000936","EFO-27","Ovary/Fallopian Tube","Ovarian Epithelial Tumor","Mucinous Ovarian Cancer","MOV",0.135033974473357,FALSE,"HLX"
"ACH-000937","PF-382","Lymphoid","T-Lymphoblastic Leukemia/Lymphoma","T-Lymphoblastic Leukemia/Lymphoma","TLL",-0.0919116318434922,FALSE,"HLX"
"ACH-000938","NALM-6","Lymphoid","B-Lymphoblastic Leukemia/Lymphoma","B-Lymphoblastic Leukemia/Lymphoma","BLL",-0.0623117919138083,FALSE,"HLX"
"ACH-000939","SK-UT-1","Uterus","Uterine Sarcoma/Mesenchymal","Uterine Leiomyosarcoma","ULMS",0.00219345501825553,FALSE,"HLX"
"ACH-000940","AN3 CA","Uterus","Endometrial Carcinoma","Endometrial Carcinoma","UCEC",NA,FALSE,"HLX"
"ACH-000941","HEC-1-B","Uterus","Endometrial Carcinoma","Endometrial Carcinoma","UCEC",0.0647746973880834,FALSE,"HLX"
"ACH-000942","HPB-ALL","Lymphoid","T-Lymphoblastic Leukemia/Lymphoma","T-Lymphoblastic Leukemia/Lymphoma","TLL",NA,FALSE,"HLX"
"ACH-000943","RKO","Bowel","Colorectal Adenocarcinoma","Colon Adenocarcinoma","COAD",-0.00239845049332252,FALSE,"HLX"
"ACH-000944","NAMALWA","Lymphoid","Mature B-Cell Neoplasms","Burkitt Lymphoma","BL",0.118021803848,FALSE,"HLX"
"ACH-000945","NCI-H650","Lung","Non-Small Cell Lung Cancer","Lung Adenocarcinoma","LUAD",-0.0683326641981415,FALSE,"HLX"
"ACH-000946","HEC-265","Uterus","Endometrial Carcinoma","Endometrial Carcinoma","UCEC",0.068760070673173,FALSE,"HLX"
"ACH-000947","OVK18","Ovary/Fallopian Tube","Ovarian Epithelial Tumor","Endometrioid Ovarian Cancer","EOV",0.0601711254996197,FALSE,"HLX"
"ACH-000948","23132/87","Esophagus/Stomach","Esophagogastric Adenocarcinoma","Stomach Adenocarcinoma","STAD",0.0289915461529807,FALSE,"HLX"
"ACH-000949","TGBC11TKB","Esophagus/Stomach","Esophagogastric Adenocarcinoma","Stomach Adenocarcinoma","STAD",NA,FALSE,"HLX"
"ACH-000950","LoVo","Bowel","Colorectal Adenocarcinoma","Colon Adenocarcinoma","COAD",0.0349551235069157,FALSE,"HLX"
"ACH-000951","NCI-H2342","Lung","Non-Small Cell Lung Cancer","Lung Adenocarcinoma","LUAD",NA,FALSE,"HLX"
"ACH-000952","MDA PCa 2b","Prostate","Prostate Adenocarcinoma","Prostate Adenocarcinoma","PRAD",NA,FALSE,"HLX"
"ACH-000953","SUP-T1","Lymphoid","T-Lymphoblastic Leukemia/Lymphoma","T-Lymphoblastic Leukemia/Lymphoma","TLL",-0.196846463241126,FALSE,"HLX"
"ACH-000954","HEC-1-A","Uterus","Endometrial Carcinoma","Endometrial Carcinoma","UCEC",NA,FALSE,"HLX"
"ACH-000955","SNU-407","Bowel","Colorectal Adenocarcinoma","Colon Adenocarcinoma","COAD",NA,FALSE,"HLX"
"ACH-000956","22Rv1","Prostate","Prostate Adenocarcinoma","Prostate Adenocarcinoma","PRAD",-0.0180815417854633,FALSE,"HLX"
"ACH-000957","LS 180","Bowel","Colorectal Adenocarcinoma","Colon Adenocarcinoma","COAD",0.0712678944852453,FALSE,"HLX"
"ACH-000958","SW48","Bowel","Colorectal Adenocarcinoma","Colon Adenocarcinoma","COAD",0.046985995369931,FALSE,"HLX"
"ACH-000959","SNU-C4","Bowel","Colorectal Adenocarcinoma","Colon Adenocarcinoma","COAD",-0.0768367888272301,FALSE,"HLX"
"ACH-000960","Reh","Lymphoid","B-Lymphoblastic Leukemia/Lymphoma","B-Lymphoblastic Leukemia/Lymphoma with t(12;21)(p13.2;q22.1); ETV6-RUNX1","BLLETV6RUNX1",-0.0419093376690375,FALSE,"HLX"
"ACH-000961","Ishikawa (Heraklio) 02 ER-","Uterus","Endometrial Carcinoma","Endometrial Carcinoma","UCEC",-0.0549511997466794,FALSE,"HLX"
"ACH-000962","OC 314","Ovary/Fallopian Tube","Ovarian Epithelial Tumor","Serous Ovarian Cancer","SOC",-0.0202047923148223,FALSE,"HLX"
"ACH-000963","CCK-81","Bowel","Colorectal Adenocarcinoma","Colon Adenocarcinoma","COAD",0.284564659363654,FALSE,"HLX"
"ACH-000964","MOLT-3","Lymphoid","Mature T and NK Neoplasms","Adult T-Cell Leukemia/Lymphoma","ATLL",NA,FALSE,"HLX"
"ACH-000965","RL95-2","Uterus","Endometrial Carcinoma","Uterine Adenosquamous Carcinoma","UASC",-0.0869616833067934,FALSE,"HLX"
"ACH-000966","IGROV1","Ovary/Fallopian Tube","Ovarian Epithelial Tumor","Endometrioid Ovarian Cancer","EOV",0.0362852364544938,FALSE,"HLX"
"ACH-000967","SNU-C2A","Bowel","Colorectal Adenocarcinoma","Colon Adenocarcinoma","COAD",NA,FALSE,"HLX"
"ACH-000968","COLO 792","Skin","Melanoma","Melanoma","MEL",0.106212648572053,FALSE,"HLX"
"ACH-000969","KM12","Bowel","Colorectal Adenocarcinoma","Colon Adenocarcinoma","COAD",-0.114805188681839,FALSE,"HLX"
"ACH-000970","SNU-C5","Bowel","Colorectal Adenocarcinoma","Colon Adenocarcinoma","COAD",0.139817059386272,FALSE,"HLX"
"ACH-000971","HCT 116","Bowel","Colorectal Adenocarcinoma","Colon Adenocarcinoma","COAD",0.0366819426693956,FALSE,"HLX"
"ACH-000972","HEC-151","Uterus","Endometrial Carcinoma","Endometrial Carcinoma","UCEC",-0.0690414145161165,FALSE,"HLX"
"ACH-000973","639-V","Bladder/Urinary Tract","Urethral Cancer","Urethral Urothelial Carcinoma","UCU",-0.0448585616493034,FALSE,"HLX"
"ACH-000974","SNG-M","Uterus","Endometrial Carcinoma","Endometrial Carcinoma","UCEC",-0.0493601565889241,FALSE,"HLX"
"ACH-000975","HCC2450","Lung","Non-Small Cell Lung Cancer","Lung Squamous Cell Carcinoma","LUSC",-0.0730104861634022,FALSE,"HLX"
"ACH-000976","HuCCT1","Biliary Tract","Intraductal Papillary Neoplasm of the Bile Duct","Intrahepatic Cholangiocarcinoma","IHCH",-0.185632784905871,FALSE,"HLX"
"ACH-000977","LNCaP clone FGC","Prostate","Prostate Adenocarcinoma","Prostate Adenocarcinoma","PRAD",0.0207011522251591,FALSE,"HLX"
"ACH-000978","EN","Uterus","Endometrial Carcinoma","Endometrial Carcinoma","UCEC",0.680262265034905,FALSE,"HLX"
"ACH-000979","DU 145","Prostate","Prostate Adenocarcinoma","Prostate Adenocarcinoma","PRAD",-0.0529749841355028,FALSE,"HLX"
"ACH-000980","NCI-H1155","Lung","Non-Small Cell Lung Cancer","Large Cell Lung Carcinoma","LCLC",-0.0369307726607974,FALSE,"HLX"
"ACH-000981","DND-41","Lymphoid","T-Lymphoblastic Leukemia/Lymphoma","T-Lymphoblastic Leukemia/Lymphoma","TLL",NA,FALSE,"HLX"
"ACH-000982","GP2d","Bowel","Colorectal Adenocarcinoma","Colon Adenocarcinoma","COAD",NA,FALSE,"HLX"
"ACH-000983","KCL-22","Myeloid","Myeloproliferative Neoplasms","Chronic Myeloid Leukemia, BCR-ABL1+","CMLBCRABL1",-0.0309930298643056,FALSE,"HLX"
"ACH-000984","HEC-6","Uterus","Endometrial Carcinoma","Uterine Adenosquamous Carcinoma","UASC",-0.0113324737544472,FALSE,"HLX"
"ACH-000985","LS411N","Bowel","Colorectal Adenocarcinoma","Colon Adenocarcinoma","COAD",0.122382612978519,FALSE,"HLX"
"ACH-000986","HT115","Bowel","Colorectal Adenocarcinoma","Colon Adenocarcinoma","COAD",-0.0426172308492195,FALSE,"HLX"
"ACH-000987","MeWo","Skin","Melanoma","Cutaneous Melanoma","SKCM",NA,FALSE,"HLX"
"ACH-000988","MFE-319","Uterus","Endometrial Carcinoma","Uterine Adenosquamous Carcinoma","UASC",-0.0566946732254004,FALSE,"HLX"
"ACH-000989","SNU-175","Bowel","Colorectal Adenocarcinoma","Mucinous Adenocarcinoma of the Colon and Rectum","MACR",NA,FALSE,"HLX"
"ACH-000990","HEC-108","Uterus","Endometrial Carcinoma","Endometrial Carcinoma","UCEC",NA,FALSE,"HLX"
"ACH-000991","SNU-81","Bowel","Colorectal Adenocarcinoma","Colon Adenocarcinoma","COAD",0.0885880387764324,FALSE,"HLX"
"ACH-000992","BICR 18","Head and Neck","Head and Neck Squamous Cell Carcinoma","Larynx Squamous Cell Carcinoma","LXSC",NA,FALSE,"HLX"
"ACH-000993","JHUEM-7","Uterus","Endometrial Carcinoma","Endometrial Carcinoma","UCEC",0.00483263307454011,FALSE,"HLX"
"ACH-000994","HEC-59","Uterus","Endometrial Carcinoma","Endometrial Carcinoma","UCEC",-0.0968534394595334,FALSE,"HLX"
"ACH-000995","JURKAT","Lymphoid","T-Lymphoblastic Leukemia/Lymphoma","T-Lymphoblastic Leukemia/Lymphoma","TLL",0.180124673093404,FALSE,"HLX"
"ACH-000996","HEC-251","Uterus","Endometrial Carcinoma","Endometrial Carcinoma","UCEC",0.00959096368048503,FALSE,"HLX"
"ACH-000997","HCT-15","Bowel","Colorectal Adenocarcinoma","Colon Adenocarcinoma","COAD",0.0772156066538862,FALSE,"HLX"
"ACH-000998","CW-2","Bowel","Colorectal Adenocarcinoma","Colon Adenocarcinoma","COAD",NA,FALSE,"HLX"
"ACH-000999","SNU-1040","Bowel","Colorectal Adenocarcinoma","Colon Adenocarcinoma","COAD",NA,FALSE,"HLX"
"ACH-001000","1321N1","CNS/Brain","Diffuse Glioma","Astrocytoma","ASTR",NA,FALSE,"HLX"
"ACH-001001","143B","Bone","Osteosarcoma","Osteosarcoma","OS",0.012518881243074,FALSE,"HLX"
"ACH-001002","451Lu","Skin","Melanoma","Cutaneous Melanoma","SKCM",NA,FALSE,"HLX"
"ACH-001007","A673STAG2KO16","Bone","Ewing Sarcoma","Ewing Sarcoma","ES",NA,FALSE,"HLX"
"ACH-001008","A673STAG2KO45","Bone","Ewing Sarcoma","Ewing Sarcoma","ES",NA,FALSE,"HLX"
"ACH-001009","A673STAG2NT14","Bone","Ewing Sarcoma","Ewing Sarcoma","ES",NA,FALSE,"HLX"
"ACH-001010","A673STAG2NT23","Bone","Ewing Sarcoma","Ewing Sarcoma","ES",NA,FALSE,"HLX"
"ACH-001015","AZ521","Bowel","Small Bowel Cancer","Duodenal Adenocarcinoma","DA",NA,FALSE,"HLX"
"ACH-001016","Becker","CNS/Brain","Diffuse Glioma","Astrocytoma","ASTR",-0.070221216760465,FALSE,"HLX"
"ACH-001017","BGC823","Cervix","Cervical Adenocarcinoma","Endocervical Adenocarcinoma","ECAD",NA,FALSE,"HLX"
"ACH-001018","BJ hTERT","Fibroblast","Non-Cancerous","Fibroblast, NOS","",NA,FALSE,"HLX"
"ACH-001019","BroLi","Skin","Merkel Cell Carcinoma","Merkel Cell Carcinoma","MCC",NA,FALSE,"HLX"
"ACH-001020","BT-16","CNS/Brain","Embryonal Tumor","Atypical Teratoid/Rhabdoid Tumor","ATRT",0.0688666334686748,FALSE,"HLX"
"ACH-001021","C3A","Liver","Hepatoblastoma","Hepatoblastoma","LIHB",NA,FALSE,"HLX"
"ACH-001022","CB-AGPN","Bone","Ewing Sarcoma","Ewing Sarcoma","ES",NA,FALSE,"HLX"
"ACH-001023","CGTH-W-1","Head and Neck","Head and Neck Squamous Cell Carcinoma","Head and Neck Squamous Cell Carcinoma","HNSC",NA,FALSE,"HLX"
"ACH-001024","CHL-1","Skin","Melanoma","Melanoma","MEL",NA,FALSE,"HLX"
"ACH-001028","CHLA-06","CNS/Brain","Embryonal Tumor","Atypical Teratoid/Rhabdoid Tumor","ATRT",0.00634948759336925,FALSE,"HLX"
"ACH-001029","CHLA-10","Bone","Ewing Sarcoma","Ewing Sarcoma","ES",-0.0370931389792289,FALSE,"HLX"
"ACH-001030","CHLA-218","Bone","Ewing Sarcoma","Ewing Sarcoma","ES",NA,FALSE,"HLX"
"ACH-001031","CHLA-266","CNS/Brain","Embryonal Tumor","Atypical Teratoid/Rhabdoid Tumor","ATRT",-0.0114515170582008,FALSE,"HLX"
"ACH-001032","CHLA-32","Bone","Ewing Sarcoma","Ewing Sarcoma","ES",NA,FALSE,"HLX"
"ACH-001033","CHLA-57","CNS/Brain","Embryonal Tumor","Primitive Neuroectodermal Tumor","PNET",-0.421152061100988,FALSE,"HLX"
"ACH-001034","CHLA-9","Bone","Ewing Sarcoma","Ewing Sarcoma","ES",NA,FALSE,"HLX"
"ACH-001035","CHLA-99","Bone","Ewing Sarcoma","Ewing Sarcoma","ES",NA,FALSE,"HLX"
"ACH-001036","CMK-11-5","Myeloid","Acute Myeloid Leukemia","Myeloid Leukemia Associated with Down Syndrome","MLADS",-0.102789538900142,FALSE,"HLX"
"ACH-001037","CMK-86","Myeloid","Acute Myeloid Leukemia","Myeloid Leukemia Associated with Down Syndrome","MLADS",NA,FALSE,"HLX"
"ACH-001038","COG-E-352","Bone","Ewing Sarcoma","Ewing Sarcoma","ES",-0.000209079245113538,FALSE,"HLX"
"ACH-001039","COLO 205","Bowel","Colorectal Adenocarcinoma","Colon Adenocarcinoma","COAD",-0.294965406820629,FALSE,"HLX"
"ACH-001041","CHL-1-DM","Skin","Melanoma","Melanoma","MEL",0.0253475544453982,FALSE,"HLX"
"ACH-001042","COLO-704","Uterus","Endometrial Carcinoma","Endometrial Carcinoma","UCEC",NA,FALSE,"HLX"
"ACH-001043","COLO 775","Lymphoid","Mature B-Cell Neoplasms","Plasma Cell Myeloma","PCM",NA,FALSE,"HLX"
"ACH-001044","COLO 818","Skin","Melanoma","Cutaneous Melanoma","SKCM",NA,FALSE,"HLX"
"ACH-001045","COLO 849","Skin","Melanoma","Cutaneous Melanoma","SKCM",NA,FALSE,"HLX"
"ACH-001046","COR-L26","Lung","Lung Neuroendocrine Tumor","Small Cell Lung Cancer","SCLC",NA,FALSE,"HLX"
"ACH-001047","COR-L51","Lung","Lung Neuroendocrine Tumor","Small Cell Lung Cancer","SCLC",NA,FALSE,"HLX"
"ACH-001048","COV504","Ovary/Fallopian Tube","Ovarian Epithelial Tumor","Serous Ovarian Cancer","SOC",-0.0491908744863903,FALSE,"HLX"
"ACH-001049","CPC-N","Lung","Lung Neuroendocrine Tumor","Small Cell Lung Cancer","SCLC",NA,FALSE,"HLX"
"ACH-001050","CW9019","Soft Tissue","Rhabdomyosarcoma","Alveolar Rhabdomyosarcoma","ARMS",-0.167138555042888,FALSE,"HLX"
"ACH-001052","D384","CNS/Brain","Embryonal Tumor","Medulloblastoma","MBL",NA,TRUE,"HLX"
"ACH-001053","D425","CNS/Brain","Embryonal Tumor","Medulloblastoma","MBL",0.0349564608454643,TRUE,"HLX"
"ACH-001054","D458","CNS/Brain","Embryonal Tumor","Medulloblastoma","MBL",0.0188269038382263,TRUE,"HLX"
"ACH-001055","D556","CNS/Brain","Embryonal Tumor","Medulloblastoma","MBL",NA,TRUE,"HLX"
"ACH-001057","DERL-2","Lymphoid","Mature T and NK Neoplasms","Hepatosplenic T-cell Lymphoma","HSTCL",NA,FALSE,"HLX"
"ACH-001059","DL","Soft Tissue","Rhabdoid Cancer","Extrarenal Rhabdoid Cancer","",NA,FALSE,"HLX"
"ACH-001060","DL-40","Lymphoid","Mature T and NK Neoplasms","Anaplastic Large-Cell Lymphoma ALK Negative","ALCLALKN",NA,FALSE,"HLX"
"ACH-001061","DLD-1","Bowel","Colorectal Adenocarcinoma","Colon Adenocarcinoma","COAD",0.0648026154942521,FALSE,"HLX"
"ACH-001063","DOV13","Ovary/Fallopian Tube","Ovarian Epithelial Tumor","Serous Ovarian Cancer","SOC",NA,FALSE,"HLX"
"ACH-001064","EB-2","Lymphoid","Mature B-Cell Neoplasms","Burkitt Lymphoma","BL",NA,FALSE,"HLX"
"ACH-001065","Evsa-T","Breast","Invasive Breast Carcinoma","Breast Invasive Lobular Carcinoma","ILC",0.135397915456883,FALSE,"HLX"
"ACH-001066","EWS-834","Bone","Ewing Sarcoma","Ewing Sarcoma","ES",NA,FALSE,"HLX"
"ACH-001067","F5","CNS/Brain","Meningothelial Tumor","Meningioma","MNG",0.0858468060245594,FALSE,"HLX"
"ACH-001068","FE-PD","Lymphoid","Mature T and NK Neoplasms","Anaplastic Large-Cell Lymphoma ALK Negative","ALCLALKN",NA,FALSE,"HLX"
"ACH-001071","GLC-82","Cervix","Cervical Adenocarcinoma","Endocervical Adenocarcinoma","ECAD",NA,FALSE,"HLX"
"ACH-001072","GR-M","Pancreas","Pancreatic Adenocarcinoma","Pancreatic Adenocarcinoma","PAAD",NA,FALSE,"HLX"
"ACH-001075","NCI-H292","Lung","Non-Small Cell Lung Cancer","Mucoepidermoid Carcinoma of the Lung","LUMEC",0.0408648770990394,FALSE,"HLX"
"ACH-001079","HCC1897","Lung","Non-Small Cell Lung Cancer","Lung Squamous Cell Carcinoma","LUSC",NA,FALSE,"HLX"
"ACH-001081","HCC2998","Bowel","Colorectal Adenocarcinoma","Colon Adenocarcinoma","COAD",0.185125899839269,FALSE,"HLX"
"ACH-001084","HCT-8","Bowel","Colorectal Adenocarcinoma","Colon Adenocarcinoma","COAD",NA,FALSE,"HLX"
"ACH-001086","HeLa","Cervix","Cervical Adenocarcinoma","Endocervical Adenocarcinoma","ECAD",NA,FALSE,"HLX"
"ACH-001087","HK-2","Kidney","Non-Cancerous","Immortalized Embyonic Kidney Cells","",NA,FALSE,"HLX"
"ACH-001088","HLC-1","Lung","Non-Small Cell Lung Cancer","Lung Adenocarcinoma","LUAD",NA,FALSE,"HLX"
"ACH-001089","HLE","Liver","Hepatocellular Carcinoma","Hepatocellular Carcinoma","HCC",NA,FALSE,"HLX"
"ACH-001090","HN","Head and Neck","Head and Neck Squamous Cell Carcinoma","Oral Cavity Squamous Cell Carcinoma","OCSC",NA,FALSE,"HLX"
"ACH-001091","HRT18","Bowel","Colorectal Adenocarcinoma","Colon Adenocarcinoma","COAD",NA,FALSE,"HLX"
"ACH-001093","Hs 604.T","Fibroblast","Non-Cancerous","Fibroblast","",NA,FALSE,"HLX"
"ACH-001094","HTK-","Bone","Osteosarcoma","Osteosarcoma","OS",NA,FALSE,"HLX"
"ACH-001096","JR","Soft Tissue","Rhabdomyosarcoma","Alveolar Rhabdomyosarcoma","ARMS",0.0660910821970334,FALSE,"HLX"
"ACH-001097","KARPAS-384","Lymphoid","Mature T and NK Neoplasms","Adult T-Cell Leukemia/Lymphoma","ATLL",NA,FALSE,"HLX"
"ACH-001098","KCI-MOH1","Pancreas","Pancreatic Adenocarcinoma","Pancreatic Adenocarcinoma","PAAD",0.15039671135975,FALSE,"HLX"
"ACH-001099","KD","Soft Tissue","Rhabdoid Cancer","Extrarenal Rhabdoid Cancer","",0.0295591556633165,FALSE,"HLX"
"ACH-001100","KHYG-1","Lymphoid","T-Lymphoblastic Leukemia/Lymphoma","Natural Killer (NK) Cell Lymphoblastic Leukemia/Lymphoma (NKCLL)","NKCLL",NA,FALSE,"HLX"
"ACH-001101","KLM-1","Pancreas","Pancreatic Adenocarcinoma","Pancreatic Adenocarcinoma","PAAD",NA,FALSE,"HLX"
"ACH-001106","KOPN-8","Lymphoid","B-Lymphoblastic Leukemia/Lymphoma","B-Lymphoblastic Leukemia/Lymphoma with t(v;11q23.3);KMT2A Rearranged","BLLKMT2A",NA,FALSE,"HLX"
"ACH-001107","KP-1N","Pancreas","Pancreatic Adenocarcinoma","Pancreatic Adenocarcinoma","PAAD",-0.0574823822802997,FALSE,"HLX"
"ACH-001109","KP-MRT-RY","Kidney","Rhabdoid Cancer","Rhabdoid Cancer","MRT",NA,FALSE,"HLX"
"ACH-001111","L82","Lymphoid","Mature T and NK Neoplasms","Anaplastic Large-Cell Lymphoma ALK Positive","ALCLALKP",-0.155932400465528,FALSE,"HLX"
"ACH-001113","LC-1/sq-SF","Lung","Non-Small Cell Lung Cancer","Lung Squamous Cell Carcinoma","LUSC",NA,FALSE,"HLX"
"ACH-001118","M059J","CNS/Brain","Diffuse Glioma","Glioblastoma","GB",NA,FALSE,"HLX"
"ACH-001119","Mac-2A","Lymphoid","Mature T and NK Neoplasms","Anaplastic Large-Cell Lymphoma ALK Negative","ALCLALKN",0.0455668047815349,FALSE,"HLX"
"ACH-001121","MEC2","Lymphoid","Mature B-Cell Neoplasms","Chronic Lymphocytic Leukemia/Small Lymphocytic Lymphoma","CLLSLL",NA,FALSE,"HLX"
"ACH-001122","MKL-1","Skin","Merkel Cell Carcinoma","Merkel Cell Carcinoma","MCC",NA,FALSE,"HLX"
"ACH-001123","MKL-2","Skin","Merkel Cell Carcinoma","Merkel Cell Carcinoma","MCC",NA,FALSE,"HLX"
"ACH-001125","MOG-G-CCM","CNS/Brain","Diffuse Glioma","Anaplastic Astrocytoma","AASTR",NA,FALSE,"HLX"
"ACH-001126","MOG-G-UVW","CNS/Brain","Diffuse Glioma","Anaplastic Astrocytoma","AASTR",0.185919626592663,FALSE,"HLX"
"ACH-001127","MOLT-4","Lymphoid","T-Lymphoblastic Leukemia/Lymphoma","T-Lymphoblastic Leukemia/Lymphoma","TLL",NA,FALSE,"HLX"
"ACH-001128","MON","Soft Tissue","Rhabdoid Cancer","Extrarenal Rhabdoid Cancer","",-0.506915059334693,FALSE,"HLX"
"ACH-001129","MONO-MAC-1","Myeloid","Acute Myeloid Leukemia","Acute Monoblastic/Monocytic Leukemia","AMOL",-0.244435535075552,FALSE,"HLX"
"ACH-001130","MOTN-1","Lymphoid","Mature T and NK Neoplasms","T-Cell Large Granular Lymphocytic Leukemia","TLGL",NA,FALSE,"HLX"
"ACH-001131","MS-1","Skin","Merkel Cell Carcinoma","Merkel Cell Carcinoma","MCC",NA,FALSE,"HLX"
"ACH-001132","MTA","Lymphoid","T-Lymphoblastic Leukemia/Lymphoma","Natural Killer (NK) Cell Lymphoblastic Leukemia/Lymphoma (NKCLL)","NKCLL",NA,FALSE,"HLX"
"ACH-001134","MYLA","Lymphoid","T-Lymphoblastic Leukemia/Lymphoma","T-Lymphoblastic Leukemia/Lymphoma","TLL",0.250750198304338,FALSE,"HLX"
"ACH-001136","NCI-H187","Lung","Lung Neuroendocrine Tumor","Small Cell Lung Cancer","SCLC",NA,FALSE,"HLX"
"ACH-001137","NCI-H1993","Lung","Non-Small Cell Lung Cancer","Lung Adenocarcinoma","LUAD",0.0801425336480112,FALSE,"HLX"
"ACH-001138","NCI-H2141","Lung","Lung Neuroendocrine Tumor","Small Cell Lung Cancer","SCLC",NA,FALSE,"HLX"
"ACH-001142","NHAHTDD","CNS/Brain","Non-Cancerous","Immortalized Epithelial Cells, CNS","",NA,FALSE,"HLX"
"ACH-001143","NKL","Lymphoid","T-Lymphoblastic Leukemia/Lymphoma","Natural Killer (NK) Cell Lymphoblastic Leukemia/Lymphoma (NKCLL)","NKCLL",NA,FALSE,"HLX"
"ACH-001144","OC315","Ovary/Fallopian Tube","Ovarian Epithelial Tumor","Serous Ovarian Cancer","SOC",NA,FALSE,"HLX"
"ACH-001145","OC 316","Ovary/Fallopian Tube","Ovarian Epithelial Tumor","Serous Ovarian Cancer","SOC",0.0367667624228795,FALSE,"HLX"
"ACH-001146","OCI-Ly10","Lymphoid","Mature B-Cell Neoplasms","Activated B-cell Type","ABC",NA,FALSE,"HLX"
"ACH-001147","OCI-Ly12","Lymphoid","Mature T and NK Neoplasms","Follicular T-Cell Lymphoma","FTCL",NA,FALSE,"HLX"
"ACH-001148","OCILY-132","Lymphoid","Mature B-Cell Neoplasms","Diffuse Large B-Cell Lymphoma, NOS","DLBCLNOS",NA,FALSE,"HLX"
"ACH-001150","OUMS-27","Bone","Chondrosarcoma","Chondrosarcoma","CHS",NA,FALSE,"HLX"
"ACH-001151","OVCAR-5","Ovary/Fallopian Tube","Ovarian Epithelial Tumor","High-Grade Serous Ovarian Cancer","HGSOC",-0.0529004771917666,FALSE,"HLX"
"ACH-001162","PCM6","Lymphoid","Mature B-Cell Neoplasms","Plasma Cell Myeloma","PCM",NA,FALSE,"HLX"
"ACH-001163","CCLF_PEDS_0001_T","Kidney","Renal Cell Carcinoma","Renal Medullary Carcinoma","MRC",0.197370804391751,FALSE,"HLX"
"ACH-001164","CCLF_PEDS_0003_T","Soft Tissue","Undifferentiated Pleomorphic Sarcoma/Malignant Fibrous Histiocytoma/High-Grade Spindle Cell Sarcoma","Undifferentiated Pleomorphic Sarcoma/Malignant Fibrous Histiocytoma/High-Grade Spindle Cell Sarcoma","MFH",-0.21454653401165,FALSE,"HLX"
"ACH-001170","PeTa","Skin","Merkel Cell Carcinoma","Merkel Cell Carcinoma","MCC",NA,FALSE,"HLX"
"ACH-001171","PL45","Pancreas","Pancreatic Adenocarcinoma","Pancreatic Adenocarcinoma","PAAD",NA,FALSE,"HLX"
"ACH-001172","U-251 MG DM","CNS/Brain","Diffuse Glioma","Astrocytoma","ASTR",-0.0085014755638214,FALSE,"HLX"
"ACH-001175","RCC-4","Kidney","Renal Cell Carcinoma","Renal Clear Cell Carcinoma","CCRCC",NA,FALSE,"HLX"
"ACH-001182","RPMI 6666","Lymphoid","B-Lymphoblastic Leukemia/Lymphoma","B-Lymphoblastic Leukemia/Lymphoma","BLL",NA,FALSE,"HLX"
"ACH-001183","RT112/84","Bladder/Urinary Tract","Bladder Urothelial Carcinoma","Bladder Urothelial Carcinoma","BLCA",0.0081380295483067,FALSE,"HLX"
"ACH-001184","SCMC-RM2","Soft Tissue","Rhabdomyosarcoma","Alveolar Rhabdomyosarcoma","ARMS",-0.0224996594203311,FALSE,"HLX"
"ACH-001188","SH-SY5Y","Peripheral Nervous System","Neuroblastoma","Neuroblastoma","NBL",-0.0797944747573,FALSE,"HLX"
"ACH-001189","SJRH-30","Soft Tissue","Rhabdomyosarcoma","Alveolar Rhabdomyosarcoma","ARMS",NA,FALSE,"HLX"
"ACH-001190","SK-MEL-2","Skin","Melanoma","Melanoma","MEL",-0.0734204482130557,FALSE,"HLX"
"ACH-001192","SK-NEP-1","Bone","Ewing Sarcoma","Ewing Sarcoma","ES",0.122621328128276,FALSE,"HLX"
"ACH-001193","SK-PN-DW","Bone","Ewing Sarcoma","Ewing Sarcoma","ES",0.170033662124738,FALSE,"HLX"
"ACH-001194","SK-RC-31","Kidney","Renal Cell Carcinoma","Renal Cell Carcinoma","RCC",-0.00718584436467169,FALSE,"HLX"
"ACH-001196","SMS-CTR","Soft Tissue","Rhabdomyosarcoma","Embryonal Rhabdomyosarcoma","ERMS",-0.1985059877293,FALSE,"HLX"
"ACH-001197","SMZ-1","Lymphoid","Non-Hodgkin Lymphoma","Mature T and NK Neoplasms","MTNN",0.0391290871030165,FALSE,"HLX"
"ACH-001198","SNB19","CNS/Brain","Diffuse Glioma","Astrocytoma","ASTR",NA,FALSE,"HLX"
"ACH-001199","SNUC2B","Bowel","Colorectal Adenocarcinoma","Colon Adenocarcinoma","COAD",NA,FALSE,"HLX"
"ACH-001200","STM91-01","Kidney","Rhabdoid Cancer","Rhabdoid Cancer","MRT",NA,FALSE,"HLX"
"ACH-001201","SU-MB-002","CNS/Brain","Embryonal Tumor","Medulloblastoma","MBL",NA,TRUE,"HLX"
"ACH-001203","SUP-HD1","Lymphoid","Hodgkin Lymphoma","Hodgkin Lymphoma","HL",NA,FALSE,"HLX"
"ACH-001205","TC-32","Bone","Ewing Sarcoma","Ewing Sarcoma","ES",0.182430260293877,FALSE,"HLX"
"ACH-001206","TTC-466","Bone","Ewing Sarcoma","Ewing Sarcoma","ES",NA,FALSE,"HLX"
"ACH-001207","TIG-3 TD","Fibroblast","Non-Cancerous","Fibroblast, Lung","",NA,FALSE,"HLX"
"ACH-001208","TK-10","Kidney","Renal Cell Carcinoma","Renal Clear Cell Carcinoma","CCRCC",NA,FALSE,"HLX"
"ACH-001209","TOM-1","Lymphoid","B-Lymphoblastic Leukemia/Lymphoma","B-Lymphoblastic Leukemia/Lymphoma with t(9;22)(q34.1;q11.2);BCR-ABL1","BLLBCRABL1",NA,FALSE,"HLX"
"ACH-001210","TTC-1240","Kidney","Rhabdoid Cancer","Rhabdoid Cancer","MRT",NA,FALSE,"HLX"
"ACH-001211","TTC-549","Soft Tissue","Rhabdoid Cancer","Extrarenal Rhabdoid Cancer","",0.0558938919071595,FALSE,"HLX"
"ACH-001212","TTC-642","Soft Tissue","Rhabdoid Cancer","Extrarenal Rhabdoid Cancer","",NA,FALSE,"HLX"
"ACH-001214","U-138 MG","CNS/Brain","Diffuse Glioma","Glioblastoma","GB",NA,FALSE,"HLX"
"ACH-001224","UM-RC-2","Kidney","Renal Cell Carcinoma","Renal Clear Cell Carcinoma","CCRCC",NA,FALSE,"HLX"
"ACH-001225","UM-RC-6","Kidney","Renal Cell Carcinoma","Renal Cell Carcinoma","RCC",NA,FALSE,"HLX"
"ACH-001227","UPCI-SCC-090","Head and Neck","Head and Neck Squamous Cell Carcinoma","Oral Cavity Squamous Cell Carcinoma","OCSC",-0.239581103888554,FALSE,"HLX"
"ACH-001228","UPCI-SCC-152","Head and Neck","Head and Neck Squamous Cell Carcinoma","Oral Cavity Squamous Cell Carcinoma","OCSC",-0.128458331075971,FALSE,"HLX"
"ACH-001229","UPCI-SCC-154","Head and Neck","Head and Neck Squamous Cell Carcinoma","Oral Cavity Squamous Cell Carcinoma","OCSC",-0.0371596565588787,FALSE,"HLX"
"ACH-001230","UT-7","Myeloid","Acute Myeloid Leukemia","Acute Megakaryoblastic Leukemia","AMKL",NA,FALSE,"HLX"
"ACH-001232","UW228","CNS/Brain","Embryonal Tumor","Medulloblastoma","MBL",0.0884988529780835,TRUE,"HLX"
"ACH-001233","VMRC-LCD","Lung","Non-Small Cell Lung Cancer","Lung Adenocarcinoma","LUAD",0.0339571567688794,FALSE,"HLX"
"ACH-001234","VMRC-LCP","Lung","Non-Small Cell Lung Cancer","Lung Squamous Cell Carcinoma","LUSC",NA,FALSE,"HLX"
"ACH-001239","WM-266-4","Skin","Melanoma","Melanoma","MEL",0.0701387053045257,FALSE,"HLX"
"ACH-001249","YMB-1","Breast","Invasive Breast Carcinoma","Breast Invasive Ductal Carcinoma","IDC",NA,FALSE,"HLX"
"ACH-001270","1273/99","Soft Tissue","Synovial Sarcoma","Synovial Sarcoma","SYNS",-0.0324528474103947,FALSE,"HLX"
"ACH-001272","Fuji","Soft Tissue","Synovial Sarcoma","Synovial Sarcoma","SYNS",NA,FALSE,"HLX"
"ACH-001274","SW982","Soft Tissue","Synovial Sarcoma","Synovial Sarcoma","SYNS",-0.215598493409779,FALSE,"HLX"
"ACH-001275","OSA 1777","Bone","Osteosarcoma","Osteosarcoma","OS",-0.194823949941426,FALSE,"HLX"
"ACH-001277","Yamato","Soft Tissue","Synovial Sarcoma","Synovial Sarcoma","SYNS",-0.18190819958999,FALSE,"HLX"
"ACH-001278","BIN-67","Ovary/Fallopian Tube","Ovarian Epithelial Tumor","Small Cell Carcinoma of the Ovary","SCCO",-0.0758296750610741,FALSE,"HLX"
"ACH-001279","SCCOHT-1","Ovary/Fallopian Tube","Ovarian Epithelial Tumor","Small Cell Carcinoma of the Ovary","SCCO",0.205135727833102,FALSE,"HLX"
"ACH-001280","SCS-214","Soft Tissue","Synovial Sarcoma","Synovial Sarcoma","SYNS",-0.0696566430784729,FALSE,"HLX"
"ACH-001282","CHLA-258","Bone","Ewing Sarcoma","Ewing Sarcoma","ES",NA,FALSE,"HLX"
"ACH-001283","TC-106","Bone","Ewing Sarcoma","Ewing Sarcoma","ES",-0.100137988819611,FALSE,"HLX"
"ACH-001289","COG-AR-359","CNS/Brain","Embryonal Tumor","Atypical Teratoid/Rhabdoid Tumor","ATRT",0.315441090609499,FALSE,"HLX"
"ACH-001295","Y-79","Eye","Retinoblastoma","Retinoblastoma","RBL",-0.17004961642409,FALSE,"HLX"
"ACH-001300","CHLA-15","Peripheral Nervous System","Neuroblastoma","Neuroblastoma","NBL",0.190309829455362,FALSE,"HLX"
"ACH-001301","COG-N-278","Peripheral Nervous System","Neuroblastoma","Neuroblastoma","NBL",0.219938998870469,FALSE,"HLX"
"ACH-001302","COG-N-305","Peripheral Nervous System","Neuroblastoma","Neuroblastoma","NBL",0.190529883141118,FALSE,"HLX"
"ACH-001303","NB-1643","Peripheral Nervous System","Neuroblastoma","Neuroblastoma","NBL",0.00188460673647016,FALSE,"HLX"
"ACH-001306","8305C","Thyroid","Anaplastic Thyroid Cancer","Anaplastic Thyroid Cancer","THAP",-0.174113640594218,FALSE,"HLX"
"ACH-001307","8505C","Thyroid","Anaplastic Thyroid Cancer","Anaplastic Thyroid Cancer","THAP",0.0727063039448133,FALSE,"HLX"
"ACH-001310","HA1E","Kidney","Non-Cancerous","Immortalized Embyonic Kidney Cells","",-0.242564790625549,FALSE,"HLX"
"ACH-001318","PLC/PRF/5","Liver","Hepatocellular Carcinoma","Hepatocellular Carcinoma","HCC",0.16269800457443,FALSE,"HLX"
"ACH-001321","TT","Thyroid","Medullary Thyroid Cancer","Medullary Thyroid Cancer","THME",NA,FALSE,"HLX"
"ACH-001322","CME-1","Soft Tissue","Synovial Sarcoma","Synovial Sarcoma","SYNS",-0.0266554899361271,FALSE,"HLX"
"ACH-001328","A-431","Skin","Cutaneous Squamous Cell Carcinoma","Cutaneous Squamous Cell Carcinoma","CSCC",0.0430612767453398,FALSE,"HLX"
"ACH-001329","ANGM-CSS","CNS/Brain","Diffuse Glioma","Glioblastoma","GB",0.0220616161278479,FALSE,"HLX"
"ACH-001331","BICR 10","Head and Neck","Head and Neck Squamous Cell Carcinoma","Oral Cavity Squamous Cell Carcinoma","OCSC",-0.130697653371379,FALSE,"HLX"
"ACH-001332","BICR 78","Head and Neck","Head and Neck Squamous Cell Carcinoma","Oral Cavity Squamous Cell Carcinoma","OCSC",-0.0273293636709885,FALSE,"HLX"
"ACH-001333","C-33 A","Cervix","Cervical Squamous Cell Carcinoma","Cervical Squamous Cell Carcinoma","CESC",-0.210151536768759,FALSE,"HLX"
"ACH-001334","C-4 I","Cervix","Cervical Squamous Cell Carcinoma","Cervical Squamous Cell Carcinoma","CESC",-0.0913910499113755,FALSE,"HLX"
"ACH-001335","C-4 II","Cervix","Cervical Squamous Cell Carcinoma","Cervical Squamous Cell Carcinoma","CESC",0.0125593977630324,FALSE,"HLX"
"ACH-001336","Ca Ski","Cervix","Cervical Squamous Cell Carcinoma","Cervical Squamous Cell Carcinoma","CESC",-0.204342409745289,FALSE,"HLX"
"ACH-001338","CHP-134","Peripheral Nervous System","Neuroblastoma","Neuroblastoma","NBL",-0.187256710493185,FALSE,"HLX"
"ACH-001339","Colo 794","Skin","Melanoma","Cutaneous Melanoma","SKCM",NA,FALSE,"HLX"
"ACH-001340","COV413A","Ovary/Fallopian Tube","Ovarian Epithelial Tumor","Serous Ovarian Cancer","SOC",0.115411402314911,FALSE,"HLX"
"ACH-001341","DoTc2 4510","Cervix","Mixed Cervical Carcinoma","Mixed Cervical Carcinoma","MCCE",-0.0329784302039282,FALSE,"HLX"
"ACH-001344","GI-ME-N","Peripheral Nervous System","Neuroblastoma","Neuroblastoma","NBL",-0.10097499247188,FALSE,"HLX"
"ACH-001345","GP5d","Bowel","Colorectal Adenocarcinoma","Colon Adenocarcinoma","COAD",-0.0761622804580967,FALSE,"HLX"
"ACH-001346","H103","Head and Neck","Head and Neck Squamous Cell Carcinoma","Oral Cavity Squamous Cell Carcinoma","OCSC",0.17232619262345,FALSE,"HLX"
"ACH-001347","H157","Head and Neck","Head and Neck Squamous Cell Carcinoma","Oral Cavity Squamous Cell Carcinoma","OCSC",-0.146204224713839,FALSE,"HLX"
"ACH-001350","HTC-C3","Thyroid","Anaplastic Thyroid Cancer","Anaplastic Thyroid Cancer","THAP",NA,FALSE,"HLX"
"ACH-001353","JOPACA-1","Pancreas","Pancreatic Adenocarcinoma","Pancreatic Adenocarcinoma","PAAD",-0.0672638689060004,FALSE,"HLX"
"ACH-001354","LAN-2","Peripheral Nervous System","Neuroblastoma","Neuroblastoma","NBL",0.220091804836381,FALSE,"HLX"
"ACH-001355","LAN-6","Peripheral Nervous System","Neuroblastoma","Neuroblastoma","NBL",NA,FALSE,"HLX"
"ACH-001356","MB-1","Thyroid","Anaplastic Thyroid Cancer","Anaplastic Thyroid Cancer","THAP",-0.121174469530913,FALSE,"HLX"
"ACH-001357","MCF 10A","Breast","Non-Cancerous","Immortalized Breast Cells","",NA,FALSE,"HLX"
"ACH-001358","MDA-MB-330","Breast","Invasive Breast Carcinoma","Breast Invasive Lobular Carcinoma","ILC",NA,FALSE,"HLX"
"ACH-001359","ME-180","Cervix","Cervical Squamous Cell Carcinoma","Cervical Squamous Cell Carcinoma","CESC",NA,FALSE,"HLX"
"ACH-001360","MS751","Cervix","Cervical Squamous Cell Carcinoma","Cervical Squamous Cell Carcinoma","CESC",0.158304899504142,FALSE,"HLX"
"ACH-001362","NCI-H1770","Lung","Non-Small Cell Lung Cancer","Non-Small Cell Lung Cancer","NSCLC",NA,FALSE,"HLX"
"ACH-001363","NCI-H2135","Lung","Non-Small Cell Lung Cancer","Non-Small Cell Lung Cancer","NSCLC",NA,FALSE,"HLX"
"ACH-001364","NCI-H345","Lung","Lung Neuroendocrine Tumor","Small Cell Lung Cancer","SCLC",NA,FALSE,"HLX"
"ACH-001365","NCI-H847","Lung","Lung Neuroendocrine Tumor","Small Cell Lung Cancer","SCLC",NA,FALSE,"HLX"
"ACH-001366","NGP","Peripheral Nervous System","Neuroblastoma","Neuroblastoma","NBL",0.018761998959356,FALSE,"HLX"
"ACH-001367","NMB","Peripheral Nervous System","Neuroblastoma","Neuroblastoma","NBL",-0.337323508376403,FALSE,"HLX"
"ACH-001368","OAC-M5.1","Esophagus/Stomach","Esophagogastric Adenocarcinoma","Esophageal Adenocarcinoma","ESCA",0.0388118352117033,FALSE,"HLX"
"ACH-001369","OCI-C5x","Ovary/Fallopian Tube","Ovarian Epithelial Tumor","Clear Cell Ovarian Cancer","CCOV",NA,FALSE,"HLX"
"ACH-001370","OCI-P5x","Ovary/Fallopian Tube","Ovarian Epithelial Tumor","Serous Ovarian Cancer","SOC",-0.574595723409572,FALSE,"HLX"
"ACH-001373","OV17R","Ovary/Fallopian Tube","Ovarian Epithelial Tumor","Serous Ovarian Cancer","SOC",NA,FALSE,"HLX"
"ACH-001374","PA-1 [PA1]","Ovary/Fallopian Tube","Ovarian Germ Cell Tumor","Mixed Germ Cell Tumor","OMGCT",-0.358286940899217,FALSE,"HLX"
"ACH-001375","PACADD-119","Pancreas","Pancreatic Adenocarcinoma","Pancreatic Adenocarcinoma","PAAD",-0.12872583018158,FALSE,"HLX"
"ACH-001376","PACADD-135","Pancreas","Pancreatic Adenocarcinoma","Pancreatic Adenocarcinoma","PAAD",NA,FALSE,"HLX"
"ACH-001377","PACADD-137","Pancreas","Pancreatic Adenocarcinoma","Pancreatic Adenocarcinoma","PAAD",0.0711711721724177,FALSE,"HLX"
"ACH-001378","PACADD-159","Pancreas","Pancreatic Adenocarcinoma","Pancreatic Adenocarcinoma","PAAD",NA,FALSE,"HLX"
"ACH-001379","PACADD-161","Pancreas","Pancreatic Adenocarcinoma","Pancreatic Adenocarcinoma","PAAD",-0.252060001709684,FALSE,"HLX"
"ACH-001380","PACADD-165","Pancreas","Pancreatic Adenocarcinoma","Pancreatic Adenocarcinoma","PAAD",0.0922271341856266,FALSE,"HLX"
"ACH-001382","PACADD-188","Pancreas","Pancreatic Adenocarcinoma","Pancreatic Adenocarcinoma","PAAD",-0.253982130030692,FALSE,"HLX"
"ACH-001383","PWR-1E","Prostate","Non-Cancerous","Immortalized Prostate Cells","",NA,FALSE,"HLX"
"ACH-001384","RO82-W-1","Thyroid","Well-Differentiated Thyroid Cancer","Follicular Thyroid Cancer","THFO",NA,FALSE,"HLX"
"ACH-001385","RPMI 2650","Head and Neck","Head and Neck Carcinoma, Other","NUT Midline Carcinoma of the Head and Neck","NMCHN",-0.0884385191351188,FALSE,"HLX"
"ACH-001386","SCLC-22H","Lung","Lung Neuroendocrine Tumor","Small Cell Lung Cancer","SCLC",0.015403829586161,FALSE,"HLX"
"ACH-001388","SUM-102PT","Breast","Invasive Breast Carcinoma","Breast Invasive Ductal Carcinoma","IDC",0.00784186428356636,FALSE,"HLX"
"ACH-001389","SUM-1315MO2","Breast","Invasive Breast Carcinoma","Breast Invasive Ductal Carcinoma","IDC",0.0199325794965489,FALSE,"HLX"
"ACH-001390","SUM-149PT","Breast","Invasive Breast Carcinoma","Breast Invasive Ductal Carcinoma","IDC",-0.0547196617872614,FALSE,"HLX"
"ACH-001391","SUM-159PT","Breast","Invasive Breast Carcinoma","Invasive Breast Carcinoma","BRCA",-0.00508023114692895,FALSE,"HLX"
"ACH-001392","SUM-185PE","Breast","Invasive Breast Carcinoma","Invasive Breast Carcinoma","BRCA",-0.000237061233189475,FALSE,"HLX"
"ACH-001393","SUM-190PT","Breast","Invasive Breast Carcinoma","Invasive Breast Carcinoma","BRCA",0.0875840045994228,FALSE,"HLX"
"ACH-001394","SUM-229PE","Breast","Invasive Breast Carcinoma","Invasive Breast Carcinoma","BRCA",-0.190045338046758,FALSE,"HLX"
"ACH-001395","SUM-44PE","Breast","Invasive Breast Carcinoma","Breast Invasive Lobular Carcinoma","ILC",NA,FALSE,"HLX"
"ACH-001396","SUM-52PE","Breast","Invasive Breast Carcinoma","Invasive Breast Carcinoma","BRCA",0.195971242617114,FALSE,"HLX"
"ACH-001397","SUM225CWN","Breast","Invasive Breast Carcinoma","Breast Invasive Cancer, NOS","BRCANOS",NA,FALSE,"HLX"
"ACH-001398","SW 156","Kidney","Renal Cell Carcinoma","Renal Cell Carcinoma","RCC",0.145947762846482,FALSE,"HLX"
"ACH-001399","SW 626","Bowel","Colorectal Adenocarcinoma","Colon Adenocarcinoma","COAD",-0.0566404770401293,FALSE,"HLX"
"ACH-001400","SW 954","Vulva/Vagina","Squamous Cell Carcinoma of the Vulva/Vagina","Squamous Cell Carcinoma of the Vulva/Vagina","VSC",-0.0463086563536117,FALSE,"HLX"
"ACH-001401","SW-13","Adrenal Gland","Adrenocortical Carcinoma","Adrenocortical Carcinoma","ACC",0.147157849917833,FALSE,"HLX"
"ACH-001402","SW756","Cervix","Cervical Squamous Cell Carcinoma","Cervical Squamous Cell Carcinoma","CESC",0.00867581078713394,FALSE,"HLX"
"ACH-001403","TO14","Ovary/Fallopian Tube","Ovarian Epithelial Tumor","Serous Ovarian Cancer","SOC",0.0575022464858007,FALSE,"HLX"
"ACH-001407","UM-UC-13","Bladder/Urinary Tract","Bladder Urothelial Carcinoma","Bladder Urothelial Carcinoma","BLCA",-0.134806282342441,FALSE,"HLX"
"ACH-001408","UM-UC-14","Bladder/Urinary Tract","Urethral Cancer","Urethral Urothelial Carcinoma","UCU",-0.0157684330345848,FALSE,"HLX"
"ACH-001409","UM-UC-16","Bladder/Urinary Tract","Bladder Urothelial Carcinoma","Bladder Urothelial Carcinoma","BLCA",-0.456882659322803,FALSE,"HLX"
"ACH-001410","UM-UC-4","Bladder/Urinary Tract","Bladder Urothelial Carcinoma","Bladder Urothelial Carcinoma","BLCA",NA,FALSE,"HLX"
"ACH-001411","UM-UC-5","Bladder/Urinary Tract","Bladder Squamous Cell Carcinoma","Bladder Squamous Cell Carcinoma","BLSC",-0.165953141335283,FALSE,"HLX"
"ACH-001412","UM-UC-10","Bladder/Urinary Tract","Bladder Urothelial Carcinoma","Bladder Urothelial Carcinoma","BLCA",0.0654949738600542,FALSE,"HLX"
"ACH-001413","UM-UC-11","Bladder/Urinary Tract","Bladder Urothelial Carcinoma","Bladder Urothelial Carcinoma","BLCA",-0.0276920939704654,FALSE,"HLX"
"ACH-001414","UM-UC-6","Bladder/Urinary Tract","Bladder Urothelial Carcinoma","Bladder Urothelial Carcinoma","BLCA",-0.0567283560917837,FALSE,"HLX"
"ACH-001415","UM-UC7","Bladder/Urinary Tract","Bladder Urothelial Carcinoma","Bladder Urothelial Carcinoma","BLCA",0.203577527232342,FALSE,"HLX"
"ACH-001416","UM-UC9","Bladder/Urinary Tract","Bladder Urothelial Carcinoma","Bladder Urothelial Carcinoma","BLCA",-0.109638393797328,FALSE,"HLX"
"ACH-001417","UMC-11","Lung","Lung Neuroendocrine Tumor","Lung Carcinoid","LUCA",NA,FALSE,"HLX"
"ACH-001418","UWB1.289","Ovary/Fallopian Tube","Ovarian Epithelial Tumor","Serous Ovarian Cancer","SOC",0.0747390196382906,FALSE,"HLX"
"ACH-001419","VP229","Breast","Invasive Breast Carcinoma","Breast Invasive Ductal Carcinoma","IDC",0.105369921498715,FALSE,"HLX"
"ACH-001421","WERI-Rb-1","Eye","Retinoblastoma","Retinoblastoma","RBL",-0.115895104659349,FALSE,"HLX"
"ACH-001422","WPE1-NA22","Prostate","Non-Cancerous","Immortalized Epithelial Cells, Prostate","",0.108485122619919,FALSE,"HLX"
"ACH-001423","CCLF_PEDS_0002_T","Kidney","Wilms' Tumor","Wilms' Tumor","WT",NA,FALSE,"HLX"
"ACH-001427","CCLF_PEDS_0007_T","Bone","Ewing Sarcoma","Ewing Sarcoma","ES",NA,FALSE,"HLX"
"ACH-001428","CCLF_PEDS_0010_T","Bone","Ewing Sarcoma","Ewing Sarcoma","ES",NA,FALSE,"HLX"
"ACH-001430","TC-138","Bone","Ewing Sarcoma","Ewing Sarcoma","ES",0.0708367056273145,FALSE,"HLX"
"ACH-001431","TC-205","Bone","Ewing Sarcoma","Ewing Sarcoma","ES",0.131594455946648,FALSE,"HLX"
"ACH-001433","CCLF_PEDS_0008_T","Soft Tissue","Epithelioid Sarcoma","Epithelioid Sarcoma","EPIS",0.0259256302038456,FALSE,"HLX"
"ACH-001435","1156QE/8","Testis","Non-Seminomatous Germ Cell Tumor","Embryonal Carcinoma","EMBCA",NA,FALSE,"HLX"
"ACH-001436","1411H","Testis","Non-Seminomatous Germ Cell Tumor","Yolk Sac Tumor","TYST",0.0637528716347524,FALSE,"HLX"
"ACH-001437","1618-K","Testis","Non-Seminomatous Germ Cell Tumor","Embryonal Carcinoma","EMBCA",NA,FALSE,"HLX"
"ACH-001438","1777N Rpmet","Testis","Non-Seminomatous Germ Cell Tumor","Embryonal Carcinoma","EMBCA",NA,FALSE,"HLX"
"ACH-001440","833KE","Testis","Non-Seminomatous Germ Cell Tumor","Embryonal Carcinoma","EMBCA",NA,FALSE,"HLX"
"ACH-001441","92-1","Eye","Ocular Melanoma","Uveal Melanoma","UM",NA,FALSE,"HLX"
"ACH-001442","A388","Skin","Cutaneous Squamous Cell Carcinoma","Cutaneous Squamous Cell Carcinoma","CSCC",-0.0737304314927845,FALSE,"HLX"
"ACH-001443","ASH-3","Thyroid","Anaplastic Thyroid Cancer","Anaplastic Thyroid Cancer","THAP",0.00647252682509672,FALSE,"HLX"
"ACH-001445","BICR 3","Head and Neck","Head and Neck Squamous Cell Carcinoma","Oral Cavity Squamous Cell Carcinoma","OCSC",NA,FALSE,"HLX"
"ACH-001447","BJAB","Lymphoid","Mature B-Cell Neoplasms","Burkitt Lymphoma","BL",NA,FALSE,"HLX"
"ACH-001449","BL-2","Lymphoid","Mature B-Cell Neoplasms","Burkitt Lymphoma","BL",NA,FALSE,"HLX"
"ACH-001450","BLUE-1","Lymphoid","Mature B-Cell Neoplasms","Burkitt Lymphoma","BL",-0.0607971786655921,FALSE,"HLX"
"ACH-001451","BOKU","Cervix","Cervical Squamous Cell Carcinoma","Cervical Squamous Cell Carcinoma","CESC",-0.139451843496715,FALSE,"HLX"
"ACH-001452","BONNA-12","Lymphoid","Mature B-Cell Neoplasms","Hairy Cell Leukemia","HCL",NA,FALSE,"HLX"
"ACH-001453","BPH-1","Prostate","Non-Cancerous","Hyperplasia, Prostate","",-0.0507235504167689,FALSE,"HLX"
"ACH-001454","C10","Bowel","Colorectal Adenocarcinoma","Colon Adenocarcinoma","COAD",0.107080491654837,FALSE,"HLX"
"ACH-001456","C125PM","Bowel","Colorectal Adenocarcinoma","Colorectal Adenocarcinoma","COADREAD",NA,FALSE,"HLX"
"ACH-001458","C75","Bowel","Colorectal Adenocarcinoma","Colon Adenocarcinoma","COAD",0.239338327210621,FALSE,"HLX"
"ACH-001459","C80","Bowel","Colorectal Adenocarcinoma","Rectal Adenocarcinoma","READ",0.00108303906474946,FALSE,"HLX"
"ACH-001460","C84","Bowel","Colorectal Adenocarcinoma","Colon Adenocarcinoma","COAD",0.0225217957917493,FALSE,"HLX"
"ACH-001461","C99","Bowel","Colorectal Adenocarcinoma","Rectal Adenocarcinoma","READ",0.229498522160957,FALSE,"HLX"
"ACH-001465","CHLA-136","Peripheral Nervous System","Neuroblastoma","Neuroblastoma","NBL",NA,FALSE,"HLX"
"ACH-001481","CHLA-90","Peripheral Nervous System","Neuroblastoma","Neuroblastoma","NBL",-0.0371119206008471,FALSE,"HLX"
"ACH-001484","CI","Lymphoid","Mature B-Cell Neoplasms","Chronic Lymphocytic Leukemia/Small Lymphocytic Lymphoma","CLLSLL",0.113646072136898,FALSE,"HLX"
"ACH-001485","CII","Lymphoid","B-Lymphoblastic Leukemia/Lymphoma","B-Lymphoblastic Leukemia/Lymphoma","BLL",NA,FALSE,"HLX"
"ACH-001489","COR-L32","Lung","Non-Small Cell Lung Cancer","Lung Squamous Cell Carcinoma","LUSC",NA,FALSE,"HLX"
"ACH-001490","COR-L321","Lung","Non-Small Cell Lung Cancer","Lung Adenocarcinoma","LUAD",NA,FALSE,"HLX"
"ACH-001492","DOGKIT","Lymphoid","Mature B-Cell Neoplasms","Burkitt Lymphoma","BL",NA,FALSE,"HLX"
"ACH-001493","DOGUM","Lymphoid","Mature B-Cell Neoplasms","Burkitt Lymphoma","BL",NA,FALSE,"HLX"
"ACH-001494","EGI-1","Biliary Tract","Intraductal Papillary Neoplasm of the Bile Duct","Extrahepatic Cholangiocarcinoma","EHCH",-0.154903193238494,FALSE,"HLX"
"ACH-001495","EMTOKA","Uterus","Endometrial Carcinoma","Uterine Carcinosarcoma/Uterine Malignant Mixed Mullerian Tumor","UCS",-0.0157151661873958,FALSE,"HLX"
"ACH-001496","ESO26","Esophagus/Stomach","Esophagogastric Adenocarcinoma","Adenocarcinoma of the Gastroesophageal Junction","GEJ",-0.0149521553393505,FALSE,"HLX"
"ACH-001497","ESO51","Esophagus/Stomach","Esophagogastric Adenocarcinoma","Esophageal Adenocarcinoma","ESCA",0.149136131505161,FALSE,"HLX"
"ACH-001498","Farage","Lymphoid","Mature B-Cell Neoplasms","Germinal Center B-Cell Type","GCB",0.18449021864201,FALSE,"HLX"
"ACH-001500","FLO-1","Esophagus/Stomach","Esophagogastric Adenocarcinoma","Esophageal Adenocarcinoma","ESCA",0.038657903526122,FALSE,"HLX"
"ACH-001502","GCT-27","Testis","Non-Seminomatous Germ Cell Tumor","Teratoma","TT",0.203641554438966,FALSE,"HLX"
"ACH-001503","GUMBUS","Lymphoid","Mature B-Cell Neoplasms","Burkitt Lymphoma","BL",NA,FALSE,"HLX"
"ACH-001508","H314","Head and Neck","Head and Neck Squamous Cell Carcinoma","Oral Cavity Squamous Cell Carcinoma","OCSC",0.00671472221578666,FALSE,"HLX"
"ACH-001509","H357","Head and Neck","Head and Neck Squamous Cell Carcinoma","Oral Cavity Squamous Cell Carcinoma","OCSC",-0.131746929976281,FALSE,"HLX"
"ACH-001510","H376","Head and Neck","Head and Neck Squamous Cell Carcinoma","Oral Cavity Squamous Cell Carcinoma","OCSC",-0.120796752439895,FALSE,"HLX"
"ACH-001511","H413","Head and Neck","Head and Neck Squamous Cell Carcinoma","Oral Cavity Squamous Cell Carcinoma","OCSC",-0.0871814519093391,FALSE,"HLX"
"ACH-001513","HCA-1","Cervix","Cervical Adenocarcinoma","Endocervical Adenocarcinoma","ECAD",-0.00353702301321058,FALSE,"HLX"
"ACH-001514","HCC1008","Breast","Invasive Breast Carcinoma","Breast Invasive Ductal Carcinoma","IDC",NA,FALSE,"HLX"
"ACH-001515","HCS-2","Cervix","Cervical Squamous Cell Carcinoma","Cervical Squamous Cell Carcinoma","CESC",0.00940554696756822,FALSE,"HLX"
"ACH-001516","HCSC-1","Cervix","Cervical Adenocarcinoma","Endocervical Adenocarcinoma","ECAD",NA,FALSE,"HLX"
"ACH-001517","HEC-1","Uterus","Endometrial Carcinoma","Endometrial Carcinoma","UCEC",-0.00675733059039778,FALSE,"HLX"
"ACH-001518","HEC-116","Uterus","Endometrial Carcinoma","Endometrial Carcinoma","UCEC",0.074159877440957,FALSE,"HLX"
"ACH-001519","H-EMC-SS","Bone","Chondrosarcoma","Extraskeletal Myxoid Chondrosarcoma","EMCHS",NA,FALSE,"HLX"
"ACH-001520","HG-3","Lymphoid","B-Lymphoblastic Leukemia/Lymphoma","B-Lymphoblastic Leukemia/Lymphoma","BLL",0.123200788457037,FALSE,"HLX"
"ACH-001521","HKA-1","Skin","Cutaneous Squamous Cell Carcinoma","Cutaneous Squamous Cell Carcinoma","CSCC",-0.0390829487407017,FALSE,"HLX"
"ACH-001522","HMY-1","Skin","Melanoma","Melanoma","MEL",-0.0858598152213143,FALSE,"HLX"
"ACH-001523","HSC-1","Skin","Cutaneous Squamous Cell Carcinoma","Cutaneous Squamous Cell Carcinoma","CSCC",-0.0396026719131574,FALSE,"HLX"
"ACH-001524","HSC-5","Skin","Cutaneous Squamous Cell Carcinoma","Cutaneous Squamous Cell Carcinoma","CSCC",0.0539417727852193,FALSE,"HLX"
"ACH-001525","HT-3","Cervix","Cervical Adenocarcinoma","Cervical Adenocarcinoma","CEAD",-0.0140818653972503,FALSE,"HLX"
"ACH-001526","HuO9","Bone","Osteosarcoma","Osteosarcoma","OS",-0.160990437907396,FALSE,"HLX"
"ACH-001528","IHH-4","Thyroid","Well-Differentiated Thyroid Cancer","Papillary Thyroid Cancer","THPA",-0.0836982511452046,FALSE,"HLX"
"ACH-001529","JAR","Uterus","Gestational Trophoblastic Disease","Choriocarcinoma","UCCA",0.102671653381309,FALSE,"HLX"
"ACH-001530","JEG-3","Uterus","Gestational Trophoblastic Disease","Choriocarcinoma","UCCA",-0.0084127355635949,FALSE,"HLX"
"ACH-001532","JMU-RTK-2","Kidney","Rhabdoid Cancer","Rhabdoid Cancer","MRT",0.106139319400542,FALSE,"HLX"
"ACH-001533","KARPAS 1718","Lymphoid","Mature B-Cell Neoplasms","Splenic Marginal Zone Lymphoma","SMZL",-0.154726280236149,FALSE,"HLX"
"ACH-001536","KKU-100","Biliary Tract","Intraductal Papillary Neoplasm of the Bile Duct","Extrahepatic Cholangiocarcinoma","EHCH",0.175670139982371,FALSE,"HLX"
"ACH-001537","KKU-055","Biliary Tract","Intraductal Papillary Neoplasm of the Bile Duct","Intrahepatic Cholangiocarcinoma","IHCH",NA,FALSE,"HLX"
"ACH-001538","KKU-213","Biliary Tract","Intraductal Papillary Neoplasm of the Bile Duct","Intrahepatic Cholangiocarcinoma","IHCH",-0.19896742156251,FALSE,"HLX"
"ACH-001539","KML-1","Lymphoid","Mature B-Cell Neoplasms","Germinal Center B-Cell Type","GCB",-0.179566450076982,FALSE,"HLX"
"ACH-001540","KMLS-1","Soft Tissue","Liposarcoma","Liposarcoma","LIPO",NA,FALSE,"HLX"
"ACH-001541","KMS-28PE","Lymphoid","Mature B-Cell Neoplasms","Plasma Cell Myeloma","PCM",NA,FALSE,"HLX"
"ACH-001542","KON","Head and Neck","Head and Neck Squamous Cell Carcinoma","Oral Cavity Squamous Cell Carcinoma","OCSC",0.0162430998954499,FALSE,"HLX"
"ACH-001543","KOSC-2","Head and Neck","Head and Neck Squamous Cell Carcinoma","Oral Cavity Squamous Cell Carcinoma","OCSC",0.105608152664923,FALSE,"HLX"
"ACH-001544","KYAE-1","Esophagus/Stomach","Esophagogastric Adenocarcinoma","Esophageal Adenocarcinoma","ESCA",0.0912382109949537,FALSE,"HLX"
"ACH-001547","LO68","Pleura","Pleural Mesothelioma","Pleural Mesothelioma, Epithelioid Type","PLEMESO",0.0964899217379586,FALSE,"HLX"
"ACH-001548","LS","Peripheral Nervous System","Neuroblastoma","Neuroblastoma","NBL",-0.0342483455545802,FALSE,"HLX"
"ACH-001549","Lu-135","Lung","Lung Neuroendocrine Tumor","Small Cell Lung Cancer","SCLC",0.0765270160122734,FALSE,"HLX"
"ACH-001550","MCC13","Skin","Merkel Cell Carcinoma","Merkel Cell Carcinoma","MCC",0.100234381504052,FALSE,"HLX"
"ACH-001551","MCC14/2","Skin","Merkel Cell Carcinoma","Merkel Cell Carcinoma","MCC",-0.024349178064706,FALSE,"HLX"
"ACH-001552","MCC26","Skin","Merkel Cell Carcinoma","Merkel Cell Carcinoma","MCC",0.0839593397611897,FALSE,"HLX"
"ACH-001554","mel-202","Eye","Ocular Melanoma","Uveal Melanoma","UM",-0.0542935810672978,FALSE,"HLX"
"ACH-001555","Mero-14","Pleura","Pleural Mesothelioma","Pleural Mesothelioma, Epithelioid Type","PLEMESO",-0.0712606506419965,FALSE,"HLX"
"ACH-001556","Mero-25","Pleura","Pleural Mesothelioma","Pleural Mesothelioma, Biphasic Type","PLBMESO",0.079492497600302,FALSE,"HLX"
"ACH-001557","Mero-41","Pleura","Pleural Mesothelioma","Pleural Mesothelioma, Epithelioid Type","PLEMESO",0.0527735666862282,FALSE,"HLX"
"ACH-001558","Mero-48a","Pleura","Pleural Mesothelioma","Pleural Mesothelioma, Biphasic Type","PLBMESO",0.127124192798124,FALSE,"HLX"
"ACH-001559","Mero-82","Pleura","Pleural Mesothelioma","Pleural Mesothelioma, Epithelioid Type","PLEMESO",0.0334523694089964,FALSE,"HLX"
"ACH-001560","Mero-83","Pleura","Pleural Mesothelioma","Pleural Mesothelioma, Biphasic Type","PLBMESO",-0.148523244369248,FALSE,"HLX"
"ACH-001561","Mero-84","Pleura","Pleural Mesothelioma","Pleural Mesothelioma, Biphasic Type","PLBMESO",NA,FALSE,"HLX"
"ACH-001562","Mero-95","Pleura","Pleural Mesothelioma","Pleural Mesothelioma, Epithelioid Type","PLEMESO",0.213064293509034,FALSE,"HLX"
"ACH-001563","MM127","Skin","Melanoma","Melanoma","MEL",-0.00323111642592251,FALSE,"HLX"
"ACH-001566","MM370","Skin","Melanoma","Melanoma","MEL",0.0427658575417345,FALSE,"HLX"
"ACH-001567","MM383","Skin","Melanoma","Melanoma","MEL",-0.0076589554280558,FALSE,"HLX"
"ACH-001568","MM386","Skin","Melanoma","Melanoma","MEL",-0.00494896194462817,FALSE,"HLX"
"ACH-001569","MM415","Skin","Melanoma","Melanoma","MEL",NA,FALSE,"HLX"
"ACH-001570","MM426","Skin","Melanoma","Melanoma","MEL",0.215409438303242,FALSE,"HLX"
"ACH-001571","Mo","Lymphoid","Mature B-Cell Neoplasms","Hairy Cell Leukemia","HCL",NA,FALSE,"HLX"
"ACH-001573","MOLM-1","Myeloid","Myeloproliferative Neoplasms","Chronic Myeloid Leukemia, BCR-ABL1+","CMLBCRABL1",NA,FALSE,"HLX"
"ACH-001574","MOLM-14","Myeloid","Acute Myeloid Leukemia","Acute Myeloid Leukemia","AML",0.0411466699609229,FALSE,"HLX"
"ACH-001577","MUTZ-8","Myeloid","Acute Myeloid Leukemia","Acute Myeloid Leukemia","AML",0.154807421121015,FALSE,"HLX"
"ACH-001578","NCCIT","Testis","Non-Seminomatous Germ Cell Tumor","Embryonal Carcinoma","EMBCA",0.191249269042415,FALSE,"HLX"
"ACH-001591","NCI-H1417","Lung","Lung Neuroendocrine Tumor","Small Cell Lung Cancer","SCLC",NA,FALSE,"HLX"
"ACH-001598","NCI-H295R","Adrenal Gland","Adrenocortical Carcinoma","Adrenocortical Carcinoma","ACC",NA,FALSE,"HLX"
"ACH-001599","NCI-H64","Lung","Lung Neuroendocrine Tumor","Small Cell Lung Cancer","SCLC",NA,FALSE,"HLX"
"ACH-001603","NH-12","Peripheral Nervous System","Neuroblastoma","Neuroblastoma","NBL",0.0145247338798551,FALSE,"HLX"
"ACH-001605","no.10","CNS/Brain","Diffuse Glioma","Glioblastoma","GB",-0.0772168445742682,FALSE,"HLX"
"ACH-001606","no.11","CNS/Brain","Diffuse Glioma","Glioblastoma","GB",0.100462818147836,FALSE,"HLX"
"ACH-001607","NOZ","Biliary Tract","Intracholecystic Papillary Neoplasm","Gallbladder Adenocarcinoma, NOS","GBAD",-0.18360463788457,FALSE,"HLX"
"ACH-001608","NP 2","CNS/Brain","Diffuse Glioma","Glioblastoma","GB",-0.204257288929386,FALSE,"HLX"
"ACH-001609","NP 3","CNS/Brain","Diffuse Glioma","Glioblastoma","GB",0.0470278283036478,FALSE,"HLX"
"ACH-001610","NP 5","CNS/Brain","Diffuse Glioma","Glioblastoma","GB",-0.0614156374698567,FALSE,"HLX"
"ACH-001611","NP 8","CNS/Brain","Diffuse Glioma","Glioblastoma","GB",-0.0667532073842433,FALSE,"HLX"
"ACH-001613","OCI-AML4","Myeloid","Acute Myeloid Leukemia","Acute Myeloid Leukemia","AML",-0.503994165504998,FALSE,"HLX"
"ACH-001616","OCI-LY18","Lymphoid","Mature B-Cell Neoplasms","Diffuse Large B-Cell Lymphoma, NOS","DLBCLNOS",-0.128542762404294,FALSE,"HLX"
"ACH-001617","OCI-LY7","Lymphoid","Mature B-Cell Neoplasms","Diffuse Large B-Cell Lymphoma, NOS","DLBCLNOS",NA,FALSE,"HLX"
"ACH-001618","OCI-M2","Myeloid","Acute Myeloid Leukemia","Acute Myeloid Leukemia","AML",0.0598416130140109,FALSE,"HLX"
"ACH-001619","OCUG-1","Biliary Tract","Intracholecystic Papillary Neoplasm","Gallbladder Adenocarcinoma, NOS","GBAD",0.0272128449093386,FALSE,"HLX"
"ACH-001622","Onda 7","CNS/Brain","Diffuse Glioma","Glioblastoma","GB",0.00902541938829733,FALSE,"HLX"
"ACH-001623","Onda 8","CNS/Brain","Diffuse Glioma","Glioblastoma","GB",-0.0121708830351021,FALSE,"HLX"
"ACH-001624","Onda 9","CNS/Brain","Diffuse Glioma","Glioblastoma","GB",0.121952304301418,FALSE,"HLX"
"ACH-001625","OSC-19","Head and Neck","Head and Neck Squamous Cell Carcinoma","Oral Cavity Squamous Cell Carcinoma","OCSC",0.0332883565223883,FALSE,"HLX"
"ACH-001626","OSC-20","Head and Neck","Head and Neck Squamous Cell Carcinoma","Oral Cavity Squamous Cell Carcinoma","OCSC",-0.067905366280997,FALSE,"HLX"
"ACH-001627","P4E6","Prostate","Non-Cancerous","Immortalized Epithelial Cells, Prostate","",-0.0147160602389889,FALSE,"HLX"
"ACH-001628","PEA1","Ovary/Fallopian Tube","Ovarian Epithelial Tumor","High-Grade Serous Ovarian Cancer","HGSOC",-0.218963819033368,FALSE,"HLX"
"ACH-001630","PEO1","Ovary/Fallopian Tube","Ovarian Epithelial Tumor","Serous Ovarian Cancer","SOC",-0.0284640511678682,FALSE,"HLX"
"ACH-001632","PEO4","Ovary/Fallopian Tube","Ovarian Epithelial Tumor","Serous Ovarian Cancer","SOC",0.113975933089685,FALSE,"HLX"
"ACH-001634","PGA-1","Lymphoid","Mature B-Cell Neoplasms","Chronic Lymphocytic Leukemia/Small Lymphocytic Lymphoma","CLLSLL",-0.0442791697266386,FALSE,"HLX"
"ACH-001636","Ramos","Lymphoid","Mature B-Cell Neoplasms","Burkitt Lymphoma","BL",NA,FALSE,"HLX"
"ACH-001638","RC-K8","Lymphoid","Mature B-Cell Neoplasms","Germinal Center B-Cell Type","GCB",NA,FALSE,"HLX"
"ACH-001639","ROS-50","Lymphoid","Mature B-Cell Neoplasms","Diffuse Large B-Cell Lymphoma, NOS","DLBCLNOS",-0.0159188811288008,FALSE,"HLX"
"ACH-001641","SAT","Head and Neck","Head and Neck Squamous Cell Carcinoma","Head and Neck Squamous Cell Carcinoma","HNSC",0.0899621198351831,FALSE,"HLX"
"ACH-001642","SCC-3","Lymphoid","Non-Hodgkin Lymphoma","Mature B-Cell Neoplasms","MBN",-0.159558695888515,FALSE,"HLX"
"ACH-001643","SCCH-196","Bone","Ewing Sarcoma","Ewing Sarcoma","ES",0.21276953575745,FALSE,"HLX"
"ACH-001645","SEKI","Skin","Melanoma","Melanoma","MEL",0.196233902283958,FALSE,"HLX"
"ACH-001647","SHI-1","Myeloid","Acute Myeloid Leukemia","Acute Monoblastic/Monocytic Leukemia","AMOL",-0.00873426516488698,FALSE,"HLX"
"ACH-001648","Shmac 4","Prostate","Non-Cancerous","Immortalized Epithelial Cells, Prostate","",-0.0430425863768581,FALSE,"HLX"
"ACH-001649","Shmac 5","Prostate","Non-Cancerous","Immortalized Epithelial Cells, Prostate","",0.0731246060930006,FALSE,"HLX"
"ACH-001650","SISO","Cervix","Cervical Adenocarcinoma","Cervical Adenocarcinoma","CEAD",-0.166099308029907,FALSE,"HLX"
"ACH-001651","SKG-I","Cervix","Cervical Squamous Cell Carcinoma","Cervical Squamous Cell Carcinoma","CESC",0.0198067869708929,FALSE,"HLX"
"ACH-001652","SKG-II","Cervix","Cervical Squamous Cell Carcinoma","Cervical Squamous Cell Carcinoma","CESC",-0.0509801520572888,FALSE,"HLX"
"ACH-001653","SK-GT-2","Esophagus/Stomach","Esophagogastric Adenocarcinoma","Stomach Adenocarcinoma","STAD",-0.238107786608483,FALSE,"HLX"
"ACH-001654","SK-GT-4","Esophagus/Stomach","Esophagogastric Adenocarcinoma","Esophageal Adenocarcinoma","ESCA",-0.0135428534552199,FALSE,"HLX"
"ACH-001655","SKN","Uterus","Uterine Sarcoma/Mesenchymal","Uterine Leiomyosarcoma","ULMS",0.215109499317568,FALSE,"HLX"
"ACH-001656","SKNO-1","Myeloid","Acute Myeloid Leukemia","AML with Maturation","AM",-0.0051150740525909,FALSE,"HLX"
"ACH-001662","SNU-2372","Breast","Invasive Breast Carcinoma","Breast Invasive Cancer, NOS","BRCANOS",-0.0210623862069979,FALSE,"HLX"
"ACH-001664","SNU-638","Esophagus/Stomach","Esophagogastric Adenocarcinoma","Stomach Adenocarcinoma","STAD",-0.11037848846026,FALSE,"HLX"
"ACH-001667","SU-CCS-1","Soft Tissue","Clear Cell Sarcoma","Clear Cell Sarcoma","CCS",NA,FALSE,"HLX"
"ACH-001668","SUSA","Testis","Non-Seminomatous Germ Cell Tumor","Teratoma","TT",-0.230252992252098,FALSE,"HLX"
"ACH-001669","TANOUE","Lymphoid","B-Lymphoblastic Leukemia/Lymphoma","B-Lymphoblastic Leukemia/Lymphoma","BLL",-0.0217923966772219,FALSE,"HLX"
"ACH-001670","TASK1","CNS/Brain","Embryonal Tumor","Primitive Neuroectodermal Tumor","PNET",-0.0690475755355841,FALSE,"HLX"
"ACH-001671","Tera-1","Testis","Non-Seminomatous Germ Cell Tumor","Embryonal Carcinoma","EMBCA",NA,FALSE,"HLX"
"ACH-001672","Tera-2","Testis","Non-Seminomatous Germ Cell Tumor","Embryonal Carcinoma","EMBCA",NA,FALSE,"HLX"
"ACH-001673","TFK-1","Biliary Tract","Intraductal Papillary Neoplasm of the Bile Duct","Extrahepatic Cholangiocarcinoma","EHCH",-0.0475930815093521,FALSE,"HLX"
"ACH-001674","TGW","Peripheral Nervous System","Neuroblastoma","Neuroblastoma","NBL",-0.0200083855183855,FALSE,"HLX"
"ACH-001675","TR146","Head and Neck","Head and Neck Squamous Cell Carcinoma","Oral Cavity Squamous Cell Carcinoma","OCSC",0.017774201460621,FALSE,"HLX"
"ACH-001676","Ty-82","Head and Neck","Head and Neck Carcinoma, Other","NUT Midline Carcinoma of the Head and Neck","NMCHN",-0.0132085931025904,FALSE,"HLX"
"ACH-001677","U-2904","Lymphoid","Mature B-Cell Neoplasms","Diffuse Large B-Cell Lymphoma, NOS","DLBCLNOS",0.0355131320903395,FALSE,"HLX"
"ACH-001678","U-2940","Lymphoid","Mature B-Cell Neoplasms","Diffuse Large B-Cell Lymphoma, NOS","DLBCLNOS",NA,FALSE,"HLX"
"ACH-001679","U-2973","Lymphoid","Mature B-Cell Neoplasms","High-Grade B-Cell Lymphoma, with MYC and BCL2 and/or BCL6 Rearrangements","HGBCLMYCBCL2",NA,FALSE,"HLX"
"ACH-001680","U-698-M","Lymphoid","B-Lymphoblastic Leukemia/Lymphoma","B-Lymphoblastic Leukemia/Lymphoma","BLL",NA,FALSE,"HLX"
"ACH-001683","UACC-3133","Breast","Invasive Breast Carcinoma","Breast Invasive Lobular Carcinoma","ILC",0.0421325652992923,FALSE,"HLX"
"ACH-001684","UCSD-AML1","Myeloid","Acute Myeloid Leukemia","Acute Myeloid Leukemia","AML",NA,FALSE,"HLX"
"ACH-001685","U-HO1","Lymphoid","Hodgkin Lymphoma","Hodgkin Lymphoma","HL",-0.0900795801322499,FALSE,"HLX"
"ACH-001686","ULA","Lymphoid","Mature B-Cell Neoplasms","Diffuse Large B-Cell Lymphoma, NOS","DLBCLNOS",NA,FALSE,"HLX"
"ACH-001687","UM-RC-3","Kidney","Renal Cell Carcinoma","Renal Clear Cell Carcinoma","CCRCC",0.0876646928838085,FALSE,"HLX"
"ACH-001688","UM-RC-7","Kidney","Renal Cell Carcinoma","Renal Cell Carcinoma","RCC",0.0291837233859037,FALSE,"HLX"
"ACH-001690","UPCI-SCC-026","Head and Neck","Head and Neck Squamous Cell Carcinoma","Oral Cavity Squamous Cell Carcinoma","OCSC",-0.031096622368052,FALSE,"HLX"
"ACH-001691","UPCI-SCC-029A","Head and Neck","Head and Neck Squamous Cell Carcinoma","Oral Cavity Squamous Cell Carcinoma","OCSC",-0.00509437040497491,FALSE,"HLX"
"ACH-001692","UPCI-SCC-040","Head and Neck","Head and Neck Squamous Cell Carcinoma","Oral Cavity Squamous Cell Carcinoma","OCSC",0.0118064572988486,FALSE,"HLX"
"ACH-001693","UPCI-SCC-072","Head and Neck","Head and Neck Squamous Cell Carcinoma","Oral Cavity Squamous Cell Carcinoma","OCSC",NA,FALSE,"HLX"
"ACH-001694","UPCI-SCC-074","Head and Neck","Head and Neck Squamous Cell Carcinoma","Oral Cavity Squamous Cell Carcinoma","OCSC",0.0313082158142609,FALSE,"HLX"
"ACH-001695","UPCI-SCC-099","Head and Neck","Head and Neck Squamous Cell Carcinoma","Oral Cavity Squamous Cell Carcinoma","OCSC",-0.0344551642367692,FALSE,"HLX"
"ACH-001696","UPCI-SCC-111","Head and Neck","Head and Neck Squamous Cell Carcinoma","Oral Cavity Squamous Cell Carcinoma","OCSC",-0.0140808886344875,FALSE,"HLX"
"ACH-001697","UPCI-SCC-114","Head and Neck","Head and Neck Squamous Cell Carcinoma","Oral Cavity Squamous Cell Carcinoma","OCSC",NA,FALSE,"HLX"
"ACH-001698","UPCI-SCC-116","Head and Neck","Head and Neck Squamous Cell Carcinoma","Oral Cavity Squamous Cell Carcinoma","OCSC",0.189416075170321,FALSE,"HLX"
"ACH-001699","UPCI-SCC-131","Head and Neck","Head and Neck Squamous Cell Carcinoma","Oral Cavity Squamous Cell Carcinoma","OCSC",-0.0470658021704238,FALSE,"HLX"
"ACH-001700","UPCI-SCC-172","Head and Neck","Head and Neck Squamous Cell Carcinoma","Oropharynx Squamous Cell Carcinoma","OPHSC",NA,FALSE,"HLX"
"ACH-001701","UPCI-SCC-200","Head and Neck","Head and Neck Squamous Cell Carcinoma","Oral Cavity Squamous Cell Carcinoma","OCSC",0.0680416938039468,FALSE,"HLX"
"ACH-001702","VA-ES-BJ","Soft Tissue","Epithelioid Sarcoma","Epithelioid Sarcoma","EPIS",0.0654023329611207,FALSE,"HLX"
"ACH-001703","VAL","Lymphoid","Mature B-Cell Neoplasms","Diffuse Large B-Cell Lymphoma, NOS","DLBCLNOS",NA,FALSE,"HLX"
"ACH-001704","VMRC-MELG","Skin","Melanoma","Melanoma","MEL",NA,FALSE,"HLX"
"ACH-001705","VP267","Breast","Invasive Breast Carcinoma","Breast Invasive Ductal Carcinoma","IDC",NA,FALSE,"HLX"
"ACH-001707","WA-OSEL","Lymphoid","Mature B-Cell Neoplasms","Chronic Lymphocytic Leukemia/Small Lymphocytic Lymphoma","CLLSLL",-0.122521954214324,FALSE,"HLX"
"ACH-001708","WSU-FSCCL","Lymphoid","Mature B-Cell Neoplasms","Follicular Lymphoma","FL",NA,FALSE,"HLX"
"ACH-001709","WSU-NHL","Lymphoid","Mature B-Cell Neoplasms","Diffuse Large B-Cell Lymphoma, NOS","DLBCLNOS",0.00560466160061735,FALSE,"HLX"
"ACH-001711","PFSK-1","CNS/Brain","Embryonal Tumor","Primitive Neuroectodermal Tumor","PNET",-0.549740422733496,FALSE,"HLX"
"ACH-001712","Hs 860.T","Bone","Osteosarcoma","Osteosarcoma","OS",NA,FALSE,"HLX"
"ACH-001715","CAL-72","Bone","Osteosarcoma","Osteosarcoma","OS",0.0755237513657615,FALSE,"HLX"
"ACH-001716","GOTO","Peripheral Nervous System","Neuroblastoma","Neuroblastoma","NBL",NA,FALSE,"HLX"
"ACH-001719","OCI-C4P","Ovary/Fallopian Tube","Ovarian Epithelial Tumor","Clear Cell Ovarian Cancer","CCOV",0.052261950534962,FALSE,"HLX"
"ACH-001735","SEMK2","Lymphoid","B-Lymphoblastic Leukemia/Lymphoma","B-Lymphoblastic Leukemia/Lymphoma with t(v;11q23.3);KMT2A Rearranged","BLLKMT2A",-0.0694550709535316,FALSE,"HLX"
"ACH-001736","HB1119","Lymphoid","B-Lymphoblastic Leukemia/Lymphoma","B-Lymphoblastic Leukemia/Lymphoma with t(12;21)(p13.2;q22.1); ETV6-RUNX1","BLLETV6RUNX1",-0.0388203041514973,FALSE,"HLX"
"ACH-001737","CTV-1-DM","Lymphoid","Mature T and NK Neoplasms","Adult T-Cell Leukemia/Lymphoma","ATLL",-0.0376447201671283,FALSE,"HLX"
"ACH-001738","CCRF-CEM","Lymphoid","T-Lymphoblastic Leukemia/Lymphoma","T-Lymphoblastic Leukemia/Lymphoma","TLL",NA,FALSE,"HLX"
"ACH-001740","RH28","Soft Tissue","Rhabdomyosarcoma","Alveolar Rhabdomyosarcoma","ARMS",-0.301542469748347,FALSE,"HLX"
"ACH-001743","RC2","Soft Tissue","Rhabdomyosarcoma","Alveolar Rhabdomyosarcoma","ARMS",NA,FALSE,"HLX"
"ACH-001745","RhJT","Soft Tissue","Rhabdomyosarcoma","Alveolar Rhabdomyosarcoma","ARMS",-0.105841086889481,FALSE,"HLX"
"ACH-001750","TTC442","Soft Tissue","Rhabdomyosarcoma","Embryonal Rhabdomyosarcoma","ERMS",-0.0889166312886966,FALSE,"HLX"
"ACH-001751","Rh36","Soft Tissue","Rhabdomyosarcoma","Embryonal Rhabdomyosarcoma","ERMS",NA,FALSE,"HLX"
"ACH-001765","Rh4","Soft Tissue","Rhabdomyosarcoma","Alveolar Rhabdomyosarcoma","ARMS",-0.00972118756472471,FALSE,"HLX"
"ACH-001767","CCLF_PEDS_0018_T","Fibroblast","Non-Cancerous","Fibroblast, Soft Tissue","",NA,FALSE,"HLX"
"ACH-001786","SNU-1544","Bowel","Colorectal Adenocarcinoma","Colon Adenocarcinoma","COAD",0.0799427389582789,FALSE,"HLX"
"ACH-001791","LPS6","Soft Tissue","Liposarcoma","Liposarcoma","LIPO",-0.287630597810993,FALSE,"HLX"
"ACH-001793","LPS27","Soft Tissue","Liposarcoma","Liposarcoma","LIPO",-0.0729459376632101,FALSE,"HLX"
"ACH-001794","93T449","Soft Tissue","Liposarcoma","Well-Differentiated Liposarcoma","WDLS",-0.100395514938777,FALSE,"HLX"
"ACH-001795","94T778","Soft Tissue","Liposarcoma","Well-Differentiated Liposarcoma","WDLS",0.0573071493588875,FALSE,"HLX"
"ACH-001796","95T1000","Soft Tissue","Liposarcoma","Well-Differentiated Liposarcoma","WDLS",-0.193238221763087,FALSE,"HLX"
"ACH-001799","LPS141","Soft Tissue","Liposarcoma","Dedifferentiated Liposarcoma","DDLS",-0.0540565797313018,FALSE,"HLX"
"ACH-001802","LPS853","Soft Tissue","Liposarcoma","Dedifferentiated Liposarcoma","DDLS",-0.0444035465941007,FALSE,"HLX"
"ACH-001804","LPS510","Soft Tissue","Liposarcoma","Dedifferentiated Liposarcoma","DDLS",0.0324660981226929,FALSE,"HLX"
"ACH-001807","LPS067","Soft Tissue","Liposarcoma","Dedifferentiated Liposarcoma","DDLS",NA,FALSE,"HLX"
"ACH-001813","C242","Bone","Osteosarcoma","Osteosarcoma","OS",NA,FALSE,"HLX"
"ACH-001814","OS252","Bone","Osteosarcoma","Osteosarcoma","OS",-0.217621538532224,FALSE,"HLX"
"ACH-001817","C393","Bone","Osteosarcoma","Osteosarcoma","OS",NA,FALSE,"HLX"
"ACH-001818","C396","Bone","Osteosarcoma","Osteosarcoma","OS",NA,FALSE,"HLX"
"ACH-001819","MFM-223","Breast","Invasive Breast Carcinoma","Breast Invasive Ductal Carcinoma","IDC",0.043575245878588,FALSE,"HLX"
"ACH-001820","COLO 824","Breast","Breast Neoplasm, NOS","Breast Neoplasm, NOS","BNNOS",0.0297514668900033,FALSE,"HLX"
"ACH-001825","SW527","Bowel","Colorectal Adenocarcinoma","Colon Adenocarcinoma","COAD",NA,FALSE,"HLX"
"ACH-001828","HCC1739 BL","Lymphoid","Non-Cancerous","Matched Normal","",NA,FALSE,"HLX"
"ACH-001834","ICC10","Biliary Tract","Intraductal Papillary Neoplasm of the Bile Duct","Intrahepatic Cholangiocarcinoma","IHCH",0.1459953971493,FALSE,"HLX"
"ACH-001835","ICC10-6","Biliary Tract","Intraductal Papillary Neoplasm of the Bile Duct","Intrahepatic Cholangiocarcinoma","IHCH",0.070774708556189,FALSE,"HLX"
"ACH-001836","ICC10-8","Biliary Tract","Intraductal Papillary Neoplasm of the Bile Duct","Intrahepatic Cholangiocarcinoma","IHCH",-0.0414255353050529,FALSE,"HLX"
"ACH-001838","ICC12","Biliary Tract","Intraductal Papillary Neoplasm of the Bile Duct","Intrahepatic Cholangiocarcinoma","IHCH",0.0520067129145047,FALSE,"HLX"
"ACH-001839","ICC13-7","Biliary Tract","Intraductal Papillary Neoplasm of the Bile Duct","Intrahepatic Cholangiocarcinoma","IHCH",0.0802713425221968,FALSE,"HLX"
"ACH-001841","ICC15","Biliary Tract","Intraductal Papillary Neoplasm of the Bile Duct","Intrahepatic Cholangiocarcinoma","IHCH",0.0598667572593949,FALSE,"HLX"
"ACH-001842","ICC2","Biliary Tract","Intraductal Papillary Neoplasm of the Bile Duct","Intrahepatic Cholangiocarcinoma","IHCH",0.417133925694813,FALSE,"HLX"
"ACH-001843","ICC3","Biliary Tract","Intraductal Papillary Neoplasm of the Bile Duct","Intrahepatic Cholangiocarcinoma","IHCH",0.4269993454163,FALSE,"HLX"
"ACH-001844","ICC4","Biliary Tract","Intraductal Papillary Neoplasm of the Bile Duct","Intrahepatic Cholangiocarcinoma","IHCH",-0.161192889265524,FALSE,"HLX"
"ACH-001845","ICC5","Biliary Tract","Intraductal Papillary Neoplasm of the Bile Duct","Intrahepatic Cholangiocarcinoma","IHCH",NA,FALSE,"HLX"
"ACH-001846","ICC6","Biliary Tract","Intraductal Papillary Neoplasm of the Bile Duct","Intrahepatic Cholangiocarcinoma","IHCH",NA,FALSE,"HLX"
"ACH-001847","ICC7","Biliary Tract","Intraductal Papillary Neoplasm of the Bile Duct","Intrahepatic Cholangiocarcinoma","IHCH",NA,FALSE,"HLX"
"ACH-001848","ICC8","Biliary Tract","Intraductal Papillary Neoplasm of the Bile Duct","Intrahepatic Cholangiocarcinoma","IHCH",-0.0335793496618711,FALSE,"HLX"
"ACH-001849","ICC9","Biliary Tract","Intraductal Papillary Neoplasm of the Bile Duct","Intrahepatic Cholangiocarcinoma","IHCH",0.0150044025486985,FALSE,"HLX"
"ACH-001850","G415","Biliary Tract","Intracholecystic Papillary Neoplasm","Gallbladder Adenocarcinoma, NOS","GBAD",-0.00615233294547929,FALSE,"HLX"
"ACH-001852","HKGZ-CC","Biliary Tract","Intraductal Papillary Neoplasm of the Bile Duct","Intrahepatic Cholangiocarcinoma","IHCH",-0.00376103255622396,FALSE,"HLX"
"ACH-001853","KMCH-1","Liver","Hepatocellular Carcinoma plus Intrahepatic Cholangiocarcinoma","Hepatocellular Carcinoma plus Intrahepatic Cholangiocarcinoma","HCCIHCH",-0.161771123053463,FALSE,"HLX"
"ACH-001854","MMNK-1","Biliary Tract","Non-Cancerous","Immortalized Cholangiocyte, Highly Differentiated","",NA,FALSE,"HLX"
"ACH-001855","OZ","Biliary Tract","Intraductal Papillary Neoplasm of the Bile Duct","Intrahepatic Cholangiocarcinoma","IHCH",NA,FALSE,"HLX"
"ACH-001856","RBE","Biliary Tract","Intraductal Papillary Neoplasm of the Bile Duct","Intrahepatic Cholangiocarcinoma","IHCH",0.0459918366538812,FALSE,"HLX"
"ACH-001857","SG231","Biliary Tract","Intraductal Papillary Neoplasm of the Bile Duct","Intrahepatic Cholangiocarcinoma","IHCH",0.0951336143618169,FALSE,"HLX"
"ACH-001858","SSP-25","Biliary Tract","Intraductal Papillary Neoplasm of the Bile Duct","Intrahepatic Cholangiocarcinoma","IHCH",-0.122550888429131,FALSE,"HLX"
"ACH-001861","TGBC1TKB","Biliary Tract","Intracholecystic Papillary Neoplasm","Gallbladder Cancer","GBC",0.0461310684091551,FALSE,"HLX"
"ACH-001862","TGBC52TKB","Ampulla of Vater","Ampullary Carcinoma","Ampullary Carcinoma","AMPCA",-0.165268888645217,FALSE,"HLX"
"ACH-001863","TKKK","Biliary Tract","Intraductal Papillary Neoplasm of the Bile Duct","Intrahepatic Cholangiocarcinoma","IHCH",-0.0984203457321148,FALSE,"HLX"
"ACH-001864","YSCCC","Biliary Tract","Intraductal Papillary Neoplasm of the Bile Duct","Intrahepatic Cholangiocarcinoma","IHCH",-0.191936524860199,FALSE,"HLX"
"ACH-001949","MA-MEL-46","Skin","Melanoma","Melanoma","MEL",NA,FALSE,"HLX"
"ACH-001953","MA-MEL-27","Skin","Melanoma","Melanoma","MEL",NA,FALSE,"HLX"
"ACH-001958","MS1","Lung","Lung Neuroendocrine Tumor","Small Cell Lung Cancer","SCLC",NA,FALSE,"HLX"
"ACH-001959","CC-LP-1","Biliary Tract","Intraductal Papillary Neoplasm of the Bile Duct","Intrahepatic Cholangiocarcinoma","IHCH",0.0235293826587338,FALSE,"HLX"
"ACH-001960","CC-SW-1","Biliary Tract","Intraductal Papillary Neoplasm of the Bile Duct","Intrahepatic Cholangiocarcinoma","IHCH",0.0219778034639005,FALSE,"HLX"
"ACH-001961","GB2","Biliary Tract","Intracholecystic Papillary Neoplasm","Gallbladder Adenocarcinoma, NOS","GBAD",0.155505938543231,FALSE,"HLX"
"ACH-001970","MM253","Skin","Melanoma","Melanoma","MEL",-0.0577613105663628,FALSE,"HLX"
"ACH-001971","MM466","Skin","Melanoma","Melanoma","MEL",NA,FALSE,"HLX"
"ACH-001972","MM473","Skin","Melanoma","Melanoma","MEL",-0.0422170529299138,FALSE,"HLX"
"ACH-001973","MM485","Skin","Melanoma","Melanoma","MEL",0.142763755858546,FALSE,"HLX"
"ACH-001974","MM537","Skin","Melanoma","Melanoma","MEL",NA,FALSE,"HLX"
"ACH-001975","MM576","Skin","Melanoma","Melanoma","MEL",-0.198946307570751,FALSE,"HLX"
"ACH-001976","MM603","Skin","Melanoma","Melanoma","MEL",NA,FALSE,"HLX"
"ACH-001977","NO36","Pleura","Pleural Mesothelioma","Pleural Mesothelioma, Epithelioid Type","PLEMESO",0.127233210151376,FALSE,"HLX"
"ACH-001978","NZM1","Skin","Melanoma","Melanoma","MEL",NA,FALSE,"HLX"
"ACH-001979","NZM11","Skin","Melanoma","Melanoma","MEL",NA,FALSE,"HLX"
"ACH-001980","NZM12","Skin","Melanoma","Melanoma","MEL",NA,FALSE,"HLX"
"ACH-001981","NZM2","Skin","Melanoma","Melanoma","MEL",NA,FALSE,"HLX"
"ACH-001982","NZM3","Skin","Melanoma","Melanoma","MEL",-0.0638822012076773,FALSE,"HLX"
"ACH-001983","NZM30","Skin","Melanoma","Melanoma","MEL",NA,FALSE,"HLX"
"ACH-001984","NZM4","Skin","Melanoma","Melanoma","MEL",NA,FALSE,"HLX"
"ACH-001985","NZM40","Skin","Melanoma","Melanoma","MEL",NA,FALSE,"HLX"
"ACH-001986","NZM42","Skin","Melanoma","Melanoma","MEL",0.0691385348522441,FALSE,"HLX"
"ACH-001987","NZM43","Skin","Melanoma","Melanoma","MEL",NA,FALSE,"HLX"
"ACH-001988","NZM5","Skin","Melanoma","Melanoma","MEL",NA,FALSE,"HLX"
"ACH-001989","NZM6","Skin","Melanoma","Melanoma","MEL",NA,FALSE,"HLX"
"ACH-001990","NZM7","Skin","Melanoma","Melanoma","MEL",-0.0573267228116924,FALSE,"HLX"
"ACH-001991","NZOV9","Ovary/Fallopian Tube","Ovarian Epithelial Tumor","Endometrioid Ovarian Cancer","EOV",0.0556123983120058,FALSE,"HLX"
"ACH-001992","ONE58","Pleura","Pleural Mesothelioma","Pleural Mesothelioma, Epithelioid Type","PLEMESO",0.0592331786348743,FALSE,"HLX"
"ACH-001993","NALM-16","Lymphoid","B-Lymphoblastic Leukemia/Lymphoma","B-Lymphoblastic Leukemia/Lymphoma with Hypodiploidy","BLLHYPO",-0.00477636201127159,FALSE,"HLX"
"ACH-001994","ICC16","Biliary Tract","Intraductal Papillary Neoplasm of the Bile Duct","Intrahepatic Cholangiocarcinoma","IHCH",NA,FALSE,"HLX"
"ACH-001996","ICC18","Biliary Tract","Intraductal Papillary Neoplasm of the Bile Duct","Intrahepatic Cholangiocarcinoma","IHCH",NA,FALSE,"HLX"
"ACH-001997","ECC2","Biliary Tract","Intraductal Papillary Neoplasm of the Bile Duct","Extrahepatic Cholangiocarcinoma","EHCH",0.0423845049818765,FALSE,"HLX"
"ACH-001999","950-5-BIK","Pancreas","Pancreatic Adenocarcinoma","Pancreatic Adenocarcinoma","PAAD",-0.0522161548535739,FALSE,"HLX"
"ACH-002001","A375 SKIN CJ1","Skin","Melanoma","Melanoma","MEL",-0.174039679555051,FALSE,"HLX"
"ACH-002002","A375 SKIN CJ2","Skin","Melanoma","Melanoma","MEL",-0.0162812413242008,FALSE,"HLX"
"ACH-002003","A375 SKIN CJ3","Skin","Melanoma","Melanoma","MEL",0.0855660735627205,FALSE,"HLX"
"ACH-002004","UACC62 SKIN CJ1","Skin","Melanoma","Melanoma","MEL",-0.0160844131630558,FALSE,"HLX"
"ACH-002005","SK-MEL-19","Skin","Melanoma","Cutaneous Melanoma","SKCM",0.313168357805212,FALSE,"HLX"
"ACH-002010","MP41","Eye","Ocular Melanoma","Uveal Melanoma","UM",NA,FALSE,"HLX"
"ACH-002011","MP46","Eye","Ocular Melanoma","Uveal Melanoma","UM",NA,FALSE,"HLX"
"ACH-002013","MM28","Eye","Ocular Melanoma","Uveal Melanoma","UM",NA,FALSE,"HLX"
"ACH-002014","Mel270","Eye","Ocular Melanoma","Uveal Melanoma","UM",-0.246208280780234,FALSE,"HLX"
"ACH-002015","Mel285","Eye","Ocular Melanoma","Uveal Melanoma","UM",-0.0176983780118324,FALSE,"HLX"
"ACH-002016","Mel290","Eye","Ocular Melanoma","Uveal Melanoma","UM",0.0911140708957411,FALSE,"HLX"
"ACH-002017","Omm1","Eye","Ocular Melanoma","Uveal Melanoma","UM",NA,FALSE,"HLX"
"ACH-002018","Omm2.5","Eye","Ocular Melanoma","Uveal Melanoma","UM",-0.0466116262040527,FALSE,"HLX"
"ACH-002019","HOKUG","Cervix","Glassy Cell Carcinoma of the Cervix","Glassy Cell Carcinoma of the Cervix","CEGCC",0.0944472633515872,FALSE,"HLX"
"ACH-002020","SKG-IIIa","Cervix","Cervical Squamous Cell Carcinoma","Cervical Squamous Cell Carcinoma","CESC",0.0362403216388313,FALSE,"HLX"
"ACH-002021","T3M-3","Uterus","Gestational Trophoblastic Disease","Choriocarcinoma","UCCA",0.09394263341203,FALSE,"HLX"
"ACH-002023","TGBC18TKB","Ampulla of Vater","Ampullary Carcinoma","Ampullary Carcinoma","AMPCA",-0.0164815676711619,FALSE,"HLX"
"ACH-002024","ECC4","Bowel","Colorectal Adenocarcinoma","Rectal Adenocarcinoma","READ",-0.17058636619118,FALSE,"HLX"
"ACH-002025","TT1TKB","Bowel","Colorectal Adenocarcinoma","Rectal Adenocarcinoma","READ",0.262433534977658,FALSE,"HLX"
"ACH-002026","HHUA","Uterus","Endometrial Carcinoma","Endometrial Carcinoma","UCEC",-0.00828713631356122,FALSE,"HLX"
"ACH-002027","HOUA-I","Uterus","Endometrial Carcinoma","Endometrial Carcinoma","UCEC",0.0477371127351398,FALSE,"HLX"
"ACH-002029","SAS","Head and Neck","Head and Neck Squamous Cell Carcinoma","Oral Cavity Squamous Cell Carcinoma","OCSC",0.00848881245504594,FALSE,"HLX"
"ACH-002030","Sa3","Head and Neck","Head and Neck Squamous Cell Carcinoma","Oral Cavity Squamous Cell Carcinoma","OCSC",0.020208337581418,FALSE,"HLX"
"ACH-002033","HMMME","Pleura","Pleural Mesothelioma","Pleural Mesothelioma, Epithelioid Type","PLEMESO",0.00649557030121422,FALSE,"HLX"
"ACH-002034","T3M-11","Lung","Non-Small Cell Lung Cancer","NUT Carcinoma of the Lung","NUTCL",NA,FALSE,"HLX"
"ACH-002035","LCAM1","Lung","Non-Small Cell Lung Cancer","Poorly Differentiated Non-Small Cell Lung Cancer","NSCLCPD",0.184303030997539,FALSE,"HLX"
"ACH-002036","WA-hT","Lung","Lung Neuroendocrine Tumor","Small Cell Lung Cancer","SCLC",NA,FALSE,"HLX"
"ACH-002038","HSKTC","Ovary/Fallopian Tube","Ovarian Cancer, Other","Ovarian Cancer, Other","OOVC",NA,FALSE,"HLX"
"ACH-002039","PK-8","Pancreas","Pancreatic Adenocarcinoma","Pancreatic Adenocarcinoma","PAAD",0.0239145049571649,FALSE,"HLX"
"ACH-002040","HMV-II","Vulva/Vagina","Mucosal Melanoma of the Vulva/Vagina","Mucosal Melanoma of the Vulva/Vagina","VMM",-0.106503411631112,FALSE,"HLX"
"ACH-002041","HOTHC","Thyroid","Anaplastic Thyroid Cancer","Anaplastic Thyroid Cancer","THAP",-0.0940108120968541,FALSE,"HLX"
"ACH-002042","T3M-5","Head and Neck","Head and Neck Squamous Cell Carcinoma","Head and Neck Squamous Cell Carcinoma","HNSC",0.070943654430371,FALSE,"HLX"
"ACH-002043","Ca9-22","Head and Neck","Head and Neck Squamous Cell Carcinoma","Oral Cavity Squamous Cell Carcinoma","OCSC",-0.0234948822317943,FALSE,"HLX"
"ACH-002044","HSQ-89","Head and Neck","Head and Neck Squamous Cell Carcinoma","Sinonasal Squamous Cell Carcinoma","SNSC",0.0379459889258363,FALSE,"HLX"
"ACH-002045","HO-1-u-1","Head and Neck","Head and Neck Squamous Cell Carcinoma","Oral Cavity Squamous Cell Carcinoma","OCSC",-0.0372181423526459,FALSE,"HLX"
"ACH-002046","HTMMT","Uterus","Endometrial Carcinoma","Uterine Carcinosarcoma/Uterine Malignant Mixed Mullerian Tumor","UCS",0.000138422561958909,FALSE,"HLX"
"ACH-002047","HIRS-BM","Uterus","Endometrial Carcinoma","Uterine Carcinosarcoma/Uterine Malignant Mixed Mullerian Tumor","UCS",NA,FALSE,"HLX"
"ACH-002048","RMS-YM","Soft Tissue","Rhabdomyosarcoma","Embryonal Rhabdomyosarcoma","ERMS",0.0112489459508921,FALSE,"HLX"
"ACH-002050","HTST","Other","Extra Gonadal Germ Cell Tumor","Extra Gonadal Germ Cell Tumor","EGCT",NA,FALSE,"HLX"
"ACH-002051","Lu-134-A","Lung","Lung Neuroendocrine Tumor","Small Cell Lung Cancer","SCLC",-0.0410344566090439,FALSE,"HLX"
"ACH-002052","Lu-139","Lung","Lung Neuroendocrine Tumor","Small Cell Lung Cancer","SCLC",0.0168710639185759,FALSE,"HLX"
"ACH-002055","TL-1","Lymphoid","Mature B-Cell Neoplasms","Burkitt Lymphoma","BL",0.062351920168078,FALSE,"HLX"
"ACH-002058","ATN-1","Lymphoid","Mature T and NK Neoplasms","Adult T-Cell Leukemia/Lymphoma","ATLL",NA,FALSE,"HLX"
"ACH-002059","P30/OHK","Lymphoid","B-Lymphoblastic Leukemia/Lymphoma","B-Lymphoblastic Leukemia/Lymphoma","BLL",-0.237629615736734,FALSE,"HLX"
"ACH-002060","MY","Myeloid","Acute Leukemias of Ambiguous Lineage","Acute Leukemias of Ambiguous Lineage","ALAL",NA,FALSE,"HLX"
"ACH-002061","P2UR/K-562","Myeloid","Myeloproliferative Neoplasms","Chronic Myeloid Leukemia, BCR-ABL1+","CMLBCRABL1",-0.0607616580099662,FALSE,"HLX"
"ACH-002062","SLVL","Lymphoid","Mature B-Cell Neoplasms","Splenic Marginal Zone Lymphoma","SMZL",0.119041275111294,FALSE,"HLX"
"ACH-002065","HS-PSS","Peripheral Nervous System","Nerve Sheath Tumor","Malignant Peripheral Nerve Sheath Tumor","MPNST",NA,FALSE,"HLX"
"ACH-002066","HS-Sch-2","Peripheral Nervous System","Nerve Sheath Tumor","Malignant Peripheral Nerve Sheath Tumor","MPNST",0.036283609843874,FALSE,"HLX"
"ACH-002067","NOS-1","Bone","Osteosarcoma","Osteosarcoma","OS",0.0205561339390842,FALSE,"HLX"
"ACH-002069","HS-Os-1","Bone","Osteosarcoma","Osteosarcoma","OS",-0.0414775512474909,FALSE,"HLX"
"ACH-002070","HKBMM","CNS/Brain","Meningothelial Tumor","Meningioma","MNG",-1.15299930224546,FALSE,"HLX"
"ACH-002074","Lu-143","Lung","Lung Neuroendocrine Tumor","Small Cell Lung Cancer","SCLC",NA,FALSE,"HLX"
"ACH-002075","Lu-138","Lung","Lung Neuroendocrine Tumor","Small Cell Lung Cancer","SCLC",NA,FALSE,"HLX"
"ACH-002077","Lu-165","Lung","Lung Neuroendocrine Tumor","Small Cell Lung Cancer","SCLC",0.0447730916962996,FALSE,"HLX"
"ACH-002080","TN-2","Peripheral Nervous System","Neuroblastoma","Neuroblastoma","NBL",0.0363550514344111,FALSE,"HLX"
"ACH-002083","NB69","Peripheral Nervous System","Neuroblastoma","Neuroblastoma","NBL",-0.189544475217364,FALSE,"HLX"
"ACH-002084","MMAc","Skin","Melanoma","Melanoma","MEL",-0.000323595258029424,FALSE,"HLX"
"ACH-002085","HS-SY-II","Soft Tissue","Synovial Sarcoma","Synovial Sarcoma","SYNS",NA,FALSE,"HLX"
"ACH-002089","201T","Lung","Non-Small Cell Lung Cancer","Lung Adenocarcinoma","LUAD",NA,FALSE,"HLX"
"ACH-002090","BB65-RCC","Kidney","Renal Cell Carcinoma","Renal Cell Carcinoma","RCC",NA,FALSE,"HLX"
"ACH-002091","CAL-39","Vulva/Vagina","Squamous Cell Carcinoma of the Vulva/Vagina","Squamous Cell Carcinoma of the Vulva/Vagina","VSC",NA,FALSE,"HLX"
"ACH-002092","CHSA0011","Bone","Chondrosarcoma","Chondrosarcoma","CHS",NA,FALSE,"HLX"
"ACH-002093","CHSA0108","Bone","Chondrosarcoma","Chondrosarcoma","CHS",NA,FALSE,"HLX"
"ACH-002094","CHSA8926","Bone","Chondrosarcoma","Chondrosarcoma","CHS",NA,FALSE,"HLX"
"ACH-002095","COR-L303","Lung","Lung Neuroendocrine Tumor","Small Cell Lung Cancer","SCLC",NA,FALSE,"HLX"
"ACH-002096","CP50-MEL-B","Skin","Melanoma","Melanoma","MEL",NA,FALSE,"HLX"
"ACH-002097","CP66-MEL","Skin","Melanoma","Melanoma","MEL",NA,FALSE,"HLX"
"ACH-002098","CP67-MEL","Skin","Melanoma","Melanoma","MEL",NA,FALSE,"HLX"
"ACH-002099","CS1","Bone","Chondrosarcoma","Chondrosarcoma","CHS",NA,FALSE,"HLX"
"ACH-002100","DJM-1","Skin","Cutaneous Squamous Cell Carcinoma","Cutaneous Squamous Cell Carcinoma","CSCC",NA,FALSE,"HLX"
"ACH-002101","EMC-BAC-1","Lung","Non-Small Cell Lung Cancer","Non-Small Cell Lung Cancer","NSCLC",NA,FALSE,"HLX"
"ACH-002102","EMC-BAC-2","Lung","Non-Small Cell Lung Cancer","Non-Small Cell Lung Cancer","NSCLC",NA,FALSE,"HLX"
"ACH-002103","ES1","Bone","Ewing Sarcoma","Ewing Sarcoma","ES",NA,FALSE,"HLX"
"ACH-002104","ES3","Bone","Ewing Sarcoma","Ewing Sarcoma","ES",NA,FALSE,"HLX"
"ACH-002105","ES4","Bone","Ewing Sarcoma","Ewing Sarcoma","ES",0.0533942759949627,FALSE,"HLX"
"ACH-002106","ES5","Bone","Ewing Sarcoma","Ewing Sarcoma","ES",-0.0351215725857635,FALSE,"HLX"
"ACH-002107","ES6","Bone","Ewing Sarcoma","Ewing Sarcoma","ES",NA,FALSE,"HLX"
"ACH-002108","ES7","Bone","Ewing Sarcoma","Ewing Sarcoma","ES",NA,FALSE,"HLX"
"ACH-002109","ES8","Bone","Ewing Sarcoma","Ewing Sarcoma","ES",0.13765691959033,FALSE,"HLX"
"ACH-002110","EW-1","Bone","Ewing Sarcoma","Ewing Sarcoma","ES",-0.102790822497301,FALSE,"HLX"
"ACH-002111","EW-11","Bone","Ewing Sarcoma","Ewing Sarcoma","ES",NA,FALSE,"HLX"
"ACH-002112","EW-12","Bone","Ewing Sarcoma","Ewing Sarcoma","ES",NA,FALSE,"HLX"
"ACH-002113","EW-13","Bone","Ewing Sarcoma","Ewing Sarcoma","ES",NA,FALSE,"HLX"
"ACH-002114","EW-16","Bone","Ewing Sarcoma","Ewing Sarcoma","ES",-0.10010140245926,FALSE,"HLX"
"ACH-002115","EW-18","Bone","Ewing Sarcoma","Ewing Sarcoma","ES",NA,FALSE,"HLX"
"ACH-002116","EW-22","Bone","Ewing Sarcoma","Ewing Sarcoma","ES",-0.0445669215884918,FALSE,"HLX"
"ACH-002117","EW-24","Bone","Ewing Sarcoma","Ewing Sarcoma","ES",NA,FALSE,"HLX"
"ACH-002118","EW-3","Bone","Ewing Sarcoma","Ewing Sarcoma","ES",NA,FALSE,"HLX"
"ACH-002119","EW-7","Bone","Ewing Sarcoma","Ewing Sarcoma","ES",-0.0786478378454629,FALSE,"HLX"
"ACH-002120","GAK","Vulva/Vagina","Mucosal Melanoma of the Vulva/Vagina","Mucosal Melanoma of the Vulva/Vagina","VMM",NA,FALSE,"HLX"
"ACH-002121","G-MEL","Skin","Melanoma","Cutaneous Melanoma","SKCM",NA,FALSE,"HLX"
"ACH-002122","GT3TKB","Lung","Non-Small Cell Lung Cancer","Lung Squamous Cell Carcinoma","LUSC",NA,FALSE,"HLX"
"ACH-002123","H2369","Pleura","Pleural Mesothelioma","Pleural Mesothelioma","PLMESO",NA,FALSE,"HLX"
"ACH-002124","H2373","Pleura","Pleural Mesothelioma","Pleural Mesothelioma, Sarcomatoid Type","PLSMESO",NA,FALSE,"HLX"
"ACH-002125","H2461","Pleura","Pleural Mesothelioma","Pleural Mesothelioma, Epithelioid Type","PLEMESO",NA,FALSE,"HLX"
"ACH-002126","H2591","Pleura","Pleural Mesothelioma","Pleural Mesothelioma, Epithelioid Type","PLEMESO",NA,FALSE,"HLX"
"ACH-002127","H2595","Pleura","Pleural Mesothelioma","Pleural Mesothelioma, Epithelioid Type","PLEMESO",NA,FALSE,"HLX"
"ACH-002128","H2722","Pleura","Pleural Mesothelioma","Pleural Mesothelioma","PLMESO",NA,FALSE,"HLX"
"ACH-002129","H2731","Pleura","Pleural Mesothelioma","Pleural Mesothelioma, Sarcomatoid Type","PLSMESO",NA,FALSE,"HLX"
"ACH-002130","H2795","Pleura","Pleural Mesothelioma","Pleural Mesothelioma, Epithelioid Type","PLEMESO",NA,FALSE,"HLX"
"ACH-002131","H2803","Pleura","Pleural Mesothelioma","Pleural Mesothelioma","PLMESO",NA,FALSE,"HLX"
"ACH-002132","H2804","Pleura","Pleural Mesothelioma","Pleural Mesothelioma","PLMESO",NA,FALSE,"HLX"
"ACH-002133","H2810","Pleura","Pleural Mesothelioma","Pleural Mesothelioma, Epithelioid Type","PLEMESO",NA,FALSE,"HLX"
"ACH-002134","H2818","Pleura","Pleural Mesothelioma","Pleural Mesothelioma, Epithelioid Type","PLEMESO",NA,FALSE,"HLX"
"ACH-002135","H2869","Pleura","Pleural Mesothelioma","Pleural Mesothelioma, Biphasic Type","PLBMESO",NA,FALSE,"HLX"
"ACH-002136","H290","Pleura","Pleural Mesothelioma","Pleural Mesothelioma","PLMESO",NA,FALSE,"HLX"
"ACH-002138","H513","Lung","Non-Small Cell Lung Cancer","Lung Adenosquamous Carcinoma","LUAS",NA,FALSE,"HLX"
"ACH-002139","HA7-RCC","Kidney","Renal Cell Carcinoma","Renal Cell Carcinoma","RCC",NA,FALSE,"HLX"
"ACH-002140","Hey","Ovary/Fallopian Tube","Ovarian Epithelial Tumor","High-Grade Serous Ovarian Cancer","HGSOC",-0.00974126925698649,FALSE,"HLX"
"ACH-002141","HSC-39","Esophagus/Stomach","Esophagogastric Adenocarcinoma","Signet Ring Cell Carcinoma of the Stomach","SSRCC",0.021123969143963,FALSE,"HLX"
"ACH-002142","HuO-3N1","Bone","Osteosarcoma","Osteosarcoma","OS",NA,FALSE,"HLX"
"ACH-002143","IST-MEL1","Skin","Melanoma","Melanoma","MEL",-0.0985129868279092,FALSE,"HLX"
"ACH-002144","IST-SL1","Lung","Lung Neuroendocrine Tumor","Small Cell Lung Cancer","SCLC",NA,FALSE,"HLX"
"ACH-002145","IST-SL2","Lung","Lung Neuroendocrine Tumor","Small Cell Lung Cancer","SCLC",NA,FALSE,"HLX"
"ACH-002146","JHOS-3","Ovary/Fallopian Tube","Ovarian Epithelial Tumor","Serous Ovarian Cancer","SOC",NA,FALSE,"HLX"
"ACH-002147","K2","Skin","Melanoma","Melanoma","MEL",NA,FALSE,"HLX"
"ACH-002148","K5","Thyroid","Well-Differentiated Thyroid Cancer","Papillary Thyroid Cancer","THPA",NA,FALSE,"HLX"
"ACH-002149","KGN","Ovary/Fallopian Tube","Sex Cord Stromal Tumor","Granulosa Cell Tumor","GRCT",NA,FALSE,"HLX"
"ACH-002150","LB1047-RCC","Kidney","Renal Cell Carcinoma","Renal Cell Carcinoma","RCC",-0.0782057565110112,FALSE,"HLX"
"ACH-002151","LB2241-RCC","Kidney","Renal Cell Carcinoma","Renal Cell Carcinoma","RCC",NA,FALSE,"HLX"
"ACH-002152","LB2518-MEL","Skin","Melanoma","Melanoma","MEL",NA,FALSE,"HLX"
"ACH-002153","LB373-MEL-D","Skin","Melanoma","Melanoma","MEL",NA,FALSE,"HLX"
"ACH-002154","LB647-SCLC","Lung","Lung Neuroendocrine Tumor","Small Cell Lung Cancer","SCLC",NA,FALSE,"HLX"
"ACH-002155","LB996-RCC","Kidney","Renal Cell Carcinoma","Renal Cell Carcinoma","RCC",NA,FALSE,"HLX"
"ACH-002156","LC-1-sq","Lung","Non-Small Cell Lung Cancer","Lung Squamous Cell Carcinoma","LUSC",-0.0295800338719674,FALSE,"HLX"
"ACH-002157","LC-2-ad","Lung","Non-Small Cell Lung Cancer","Lung Adenocarcinoma","LUAD",NA,FALSE,"HLX"
"ACH-002158","LU-99A","Lung","Non-Small Cell Lung Cancer","Giant Cell Carcinoma of the Lung","GCLC",NA,FALSE,"HLX"
"ACH-002159","M14","Skin","Melanoma","Melanoma","MEL",NA,FALSE,"HLX"
"ACH-002160","MC-IXC","Bone","Ewing Sarcoma","Ewing Sarcoma","ES",0.0588302536952882,FALSE,"HLX"
"ACH-002161","MKN28","Esophagus/Stomach","Esophagogastric Adenocarcinoma","Tubular Stomach Adenocarcinoma","TSTAD",-0.0541005983628436,FALSE,"HLX"
"ACH-002162","MMAC-SF","Skin","Melanoma","Melanoma","MEL",NA,FALSE,"HLX"
"ACH-002163","MRK-nu-1","Breast","Invasive Breast Carcinoma","Breast Invasive Lobular Carcinoma","ILC",NA,FALSE,"HLX"
"ACH-002164","MZ1-PC","Pancreas","Pancreatic Adenocarcinoma","Pancreatic Adenocarcinoma","PAAD",NA,FALSE,"HLX"
"ACH-002165","MZ2-MEL","Skin","Melanoma","Melanoma","MEL",NA,FALSE,"HLX"
"ACH-002166","MZ7-mel","Skin","Melanoma","Melanoma","MEL",NA,FALSE,"HLX"
"ACH-002167","NCC010","Kidney","Renal Cell Carcinoma","Renal Cell Carcinoma","RCC",NA,FALSE,"HLX"
"ACH-002168","NCC021","Kidney","Renal Cell Carcinoma","Renal Cell Carcinoma","RCC",NA,FALSE,"HLX"
"ACH-002169","NCI-H1304","Lung","Lung Neuroendocrine Tumor","Small Cell Lung Cancer","SCLC",NA,FALSE,"HLX"
"ACH-002170","NCI-H1688","Lung","Lung Neuroendocrine Tumor","Small Cell Lung Cancer","SCLC",NA,FALSE,"HLX"
"ACH-002171","NCI-H250","Lung","Lung Neuroendocrine Tumor","Small Cell Lung Cancer","SCLC",NA,FALSE,"HLX"
"ACH-002172","NCI-H322M","Lung","Non-Small Cell Lung Cancer","Lung Adenocarcinoma","LUAD",NA,FALSE,"HLX"
"ACH-002173","NCI-H378","Lung","Lung Neuroendocrine Tumor","Small Cell Lung Cancer","SCLC",NA,FALSE,"HLX"
"ACH-002174","NCI-H720","Lung","Lung Neuroendocrine Tumor","Lung Carcinoid","LUCA",NA,FALSE,"HLX"
"ACH-002175","NCI-H740","Lung","Lung Neuroendocrine Tumor","Small Cell Lung Cancer","SCLC",NA,FALSE,"HLX"
"ACH-002177","NCI-H835","Lung","Lung Neuroendocrine Tumor","Lung Carcinoid","LUCA",NA,FALSE,"HLX"
"ACH-002178","NY","Bone","Osteosarcoma","Osteosarcoma","OS",NA,FALSE,"HLX"
"ACH-002179","OCUB-M","Breast","Invasive Breast Carcinoma","Invasive Breast Carcinoma","BRCA",-0.0355693480786724,FALSE,"HLX"
"ACH-002180","OMC-1","Cervix","Cervical Squamous Cell Carcinoma","Cervical Squamous Cell Carcinoma","CESC",NA,FALSE,"HLX"
"ACH-002181","OVCA420","Ovary/Fallopian Tube","Ovarian Epithelial Tumor","Serous Ovarian Cancer","SOC",-0.0472608916051189,FALSE,"HLX"
"ACH-002182","OVCA433","Ovary/Fallopian Tube","Ovarian Epithelial Tumor","Serous Ovarian Cancer","SOC",NA,FALSE,"HLX"
"ACH-002183","OVMIU","Ovary/Fallopian Tube","Ovarian Epithelial Tumor","High-Grade Serous Ovarian Cancer","HGSOC",-0.0603321271649341,FALSE,"HLX"
"ACH-002184","PC-3 [JPC-3]","Lung","Non-Small Cell Lung Cancer","Lung Adenocarcinoma","LUAD",NA,FALSE,"HLX"
"ACH-002186","PL4","Pancreas","Pancreatic Adenocarcinoma","Pancreatic Adenocarcinoma","PAAD",-0.246936751045427,FALSE,"HLX"
"ACH-002187","RCC-AB","Kidney","Renal Cell Carcinoma","Renal Clear Cell Carcinoma","CCRCC",NA,FALSE,"HLX"
"ACH-002188","RCC-ER","Kidney","Renal Cell Carcinoma","Renal Clear Cell Carcinoma","CCRCC",NA,FALSE,"HLX"
"ACH-002189","RCC-FG2","Kidney","Renal Cell Carcinoma","Renal Clear Cell Carcinoma","CCRCC",0.0251294745143438,FALSE,"HLX"
"ACH-002190","RCC-JF","Kidney","Renal Cell Carcinoma","Renal Clear Cell Carcinoma","CCRCC",NA,FALSE,"HLX"
"ACH-002191","RCC-JW","Kidney","Renal Cell Carcinoma","Renal Clear Cell Carcinoma","CCRCC",NA,FALSE,"HLX"
"ACH-002192","RCC-MF","Kidney","Renal Cell Carcinoma","Renal Clear Cell Carcinoma","CCRCC",NA,FALSE,"HLX"
"ACH-002193","RERF-LC-FM","Lung","Lung Neuroendocrine Tumor","Small Cell Lung Cancer","SCLC",NA,FALSE,"HLX"
"ACH-002195","RXF393","Kidney","Renal Cell Carcinoma","Renal Cell Carcinoma","RCC",NA,FALSE,"HLX"
"ACH-002196","SBC-1","Lung","Lung Neuroendocrine Tumor","Small Cell Lung Cancer","SCLC",NA,FALSE,"HLX"
"ACH-002197","SBC-3","Lung","Lung Neuroendocrine Tumor","Small Cell Lung Cancer","SCLC",NA,FALSE,"HLX"
"ACH-002198","SCH","Other","Extra Gonadal Germ Cell Tumor","Extra Gonadal Germ Cell Tumor","EGCT",-0.034371212206026,FALSE,"HLX"
"ACH-002199","SN12C","Kidney","Renal Cell Carcinoma","Renal Cell Carcinoma","RCC",NA,FALSE,"HLX"
"ACH-002200","SW962","Vulva/Vagina","Mucosal Melanoma of the Vulva/Vagina","Mucosal Melanoma of the Vulva/Vagina","VMM",NA,FALSE,"HLX"
"ACH-002201","TC-YIK","Cervix","Small Cell Carcinoma of the Cervix","Small Cell Carcinoma of the Cervix","SCCE",NA,FALSE,"HLX"
"ACH-002202","TMK-1","Esophagus/Stomach","Esophagogastric Adenocarcinoma","Stomach Adenocarcinoma","STAD",0.035310846341384,FALSE,"HLX"
"ACH-002204","U-CH2","Bone","Chordoma","Chordoma","CHDM",0.0502257898778039,FALSE,"HLX"
"ACH-002205","WM1552C","Skin","Melanoma","Cutaneous Melanoma","SKCM",NA,FALSE,"HLX"
"ACH-002206","WM278","Skin","Melanoma","Melanoma","MEL",NA,FALSE,"HLX"
"ACH-002207","WM35","Skin","Melanoma","Melanoma","MEL",NA,FALSE,"HLX"
"ACH-002208","YMB-1-E","Breast","Invasive Breast Carcinoma","Breast Invasive Ductal Carcinoma","IDC",NA,FALSE,"HLX"
"ACH-002209","ALL-PO","Lymphoid","B-Lymphoblastic Leukemia/Lymphoma","B-Lymphoblastic Leukemia/Lymphoma with t(v;11q23.3);KMT2A Rearranged","BLLKMT2A",NA,FALSE,"HLX"
"ACH-002210","ARH-77","Myeloid","Non-Cancerous","Immortalized Blood","",-0.01950222088254,FALSE,"HLX"
"ACH-002211","BALL-1","Lymphoid","B-Lymphoblastic Leukemia/Lymphoma","B-Lymphoblastic Leukemia/Lymphoma","BLL",NA,FALSE,"HLX"
"ACH-002212","BB30-HNC","Head and Neck","Head and Neck Squamous Cell Carcinoma","Head and Neck Squamous Cell Carcinoma","HNSC",-0.0244850394836559,FALSE,"HLX"
"ACH-002213","BB49-HNC","Head and Neck","Head and Neck Squamous Cell Carcinoma","Oral Cavity Squamous Cell Carcinoma","OCSC",NA,FALSE,"HLX"
"ACH-002214","BC-1","Lymphoid","Mature B-Cell Neoplasms","Primary Effusion Lymphoma","PEL",0.0676960480463974,FALSE,"HLX"
"ACH-002215","BC-3","Lymphoid","Mature B-Cell Neoplasms","Primary Effusion Lymphoma","PEL",0.0399210823441887,FALSE,"HLX"
"ACH-002216","BE-13","Lymphoid","T-Lymphoblastic Leukemia/Lymphoma","T-Lymphoblastic Leukemia/Lymphoma","TLL",NA,FALSE,"HLX"
"ACH-002217","BE2-M17","Peripheral Nervous System","Neuroblastoma","Neuroblastoma","NBL",NA,FALSE,"HLX"
"ACH-002218","CESS","Myeloid","Acute Myeloid Leukemia","Acute Myeloid Leukemia","AML",NA,FALSE,"HLX"
"ACH-002219","COLO-320-HSR","Bowel","Colorectal Adenocarcinoma","Colon Adenocarcinoma","COAD",NA,FALSE,"HLX"
"ACH-002220","CRO-AP2","Lymphoid","Mature B-Cell Neoplasms","Primary Effusion Lymphoma","PEL",NA,FALSE,"HLX"
"ACH-002221","CTB-1","Lymphoid","Mature B-Cell Neoplasms","Diffuse Large B-Cell Lymphoma, NOS","DLBCLNOS",NA,FALSE,"HLX"
"ACH-002222","CTV-1","Lymphoid","Mature T and NK Neoplasms","Adult T-Cell Leukemia/Lymphoma","ATLL",NA,FALSE,"HLX"
"ACH-002223","D-245MG","CNS/Brain","Diffuse Glioma","Glioblastoma","GB",NA,FALSE,"HLX"
"ACH-002224","D-247MG","CNS/Brain","Diffuse Glioma","Gliosarcoma","GSARC",NA,FALSE,"HLX"
"ACH-002225","D-263MG","CNS/Brain","Diffuse Glioma","Glioblastoma","GB",NA,FALSE,"HLX"
"ACH-002226","D-336MG","CNS/Brain","Diffuse Glioma","Gliosarcoma","GSARC",NA,FALSE,"HLX"
"ACH-002227","D-392MG","CNS/Brain","Diffuse Glioma","Glioblastoma","GB",NA,FALSE,"HLX"
"ACH-002228","D-423MG","CNS/Brain","Diffuse Glioma","Glioblastoma","GB",-0.0355678306527457,FALSE,"HLX"
"ACH-002229","D-502MG","CNS/Brain","Diffuse Glioma","Glioblastoma","GB",0.0733425137964647,FALSE,"HLX"
"ACH-002230","D-542MG","CNS/Brain","Diffuse Glioma","Glioblastoma","GB",-0.0370415855428159,FALSE,"HLX"
"ACH-002231","D-566MG","CNS/Brain","Diffuse Glioma","Glioblastoma","GB",NA,FALSE,"HLX"
"ACH-002232","DG-75","Lymphoid","Mature B-Cell Neoplasms","Burkitt Lymphoma","BL",NA,FALSE,"HLX"
"ACH-002233","DIFI","Bowel","Colorectal Adenocarcinoma","Colorectal Adenocarcinoma","COADREAD",-0.00618057229625771,FALSE,"HLX"
"ACH-002234","DOK","Head and Neck","Head and Neck Carcinoma, Other","Head and Neck Carcinoma, Other","OHNCA",0.129047052900065,FALSE,"HLX"
"ACH-002235","DSH1","Bladder/Urinary Tract","Bladder Urothelial Carcinoma","Bladder Urothelial Carcinoma","BLCA",NA,FALSE,"HLX"
"ACH-002236","EB-3","Lymphoid","Mature B-Cell Neoplasms","Burkitt Lymphoma","BL",NA,FALSE,"HLX"
"ACH-002237","ETK-1","Biliary Tract","Intraductal Papillary Neoplasm of the Bile Duct","Intrahepatic Cholangiocarcinoma","IHCH",NA,FALSE,"HLX"
"ACH-002238","GR-ST","Lymphoid","B-Lymphoblastic Leukemia/Lymphoma","B-Lymphoblastic Leukemia/Lymphoma","BLL",NA,FALSE,"HLX"
"ACH-002239","H3118","Head and Neck","Salivary Carcinoma","Mucoepidermoid Carcinoma","MUCC",-0.0279335960852912,FALSE,"HLX"
"ACH-002240","H9","Lymphoid","Mature T and NK Neoplasms","Sezary Syndrome","SS",NA,FALSE,"HLX"
"ACH-002241","HAL-01","Lymphoid","B-Lymphoblastic Leukemia/Lymphoma","B-Lymphoblastic Leukemia/Lymphoma","BLL",NA,FALSE,"HLX"
"ACH-002242","HC-1","Lymphoid","Mature B-Cell Neoplasms","Hairy Cell Leukemia","HCL",NA,FALSE,"HLX"
"ACH-002243","HCE-4","Esophagus/Stomach","Esophageal Squamous Cell Carcinoma","Esophageal Squamous Cell Carcinoma","ESCC",0.174134864710682,FALSE,"HLX"
"ACH-002244","HO-1-N-1","Head and Neck","Head and Neck Squamous Cell Carcinoma","Oral Cavity Squamous Cell Carcinoma","OCSC",NA,FALSE,"HLX"
"ACH-002245","Hs-445","Lymphoid","Hodgkin Lymphoma","Hodgkin Lymphoma","HL",NA,FALSE,"HLX"
"ACH-002246","Hs 633.T","Soft Tissue","Fibrosarcoma","Fibrosarcoma","FIBS",NA,FALSE,"HLX"
"ACH-002247","IM-9","Myeloid","Non-Cancerous","Immortalized Blood","",-0.0208726319595746,FALSE,"HLX"
"ACH-002248","IMR-5","Peripheral Nervous System","Neuroblastoma","Neuroblastoma","NBL",NA,FALSE,"HLX"
"ACH-002249","JHU-011","Head and Neck","Head and Neck Squamous Cell Carcinoma","Larynx Squamous Cell Carcinoma","LXSC",-0.15497573093579,FALSE,"HLX"
"ACH-002250","JHU-022","Head and Neck","Head and Neck Squamous Cell Carcinoma","Larynx Squamous Cell Carcinoma","LXSC",0.05121224791629,FALSE,"HLX"
"ACH-002251","JHU-029","Head and Neck","Head and Neck Squamous Cell Carcinoma","Larynx Squamous Cell Carcinoma","LXSC",-0.0473946460038911,FALSE,"HLX"
"ACH-002252","JiyoyeP-2003","Lymphoid","Mature B-Cell Neoplasms","Burkitt Lymphoma","BL",NA,FALSE,"HLX"
"ACH-002253","JSC-1","Lymphoid","Mature B-Cell Neoplasms","Primary Effusion Lymphoma","PEL",NA,FALSE,"HLX"
"ACH-002254","KARPAS-1106P","Lymphoid","Mature B-Cell Neoplasms","Primary Mediastinal (Thymic) Large B-Cell Lymphoma (PMBL)","PMBL",NA,FALSE,"HLX"
"ACH-002255","KARPAS-231","Lymphoid","Mature B-Cell Neoplasms","Diffuse Large B-Cell Lymphoma, NOS","DLBCLNOS",NA,FALSE,"HLX"
"ACH-002256","KARPAS-45","Lymphoid","T-Lymphoblastic Leukemia/Lymphoma","T-Lymphoblastic Leukemia/Lymphoma","TLL",NA,FALSE,"HLX"
"ACH-002257","KINGS-1","CNS/Brain","Diffuse Glioma","Anaplastic Astrocytoma","AASTR",-0.200071641868602,FALSE,"HLX"
"ACH-002258","KMOE-2","Myeloid","Acute Myeloid Leukemia","Acute Myeloid Leukemia","AML",NA,FALSE,"HLX"
"ACH-002259","KNS-81-FD","CNS/Brain","Diffuse Glioma","Glioblastoma","GB",NA,FALSE,"HLX"
"ACH-002261","KP-N-YS","Peripheral Nervous System","Neuroblastoma","Neuroblastoma","NBL",-0.138786969694471,FALSE,"HLX"
"ACH-002262","KY821","Myeloid","Acute Myeloid Leukemia","Acute Myelomonocytic Leukemia","AMML",NA,FALSE,"HLX"
"ACH-002263","KYSE-220","Esophagus/Stomach","Esophageal Squamous Cell Carcinoma","Esophageal Squamous Cell Carcinoma","ESCC",-0.0523877178172379,FALSE,"HLX"
"ACH-002264","KYSE-50","Esophagus/Stomach","Esophageal Squamous Cell Carcinoma","Esophageal Squamous Cell Carcinoma","ESCC",NA,FALSE,"HLX"
"ACH-002265","LB771-HNC","Head and Neck","Head and Neck Squamous Cell Carcinoma","Head and Neck Squamous Cell Carcinoma","HNSC",0.0879330089931398,FALSE,"HLX"
"ACH-002266","LB831-BLC","Bladder/Urinary Tract","Bladder Urothelial Carcinoma","Bladder Urothelial Carcinoma","BLCA",NA,FALSE,"HLX"
"ACH-002267","LC4-1","Lymphoid","B-Lymphoblastic Leukemia/Lymphoma","B-Lymphoblastic Leukemia/Lymphoma","BLL",NA,FALSE,"HLX"
"ACH-002268","LN-405","CNS/Brain","Diffuse Glioma","Glioblastoma","GB",NA,FALSE,"HLX"
"ACH-002269","LNZTA3WT4","CNS/Brain","Diffuse Glioma","Astrocytoma","ASTR",-0.186937144556167,FALSE,"HLX"
"ACH-002270","MC-CAR","B lymphoblast","Non-Cancerous","B lymphoblast","",NA,FALSE,"HLX"
"ACH-002271","MFH-ino","Soft Tissue","Undifferentiated Pleomorphic Sarcoma/Malignant Fibrous Histiocytoma/High-Grade Spindle Cell Sarcoma","Undifferentiated Pleomorphic Sarcoma/Malignant Fibrous Histiocytoma/High-Grade Spindle Cell Sarcoma","MFH",NA,FALSE,"HLX"
"ACH-002272","MHH-PREB-1","Lymphoid","Non-Hodgkin Lymphoma","Mature B-Cell Neoplasms","MBN",NA,FALSE,"HLX"
"ACH-002273","ML-2","Myeloid","Acute Myeloid Leukemia","Acute Myeloid Leukemia","AML",NA,FALSE,"HLX"
"ACH-002274","MLMA","Lymphoid","Mature B-Cell Neoplasms","Hairy Cell Leukemia","HCL",NA,FALSE,"HLX"
"ACH-002275","MN-60","Lymphoid","Mature B-Cell Neoplasms","Burkitt Lymphoma","BL",NA,FALSE,"HLX"
"ACH-002276","MY-M12","Myeloid","Acute Leukemias of Ambiguous Lineage","Acute Leukemias of Ambiguous Lineage","ALAL",NA,FALSE,"HLX"
"ACH-002277","NB(TU)1-10","Peripheral Nervous System","Neuroblastoma","Neuroblastoma","NBL",NA,FALSE,"HLX"
"ACH-002278","NB10","Peripheral Nervous System","Neuroblastoma","Neuroblastoma","NBL",-0.600226850499024,FALSE,"HLX"
"ACH-002279","NB12","Peripheral Nervous System","Neuroblastoma","Neuroblastoma","NBL",NA,FALSE,"HLX"
"ACH-002280","NB13","Peripheral Nervous System","Neuroblastoma","Neuroblastoma","NBL",-0.0978773808379284,FALSE,"HLX"
"ACH-002281","NB14","Peripheral Nervous System","Neuroblastoma","Neuroblastoma","NBL",NA,FALSE,"HLX"
"ACH-002282","NB17","Peripheral Nervous System","Neuroblastoma","Neuroblastoma","NBL",-0.27233784225706,FALSE,"HLX"
"ACH-002283","NB5","Peripheral Nervous System","Neuroblastoma","Neuroblastoma","NBL",-0.00648682103380055,FALSE,"HLX"
"ACH-002284","NB6","Peripheral Nervous System","Neuroblastoma","Neuroblastoma","NBL",0.19425658457569,FALSE,"HLX"
"ACH-002285","NB7","Peripheral Nervous System","Neuroblastoma","Neuroblastoma","NBL",0.0342349843470963,FALSE,"HLX"
"ACH-002286","NCI-H128","Lung","Lung Neuroendocrine Tumor","Small Cell Lung Cancer","SCLC",NA,FALSE,"HLX"
"ACH-002287","NCI-H630","Bowel","Colorectal Adenocarcinoma","Colorectal Adenocarcinoma","COADREAD",NA,FALSE,"HLX"
"ACH-002288","NEC8","Testis","Non-Seminomatous Germ Cell Tumor","Embryonal Carcinoma","EMBCA",NA,FALSE,"HLX"
"ACH-002289","NK-92MI","Lymphoid","T-Lymphoblastic Leukemia/Lymphoma","Natural Killer (NK) Cell Lymphoblastic Leukemia/Lymphoma (NKCLL)","NKCLL",NA,FALSE,"HLX"
"ACH-002290","NKM-1","Myeloid","Acute Myeloid Leukemia","Acute Myeloid Leukemia","AML",NA,FALSE,"HLX"
"ACH-002291","NTERA-2 cl.D1","Testis","Non-Seminomatous Germ Cell Tumor","Embryonal Carcinoma","EMBCA",0.0653636868831726,FALSE,"HLX"
"ACH-002292","OACp4C","Esophagus/Stomach","Esophagogastric Adenocarcinoma","Esophageal Adenocarcinoma","ESCA",NA,FALSE,"HLX"
"ACH-002293","P32-ISH","Lymphoid","Mature B-Cell Neoplasms","Burkitt Lymphoma","BL",NA,FALSE,"HLX"
"ACH-002294","PCI-15A","Head and Neck","Head and Neck Squamous Cell Carcinoma","Hypopharynx Squamous Cell Carcinoma","HPHSC",0.0705403691140316,FALSE,"HLX"
"ACH-002295","PCI-30","Head and Neck","Head and Neck Squamous Cell Carcinoma","Oral Cavity Squamous Cell Carcinoma","OCSC",-0.0902671866435421,FALSE,"HLX"
"ACH-002296","PCI-38","Head and Neck","Head and Neck Squamous Cell Carcinoma","Oral Cavity Squamous Cell Carcinoma","OCSC",0.0293305505334232,FALSE,"HLX"
"ACH-002297","PCI-4B","Head and Neck","Head and Neck Squamous Cell Carcinoma","Larynx Squamous Cell Carcinoma","LXSC",0.0326972166009731,FALSE,"HLX"
"ACH-002298","PCI-6A","Head and Neck","Head and Neck Squamous Cell Carcinoma","Oral Cavity Squamous Cell Carcinoma","OCSC",-0.0480207724473673,FALSE,"HLX"
"ACH-002299","QIMR-WIL","Myeloid","Acute Myeloid Leukemia","Acute Myeloid Leukemia","AML",NA,FALSE,"HLX"
"ACH-002300","Ramos-2G6-4C10","Lymphoid","Mature B-Cell Neoplasms","Burkitt Lymphoma","BL",NA,FALSE,"HLX"
"ACH-002301","RF-48","Lymphoid","Non-Hodgkin Lymphoma","Non-Hodgkin Lymphoma","NHL",NA,FALSE,"HLX"
"ACH-002302","RPMI-8866","Myeloid","Myeloproliferative Neoplasms","Chronic Myeloid Leukemia, BCR-ABL1+","CMLBCRABL1",NA,FALSE,"HLX"
"ACH-002304","SK-MG-1","CNS/Brain","Diffuse Glioma","Astrocytoma","ASTR",-0.153367457319754,FALSE,"HLX"
"ACH-002305","SKN-3","Head and Neck","Head and Neck Squamous Cell Carcinoma","Oral Cavity Squamous Cell Carcinoma","OCSC",0.172412905988129,FALSE,"HLX"
"ACH-002306","STS-0421","Esophagus/Stomach","Esophagogastric Adenocarcinoma","Stomach Adenocarcinoma","STAD",NA,FALSE,"HLX"
"ACH-002307","SU-DHL-16","Lymphoid","Non-Hodgkin Lymphoma","Mature B-Cell Neoplasms","MBN",NA,FALSE,"HLX"
"ACH-002308","SUP-B8","Lymphoid","B-Lymphoblastic Leukemia/Lymphoma","B-Lymphoblastic Leukemia/Lymphoma","BLL",NA,FALSE,"HLX"
"ACH-002309","SW684","Soft Tissue","Fibrosarcoma","Fibrosarcoma","FIBS",NA,FALSE,"HLX"
"ACH-002310","SW872","Soft Tissue","Liposarcoma","Liposarcoma","LIPO",NA,FALSE,"HLX"
"ACH-002311","TE-12","Esophagus/Stomach","Esophageal Squamous Cell Carcinoma","Esophageal Squamous Cell Carcinoma","ESCC",NA,FALSE,"HLX"
"ACH-002312","TGBC24TKB","Biliary Tract","Intracholecystic Papillary Neoplasm","Gallbladder Adenocarcinoma, NOS","GBAD",NA,FALSE,"HLX"
"ACH-002313","TK","Lymphoid","Non-Hodgkin Lymphoma","Mature B-Cell Neoplasms","MBN",NA,FALSE,"HLX"
"ACH-002314","TUR","Myeloid","Acute Myeloid Leukemia","Acute Monoblastic/Monocytic Leukemia","AMOL",NA,FALSE,"HLX"
"ACH-002316","WIL2-NS","Myeloid","Hereditary Spherocytosis","Spherocytosis","",NA,FALSE,"HLX"
"ACH-002317","YT","Lymphoid","T-Lymphoblastic Leukemia/Lymphoma","Natural Killer (NK) Cell Lymphoblastic Leukemia/Lymphoma (NKCLL)","NKCLL",NA,FALSE,"HLX"
"ACH-002320","600MPE","Breast","Invasive Breast Carcinoma","Breast Invasive Carcinoma, NOS","BRCNOS",NA,FALSE,"HLX"
"ACH-002321","HBL-100","Breast","Non-Cancerous","Immortalized Breast Cells","",NA,FALSE,"HLX"
"ACH-002322","HCC2185","Breast","Invasive Breast Carcinoma","Breast Invasive Lobular Carcinoma","ILC",NA,FALSE,"HLX"
"ACH-002323","HCC2688","Breast","Breast Ductal Carcinoma In Situ","Breast Ductal Carcinoma In Situ","DCIS",NA,FALSE,"HLX"
"ACH-002324","HCC3153","Breast","Invasive Breast Carcinoma","Breast Invasive Ductal Carcinoma","IDC",NA,FALSE,"HLX"
"ACH-002326","MACLS2","Breast","Invasive Breast Carcinoma","Breast Invasive Ductal Carcinoma","IDC",NA,FALSE,"HLX"
"ACH-002327","MCF12A","Breast","Non-Cancerous","Immortalized Breast Cells","",NA,FALSE,"HLX"
"ACH-002328","MX1","Breast","Breast Neoplasm, NOS","Breast Neoplasm, NOS","BNNOS",NA,FALSE,"HLX"
"ACH-002329","SKBR5","Breast","Breast Neoplasm, NOS","Breast Neoplasm, NOS","BNNOS",NA,FALSE,"HLX"
"ACH-002330","SKBR7","Breast","Breast Neoplasm, NOS","Breast Neoplasm, NOS","BNNOS",NA,FALSE,"HLX"
"ACH-002331","ZR75B","Breast","Invasive Breast Carcinoma","Breast Invasive Carcinoma, NOS","BRCNOS",NA,FALSE,"HLX"
"ACH-002332","GISTT1","Soft Tissue","Gastrointestinal Stromal Tumor","Gastrointestinal Stromal Tumor","GIST",NA,FALSE,"HLX"
"ACH-002333","HCC-827-GR","Lung","Non-Small Cell Lung Cancer","Lung Adenocarcinoma","LUAD",NA,FALSE,"HLX"
"ACH-002334","SS1A","Soft Tissue","Synovial Sarcoma","Synovial Sarcoma","SYNS",NA,FALSE,"HLX"
"ACH-002336","HCET","Eye","Non-Cancerous","Immortalized Epithelial Cells, Corneal, Differentiated","",NA,FALSE,"HLX"
"ACH-002337","JHU-028","Lung","Non-Small Cell Lung Cancer","Lung Adenocarcinoma","LUAD",NA,FALSE,"HLX"
"ACH-002338","M980513","Skin","Melanoma","Melanoma","MEL",NA,FALSE,"HLX"
"ACH-002339","MOT","Lymphoid","Mature B-Cell Neoplasms","Hairy Cell Leukemia","HCL",NA,FALSE,"HLX"
"ACH-002340","NBSUSSR","Peripheral Nervous System","Neuroblastoma","Neuroblastoma","NBL",NA,FALSE,"HLX"
"ACH-002342","BB30P BL","Lymphoid","Non-Cancerous","Matched Normal","",NA,FALSE,"HLX"
"ACH-002343","BB49EBV","Normal","Non-Cancerous","Matched Normal","",NA,FALSE,"HLX"
"ACH-002344","BB65EBV","Normal","Non-Cancerous","Matched Normal","",NA,FALSE,"HLX"
"ACH-002345","CaR-1","Bowel","Colorectal Adenocarcinoma","Rectal Adenocarcinoma","READ",NA,FALSE,"HLX"
"ACH-002346","CP50EBV","Normal","Non-Cancerous","Matched Normal","",NA,FALSE,"HLX"
"ACH-002347","CP66EBV","Normal","Non-Cancerous","Matched Normal","",NA,FALSE,"HLX"
"ACH-002348","HSJD-DIPG-007","CNS/Brain","Diffuse Glioma","Diffuse Intrinsic Pontine Glioma","DIPG",NA,FALSE,"HLX"
"ACH-002349","GBM001","CNS/Brain","Diffuse Glioma","Glioblastoma","GB",NA,FALSE,"HLX"
"ACH-002350","HA7EBV","Normal","Non-Cancerous","Matched Normal","",NA,FALSE,"HLX"
"ACH-002351","L542","Normal","Non-Cancerous","Matched Normal","",NA,FALSE,"HLX"
"ACH-002352","LB1047EBV","Normal","Non-Cancerous","Matched Normal","",NA,FALSE,"HLX"
"ACH-002353","LB2241EBV","Normal","Non-Cancerous","Matched Normal","",NA,FALSE,"HLX"
"ACH-002354","LB2518EBV","Normal","Non-Cancerous","Matched Normal","",NA,FALSE,"HLX"
"ACH-002355","LB373EBV","Normal","Non-Cancerous","Matched Normal","",NA,FALSE,"HLX"
"ACH-002356","LB647P BL","Lymphoid","Non-Cancerous","Matched Normal","",NA,FALSE,"HLX"
"ACH-002357","LB771P BL","Lymphoid","Non-Cancerous","Matched Normal","",NA,FALSE,"HLX"
"ACH-002358","LB831-EBV","Lymphoid","Non-Cancerous","Matched Normal","",NA,FALSE,"HLX"
"ACH-002360","MZ1B","Normal","Non-Cancerous","Matched Normal","",NA,FALSE,"HLX"
"ACH-002361","MZ7B","Normal","Non-Cancerous","Matched Normal","",NA,FALSE,"HLX"
"ACH-002362","NCI-BL128","Lymphoid","Non-Cancerous","Matched Normal","",NA,FALSE,"HLX"
"ACH-002363","NCI-BL1395","Lymphoid","Non-Cancerous","Matched Normal","",NA,FALSE,"HLX"
"ACH-002364","NCI-BL1437","Lymphoid","Non-Cancerous","Matched Normal","",NA,FALSE,"HLX"
"ACH-002365","NCI-BL1770","Lymphoid","Non-Cancerous","Matched Normal","",NA,FALSE,"HLX"
"ACH-002366","NCI-BL2009","Lymphoid","Non-Cancerous","Matched Normal","",NA,FALSE,"HLX"
"ACH-002367","NCI-BL2052","Lymphoid","Non-Cancerous","Matched Normal","",NA,FALSE,"HLX"
"ACH-002368","NCI-BL2087","Lymphoid","Non-Cancerous","Matched Normal","",NA,FALSE,"HLX"
"ACH-002369","NCI-BL209","Lymphoid","Non-Cancerous","Matched Normal","",NA,FALSE,"HLX"
"ACH-002370","NCI-BL2122","Lymphoid","Non-Cancerous","Matched Normal","",NA,FALSE,"HLX"
"ACH-002371","NCI-BL2126","Lymphoid","Non-Cancerous","Matched Normal","",NA,FALSE,"HLX"
"ACH-002372","NCI-BL2171","Lymphoid","Non-Cancerous","Matched Normal","",NA,FALSE,"HLX"
"ACH-002373","HCC1187 BL","Lymphoid","Non-Cancerous","Matched Normal","",NA,FALSE,"HLX"
"ACH-002374","HCC1599BL","Lymphoid","Non-Cancerous","Matched Normal","",NA,FALSE,"HLX"
"ACH-002375","HCC1937 BL","Lymphoid","Non-Cancerous","Matched Normal","",NA,FALSE,"HLX"
"ACH-002376","LS1034-PBL","Lymphoid","Non-Cancerous","Matched Normal","",NA,FALSE,"HLX"
"ACH-002377","HCC38 BL","Lymphoid","Non-Cancerous","Matched Normal","",NA,FALSE,"HLX"
"ACH-002378","HCC1143 BL","Lymphoid","Non-Cancerous","Matched Normal","",NA,FALSE,"HLX"
"ACH-002379","J82EBV","Normal","Non-Cancerous","Matched Normal","",NA,FALSE,"HLX"
"ACH-002380","COLO829 BL","Lymphoid","Non-Cancerous","Matched Normal","",NA,FALSE,"HLX"
"ACH-002381","HCC2157 BL","Lymphoid","Non-Cancerous","Matched Normal","",NA,FALSE,"HLX"
"ACH-002382","HCC1395 BL","Lymphoid","Non-Cancerous","Matched Normal","",NA,FALSE,"HLX"
"ACH-002383","HCC2218 BL","Lymphoid","Non-Cancerous","Matched Normal","",NA,FALSE,"HLX"
"ACH-002384","HCC1954 BL","Lymphoid","Non-Cancerous","Matched Normal","",NA,FALSE,"HLX"
"ACH-002386","M00921","Skin","Melanoma","Melanoma","MEL",NA,FALSE,"HLX"
"ACH-002387","M1203273","Skin","Melanoma","Melanoma","MEL",NA,FALSE,"HLX"
"ACH-002388","MET2B","Skin","Melanoma","Melanoma","MEL",NA,FALSE,"HLX"
"ACH-002389","ACN","Peripheral Nervous System","Neuroblastoma","Neuroblastoma","NBL",NA,FALSE,"HLX"
"ACH-002392","SC-1","Lymphoid","Mature B-Cell Neoplasms","Follicular Lymphoma","FL",NA,FALSE,"HLX"
"ACH-002397","KMH-2","Thyroid","Anaplastic Thyroid Cancer","Anaplastic Thyroid Cancer","THAP",NA,FALSE,"HLX"
"ACH-002399","21NT","Breast","Invasive Breast Carcinoma","Breast Invasive Ductal Carcinoma","IDC",-0.0162214716298535,FALSE,"HLX"
"ACH-002400","21MT1","Breast","Invasive Breast Carcinoma","Breast Invasive Ductal Carcinoma","IDC",-0.168743789663222,FALSE,"HLX"
"ACH-002401","21MT2","Breast","Invasive Breast Carcinoma","Breast Invasive Ductal Carcinoma","IDC",-0.0207873749933978,FALSE,"HLX"
"ACH-002403","CCLF_MELM_0001_T","Skin","Melanoma","Melanoma","MEL",NA,FALSE,"HLX"
"ACH-002404","CCLF_MELM_0002_T","Skin","Melanoma","Melanoma","MEL",NA,FALSE,"HLX"
"ACH-002405","CCLF_MELM_0003_T","Skin","Melanoma","Melanoma","MEL",NA,FALSE,"HLX"
"ACH-002407","CCLF_MELM_0005_T","Skin","Melanoma","Melanoma","MEL",NA,FALSE,"HLX"
"ACH-002409","CCLF_NEURO_0006_T","CNS/Brain","Diffuse Glioma","Glioblastoma","GB",NA,FALSE,"HLX"
"ACH-002419","CCLF_OVPA_0001_T","Uterus","Endometrial Carcinoma","Uterine Carcinosarcoma/Uterine Malignant Mixed Mullerian Tumor","UCS",NA,FALSE,"HLX"
"ACH-002431","CCLF_PEDS_0014_T1","Peripheral Nervous System","Neuroblastoma","Neuroblastoma","NBL",NA,FALSE,"HLX"
"ACH-002433","CCLF_PEDS_0019_T","Bone","Osteosarcoma","Osteosarcoma","OS",NA,FALSE,"HLX"
"ACH-002435","CCLF_PEDS_0022_T","Kidney","Wilms' Tumor","Wilms' Tumor","WT",NA,FALSE,"HLX"
"ACH-002438","CCLF_PEDS_0026_T","Kidney","Wilms' Tumor","Wilms' Tumor","WT",NA,FALSE,"HLX"
"ACH-002440","CCLF_THYR_0008_T","Thyroid","Well-Differentiated Thyroid Cancer","Papillary Thyroid Cancer","THPA",NA,FALSE,"HLX"
"ACH-002444","CCLF_UPGI_0003_T","Esophagus/Stomach","Esophagogastric Adenocarcinoma","Stomach Adenocarcinoma","STAD",NA,FALSE,"HLX"
"ACH-002445","CCLF_UPGI_0004_T","Esophagus/Stomach","Esophagogastric Adenocarcinoma","Stomach Adenocarcinoma","STAD",NA,FALSE,"HLX"
"ACH-002446","CCLF_UPGI_0005_T","Esophagus/Stomach","Esophagogastric Adenocarcinoma","Stomach Adenocarcinoma","STAD",-0.019430281250052,FALSE,"HLX"
"ACH-002458","HT144 SKIN FV1","Skin","Melanoma","Melanoma","MEL",-0.0670624335839036,FALSE,"HLX"
"ACH-002459","HT144 SKIN FV3","Skin","Melanoma","Melanoma","MEL",NA,FALSE,"HLX"
"ACH-002460","HT144 SKIN FV2","Skin","Melanoma","Melanoma","MEL",-0.0842987884083816,FALSE,"HLX"
"ACH-002461","RVH421 SKIN FV1","Skin","Melanoma","Melanoma","MEL",0.00889607261076649,FALSE,"HLX"
"ACH-002462","RPE1-ss48","Eye","Non-Cancerous","Immortalized Epithelial Cells, Retinal","",0.011251674378604,FALSE,"HLX"
"ACH-002463","RPE1-ss77","Eye","Non-Cancerous","Immortalized Epithelial Cells, Retinal","",0.124169386515567,FALSE,"HLX"
"ACH-002464","RPE1-ss6","Eye","Non-Cancerous","Immortalized Epithelial Cells, Retinal","",0.109993789549564,FALSE,"HLX"
"ACH-002465","RPE1-ss119","Eye","Non-Cancerous","Immortalized Epithelial Cells, Retinal","",0.179602987429079,FALSE,"HLX"
"ACH-002466","RPE1-ss111","Eye","Non-Cancerous","Immortalized Epithelial Cells, Retinal","",NA,FALSE,"HLX"
"ACH-002467","RPE1-ss51","Eye","Non-Cancerous","Immortalized Epithelial Cells, Retinal","",0.206212130081079,FALSE,"HLX"
"ACH-002470","OS186","Bone","Osteosarcoma","Osteosarcoma","OS",0.267540340237084,FALSE,"HLX"
"ACH-002471","OS052","Bone","Osteosarcoma","Osteosarcoma","OS",0.0405812631601372,FALSE,"HLX"
"ACH-002475","HAP1","Myeloid","Myeloproliferative Neoplasms","Chronic Myeloid Leukemia, BCR-ABL1+","CMLBCRABL1",0.215838177967451,FALSE,"HLX"
"ACH-002478","BC-2","Lymphoid","Mature B-Cell Neoplasms","Primary Effusion Lymphoma","PEL",0.0656170779058367,FALSE,"HLX"
"ACH-002485","MAVER-1","Lymphoid","Mature B-Cell Neoplasms","Mantle Cell Lymphoma","MCL",-0.00413207259975315,FALSE,"HLX"
"ACH-002486","MES-OV","Ovary/Fallopian Tube","Ovarian Epithelial Tumor","Serous Ovarian Cancer","SOC",0.0716458782225045,FALSE,"HLX"
"ACH-002490","NCI-H1882","Lung","Lung Neuroendocrine Tumor","Small Cell Lung Cancer","SCLC",0.0171634811620667,FALSE,"HLX"
"ACH-002497","NCI-H920","Lung","Non-Small Cell Lung Cancer","Lung Adenocarcinoma","LUAD",NA,FALSE,"HLX"
"ACH-002499","UACC-3199","Breast","Invasive Breast Carcinoma","Breast Invasive Ductal Carcinoma","IDC",0.052869348370787,FALSE,"HLX"
"ACH-002500","Z-138","Lymphoid","Mature B-Cell Neoplasms","Mantle Cell Lymphoma","MCL",0.153060131633455,FALSE,"HLX"
"ACH-002501","RMZ","Soft Tissue","Rhabdomyosarcoma","Alveolar Rhabdomyosarcoma","ARMS",NA,FALSE,"HLX"
"ACH-002508","WM3211","Skin","Melanoma","Acral Melanoma","ACRM",0.0731138352737512,FALSE,"HLX"
"ACH-002509","WM4235","Skin","Melanoma","Acral Melanoma","ACRM",NA,FALSE,"HLX"
"ACH-002510","M040416","Skin","Melanoma","Acral Melanoma","ACRM",0.319240238480496,FALSE,"HLX"
"ACH-002511","M140325","Skin","Melanoma","Melanoma","MEL",0.0161934810584562,FALSE,"HLX"
"ACH-002512","MM160113","Skin","Melanoma","Acral Melanoma","ACRM",-0.270243936275211,FALSE,"HLX"
"ACH-002522","SNU-2292","Lung","Non-Small Cell Lung Cancer","Lung Adenocarcinoma","LUAD",0.0439556848321901,FALSE,"HLX"
"ACH-002523","SNU-739","Liver","Hepatocellular Carcinoma","Hepatocellular Carcinoma","HCC",0.0407559809592839,FALSE,"HLX"
"ACH-002524","SNU-251","Ovary/Fallopian Tube","Ovarian Epithelial Tumor","Endometrioid Ovarian Cancer","EOV",-0.00081815231991365,FALSE,"HLX"
"ACH-002526","SNU-1327","Lung","Non-Small Cell Lung Cancer","Lung Adenocarcinoma","LUAD",0.148134631591624,FALSE,"HLX"
"ACH-002528","SNU-267","Kidney","Renal Cell Carcinoma","Renal Clear Cell Carcinoma","CCRCC",-0.0274100470479377,FALSE,"HLX"
"ACH-002530","SNU-977","Bowel","Colorectal Adenocarcinoma","Rectal Adenocarcinoma","READ",-0.00675614909069974,FALSE,"HLX"
"ACH-002531","SNU-2535","Lung","Non-Small Cell Lung Cancer","Lung Adenocarcinoma","LUAD",-0.0130738407597804,FALSE,"HLX"
"ACH-002532","SNU-1411","Bowel","Colorectal Adenocarcinoma","Rectal Adenocarcinoma","READ",NA,FALSE,"HLX"
"ACH-002533","SNU-482","Kidney","Renal Cell Carcinoma","Renal Cell Carcinoma","RCC",-0.0624015257786579,FALSE,"HLX"
"ACH-002535","SNU-254","Bowel","Colorectal Adenocarcinoma","Rectal Adenocarcinoma","READ",-0.0356276935871497,FALSE,"HLX"
"ACH-002538","SNU-1235","Bowel","Colorectal Adenocarcinoma","Colon Adenocarcinoma","COAD",-0.0951947107039094,FALSE,"HLX"
"ACH-002539","SNU-1460","Bowel","Colorectal Adenocarcinoma","Colon Adenocarcinoma","COAD",NA,FALSE,"HLX"
"ACH-002543","SNU-1406","Bowel","Colorectal Adenocarcinoma","Colon Adenocarcinoma","COAD",NA,FALSE,"HLX"
"ACH-002544","SNU-1750","Esophagus/Stomach","Esophagogastric Adenocarcinoma","Tubular Stomach Adenocarcinoma","TSTAD",0.144987135769195,FALSE,"HLX"
"ACH-002643","GRANTA-452","Lymphoid","B-Lymphoblastic Leukemia/Lymphoma","B-Lymphoblastic Leukemia/Lymphoma","BLL",NA,FALSE,"HLX"
"ACH-002647","CCC-5","Biliary Tract","Intraductal Papillary Neoplasm of the Bile Duct","Cholangiocarcinoma","CHOL",0.03463974967846,FALSE,"HLX"
"ACH-002648","CX-03","Uterus","Endometrial Carcinoma","Uterine Carcinosarcoma/Uterine Malignant Mixed Mullerian Tumor","UCS",NA,FALSE,"HLX"
"ACH-002650","ETCC-016","Lung","Non-Small Cell Lung Cancer","Lung Adenocarcinoma","LUAD",0.0974519867710389,FALSE,"HLX"
"ACH-002651","FKH-1","Myeloid","Acute Myeloid Leukemia","Acute Myeloid Leukemia","AML",NA,FALSE,"HLX"
"ACH-002653","JIH-5","Myeloid","Acute Leukemias of Ambiguous Lineage","Acute Leukemias of Ambiguous Lineage","ALAL",NA,FALSE,"HLX"
"ACH-002654","JVE-015","Bowel","Colorectal Adenocarcinoma","Colon Adenocarcinoma","COAD",-0.144290438956481,FALSE,"HLX"
"ACH-002659","JVE-127","Bowel","Colorectal Adenocarcinoma","Mucinous Adenocarcinoma of the Colon and Rectum","MACR",0.17522821202472,FALSE,"HLX"
"ACH-002660","JVE-187","Bowel","Colorectal Adenocarcinoma","Colon Adenocarcinoma","COAD",0.235141032834408,FALSE,"HLX"
"ACH-002662","JVE-207","Bowel","Colorectal Adenocarcinoma","Colon Adenocarcinoma","COAD",-0.104386535032226,FALSE,"HLX"
"ACH-002664","JVE-253","Bowel","Colorectal Adenocarcinoma","Mucinous Adenocarcinoma of the Colon and Rectum","MACR",-0.0201706674923978,FALSE,"HLX"
"ACH-002665","JVE-367","Bowel","Gastrointestinal Neuroendocrine Tumors","High-Grade Neuroendocrine Carcinoma of the Colon and Rectum","HGNEC",NA,FALSE,"HLX"
"ACH-002667","JVE-528","Bowel","Colorectal Adenocarcinoma","Colon Adenocarcinoma","COAD",NA,FALSE,"HLX"
"ACH-002668","KASUMI-3","Myeloid","Acute Myeloid Leukemia","AML with Minimal Differentiation","AMLMD",NA,FALSE,"HLX"
"ACH-002669","KP-363T","Bowel","Colorectal Adenocarcinoma","Colon Adenocarcinoma","COAD",-0.00171131350054028,FALSE,"HLX"
"ACH-002672","MAPAC-HS-77","Pancreas","Pancreatic Adenocarcinoma","Pancreatic Adenocarcinoma","PAAD",0.0302981316604424,FALSE,"HLX"
"ACH-002675","SH-2","Myeloid","Acute Myeloid Leukemia","Acute Myeloid Leukemia","AML",NA,FALSE,"HLX"
"ACH-002676","TK-6","Myeloid","Myeloproliferative Neoplasms","Chronic Myeloid Leukemia, BCR-ABL1+","CMLBCRABL1",NA,FALSE,"HLX"
"ACH-002677","U-2946","Lymphoid","Mature B-Cell Neoplasms","Diffuse Large B-Cell Lymphoma, NOS","DLBCLNOS",-0.0256608221214738,FALSE,"HLX"
"ACH-002678","WILL-1","Lymphoid","Mature B-Cell Neoplasms","Diffuse Large B-Cell Lymphoma, NOS","DLBCLNOS",0.0185815681619655,FALSE,"HLX"
"ACH-002680","170-MG-BA","CNS/Brain","Diffuse Glioma","Glioblastoma","GB",0.00187670313957922,FALSE,"HLX"
"ACH-002681","538-MG-BA","CNS/Brain","Diffuse Glioma","Glioblastoma","GB",-0.0646836882853551,FALSE,"HLX"
"ACH-002687","WM3772F","Eye","Ocular Melanoma","Uveal Melanoma","UM",-0.0809644355661379,FALSE,"HLX"
"ACH-002688","OS457","Bone","Osteosarcoma","Osteosarcoma","OS",NA,FALSE,"HLX"
"ACH-002689","OS525","Bone","Osteosarcoma","Osteosarcoma","OS",NA,FALSE,"HLX"
"ACH-002690","OS526","Bone","Osteosarcoma","Osteosarcoma","OS",-0.10942327894569,FALSE,"HLX"
"ACH-002693","S462","Peripheral Nervous System","Nerve Sheath Tumor","Malignant Peripheral Nerve Sheath Tumor","MPNST",0.14451288263555,FALSE,"HLX"
"ACH-002695","STS26T","Peripheral Nervous System","Nerve Sheath Tumor","Malignant Peripheral Nerve Sheath Tumor","MPNST",NA,FALSE,"HLX"
"ACH-002703","OANC1","Esophagus/Stomach","Esophagogastric Adenocarcinoma","Esophageal Adenocarcinoma","ESCA",NA,FALSE,"HLX"
"ACH-002705","IS076P","Esophagus/Stomach","Esophagogastric Adenocarcinoma","Esophageal Adenocarcinoma","ESCA",-0.123736247628308,FALSE,"HLX"
"ACH-002706","IS076A","Esophagus/Stomach","Esophagogastric Adenocarcinoma","Esophageal Adenocarcinoma","ESCA",0.103495097863309,FALSE,"HLX"
"ACH-002709","CMS","Myeloid","Acute Myeloid Leukemia","Acute Megakaryoblastic Leukemia","AMKL",0.236835005876439,FALSE,"HLX"
"ACH-002710","MPNST-724","Peripheral Nervous System","Nerve Sheath Tumor","Malignant Peripheral Nerve Sheath Tumor","MPNST",-0.140584355547882,FALSE,"HLX"
"ACH-002711","UM-HACC-2A","Head and Neck","Salivary Carcinoma","Adenoid Cystic Carcinoma","ACYC",-0.0869219686024776,FALSE,"HLX"
"ACH-002716","MO-91","Myeloid","Acute Myeloid Leukemia","AML with Minimal Differentiation","AMLMD",NA,FALSE,"HLX"
"ACH-002730","CCLF_UPGI_0009_T","Esophagus/Stomach","Esophagogastric Adenocarcinoma","Stomach Adenocarcinoma","STAD",NA,FALSE,"HLX"
"ACH-002733","CCLF_UPGI_0040_T","Esophagus/Stomach","Esophagogastric Adenocarcinoma","Stomach Adenocarcinoma","STAD",NA,FALSE,"HLX"
"ACH-002736","CCLF_UPGI_0052_T","Esophagus/Stomach","Esophagogastric Adenocarcinoma","Diffuse Type Stomach Adenocarcinoma","DSTAD",NA,FALSE,"HLX"
"ACH-002738","PANFR0420","Pancreas","Pancreatic Adenocarcinoma","Pancreatic Adenocarcinoma","PAAD",NA,FALSE,"HLX"
"ACH-002742","PANFR0233","Pancreas","Pancreatic Adenocarcinoma","Pancreatic Adenocarcinoma","PAAD",NA,FALSE,"HLX"
"ACH-002743","PANFR0368","Pancreas","Pancreatic Adenocarcinoma","Pancreatic Adenocarcinoma","PAAD",NA,FALSE,"HLX"
"ACH-002744","PANFR0402","Pancreas","Pancreatic Adenocarcinoma","Pancreatic Adenocarcinoma","PAAD",NA,FALSE,"HLX"
"ACH-002745","PANFR0069","Pancreas","Pancreatic Adenocarcinoma","Pancreatic Adenocarcinoma","PAAD",NA,FALSE,"HLX"
"ACH-002757","CCLF_UPGI_0068_T","Esophagus/Stomach","Esophagogastric Adenocarcinoma","Stomach Adenocarcinoma","STAD",NA,FALSE,"HLX"
"ACH-002778","NCC-OS1-X2-C1","Bone","Osteosarcoma","Osteosarcoma","OS",0.166784243438698,FALSE,"HLX"
"ACH-002780","NCC-ES1-C1","Bone","Ewing Sarcoma","Ewing Sarcoma","ES",-0.0083482370479138,FALSE,"HLX"
"ACH-002781","NCC-dCS1-C1","Bone","Chondrosarcoma","Dedifferentiated Chondrosarcoma","DDCHS",NA,FALSE,"HLX"
"ACH-002782","NCC-UPS1-C1","Soft Tissue","Undifferentiated Pleomorphic Sarcoma/Malignant Fibrous Histiocytoma/High-Grade Spindle Cell Sarcoma","Undifferentiated Pleomorphic Sarcoma/Malignant Fibrous Histiocytoma/High-Grade Spindle Cell Sarcoma","MFH",0.058865580644862,FALSE,"HLX"
"ACH-002784","NCC-UPS2-C1","Soft Tissue","Undifferentiated Pleomorphic Sarcoma/Malignant Fibrous Histiocytoma/High-Grade Spindle Cell Sarcoma","Undifferentiated Pleomorphic Sarcoma/Malignant Fibrous Histiocytoma/High-Grade Spindle Cell Sarcoma","MFH",0.031803002339328,FALSE,"HLX"
"ACH-002785","NCC-LMS1-C1","Soft Tissue","Leiomyosarcoma","Leiomyosarcoma","LMS",-0.0328542751532417,FALSE,"HLX"
"ACH-002787","NCC-pRMS1-C1","Soft Tissue","Rhabdomyosarcoma","Pleomorphic Rhabdomyosarcoma","PLRMS",NA,FALSE,"HLX"
"ACH-002790","NCC-SS2-C1","Soft Tissue","Synovial Sarcoma","Synovial Sarcoma","SYNS",NA,FALSE,"HLX"
"ACH-002792","NCC-CCS1B-C1","Soft Tissue","Clear Cell Sarcoma","Clear Cell Sarcoma","CCS",-0.0644160961676088,FALSE,"HLX"
"ACH-002794","NCC-MFS1-C1","Soft Tissue","Myxofibrosarcoma","Myxofibrosarcoma","MFS",NA,FALSE,"HLX"
"ACH-002795","NCC-CDS1-X1-C1","Soft Tissue","CIC-DUX4 Sarcoma","CIC-DUX4 Sarcoma","",NA,FALSE,"HLX"
"ACH-002796","NCC-CDS1-X3-C1","Soft Tissue","CIC-DUX4 Sarcoma","CIC-DUX4 Sarcoma","",NA,FALSE,"HLX"
"ACH-002798","NCC-DFSP2-C1","Skin","Dermatofibrosarcoma Protuberans","Dermatofibrosarcoma Protuberans","DFSP",NA,FALSE,"HLX"
"ACH-002799","NCC-MPNST1-C1","Peripheral Nervous System","Nerve Sheath Tumor","Malignant Peripheral Nerve Sheath Tumor","MPNST",-0.0688063304605588,FALSE,"HLX"
"ACH-002800","NCC-MPNST2-C1","Peripheral Nervous System","Nerve Sheath Tumor","Malignant Peripheral Nerve Sheath Tumor","MPNST",0.0933099084825152,FALSE,"HLX"
"ACH-002801","NCC-MPNST3-C1","Peripheral Nervous System","Nerve Sheath Tumor","Malignant Peripheral Nerve Sheath Tumor","MPNST",NA,FALSE,"HLX"
"ACH-002802","NCC-MPNST3-X2-C1","Peripheral Nervous System","Nerve Sheath Tumor","Malignant Peripheral Nerve Sheath Tumor","MPNST",NA,FALSE,"HLX"
"ACH-002806","TB096","CNS/Brain","Diffuse Glioma","Anaplastic Astrocytoma","AASTR",0.0568547022970186,FALSE,"HLX"
"ACH-002834","OS384","Bone","Osteosarcoma","Osteosarcoma","OS",-0.109404893826929,FALSE,"HLX"
"ACH-002835","CCLF_UPGI_0011_T","Esophagus/Stomach","Esophagogastric Adenocarcinoma","Esophageal Adenocarcinoma","ESCA",NA,FALSE,"HLX"
"ACH-002837","CCLF_UPGI_0015_T","Esophagus/Stomach","Esophagogastric Adenocarcinoma","Esophageal Adenocarcinoma","ESCA",NA,FALSE,"HLX"
"ACH-002839","CCLF_CORE_0002_T","Bowel","Colorectal Adenocarcinoma","Colon Adenocarcinoma","COAD",NA,FALSE,"HLX"
"ACH-002843","CCLF_RARE_0020_T","Soft Tissue","Desmoid/Aggressive Fibromatosis","Desmoid/Aggressive Fibromatosis","DES",NA,FALSE,"HLX"
"ACH-002844","CCLF_RARE_0025_T","Soft Tissue","Desmoid/Aggressive Fibromatosis","Desmoid/Aggressive Fibromatosis","DES",NA,FALSE,"HLX"
"ACH-002846","YUSEEP-M 16-3517","Skin","Melanoma","Acral Melanoma","ACRM",NA,FALSE,"HLX"
"ACH-002847","YUHOIN","Skin","Melanoma","Melanoma","MEL",0.0970033462289373,FALSE,"HLX"
"ACH-002871","CCLF_UPGI_0054_T","Esophagus/Stomach","Esophagogastric Adenocarcinoma","Esophageal Adenocarcinoma","ESCA",NA,FALSE,"HLX"
"ACH-002883","IPM-BO-053","Breast","Invasive Breast Carcinoma","Breast Invasive Lobular Carcinoma","ILC",NA,FALSE,"HLX"
"ACH-002884","IPM-BO-055","Breast","Invasive Breast Carcinoma","Breast Invasive Lobular Carcinoma","ILC",NA,FALSE,"HLX"
"ACH-002885","IPM-BO-056","Breast","Invasive Breast Carcinoma","Breast Invasive Ductal Carcinoma","IDC",NA,FALSE,"HLX"
"ACH-002886","VACO 432","Bowel","Colorectal Adenocarcinoma","Colon Adenocarcinoma","COAD",NA,FALSE,"HLX"
"ACH-002921","BCK4","Breast","Invasive Breast Carcinoma","Breast Invasive Lobular Carcinoma","ILC",NA,FALSE,"HLX"
"ACH-002922","SK-N-MM","Peripheral Nervous System","Neuroblastoma","Neuroblastoma","NBL",0.146042002796972,FALSE,"HLX"
"ACH-002924","UPMM2","Eye","Ocular Melanoma","Uveal Melanoma","UM",NA,FALSE,"HLX"
"ACH-002925","UPMM3","Eye","Ocular Melanoma","Uveal Melanoma","UM",0.0134555295972926,FALSE,"HLX"
"ACH-002926","UPMD1","Eye","Ocular Melanoma","Uveal Melanoma","UM",0.0836158611791497,FALSE,"HLX"
"ACH-002927","UPMD2","Eye","Ocular Melanoma","Uveal Melanoma","UM",NA,FALSE,"HLX"
"ACH-002928","MM100511","Skin","Melanoma","Acral Melanoma","ACRM",-0.0940994744248831,FALSE,"HLX"
"ACH-002932","CCLF_NEURO_0001_T","Bowel","Colorectal Adenocarcinoma","Colorectal Adenocarcinoma","COADREAD",NA,FALSE,"HLX"
"ACH-002936","CCLF_PEDS_0043_T","Soft Tissue","Rhabdomyosarcoma","Alveolar Rhabdomyosarcoma","ARMS",NA,FALSE,"HLX"
"ACH-002937","CCLF_PEDS_0020_T","Kidney","Wilms' Tumor","Wilms' Tumor","WT",NA,FALSE,"HLX"
"ACH-002942","CCLF_RARE_0004_T","Soft Tissue","Leiomyosarcoma","Leiomyosarcoma","LMS",NA,FALSE,"HLX"
"ACH-002946","UKE-1","Myeloid","Acute Myeloid Leukemia","Acute Myeloid Leukemia","AML",NA,FALSE,"HLX"
"ACH-002950","NH93T","Breast","Invasive Breast Carcinoma","Invasive Breast Carcinoma","BRCA",NA,FALSE,"HLX"
"ACH-002951","NH84T","Breast","Invasive Breast Carcinoma","Invasive Breast Carcinoma","BRCA",NA,FALSE,"HLX"
"ACH-002954","CCLF_UPGI_0012_T","Esophagus/Stomach","Esophagogastric Adenocarcinoma","Esophageal Adenocarcinoma","ESCA",NA,FALSE,"HLX"
"ACH-002967","CCLF_UPGI_0036_T","Esophagus/Stomach","Esophagogastric Adenocarcinoma","Stomach Adenocarcinoma","STAD",NA,FALSE,"HLX"
"ACH-002968","CCLF_UPGI_0041_T","Esophagus/Stomach","Esophagogastric Adenocarcinoma","Stomach Adenocarcinoma","STAD",NA,FALSE,"HLX"
"ACH-002972","CCLF_UPGI_0085_T","Esophagus/Stomach","Esophagogastric Adenocarcinoma","Stomach Adenocarcinoma","STAD",NA,FALSE,"HLX"
"ACH-002979","CCLF_UPGI_0101_T","Esophagus/Stomach","Esophagogastric Adenocarcinoma","Diffuse Type Stomach Adenocarcinoma","DSTAD",NA,FALSE,"HLX"
"ACH-002981","CCLF_UPGI_0027_T","Esophagus/Stomach","Esophagogastric Adenocarcinoma","Esophageal Adenocarcinoma","ESCA",NA,FALSE,"HLX"
"ACH-002994","WSU-AML","Myeloid","Acute Myeloid Leukemia","Acute Myeloid Leukemia","AML",NA,FALSE,"HLX"
"ACH-002996","CI34601","Lung","Non-Small Cell Lung Cancer","Non-Small Cell Lung Cancer","NSCLC",NA,FALSE,"HLX"
"ACH-003012","A549_CRAF_KD","Lung","Non-Small Cell Lung Cancer","Lung Adenocarcinoma","LUAD",-0.0014541335873929,FALSE,"HLX"
"ACH-003019","LASCPC-01","Prostate","Prostate Neuroendocrine Carcinoma","Prostate Neuroendocrine Carcinoma","PRNE",NA,FALSE,"HLX"
"ACH-003061","NCI-H774","Lung","Lung Neuroendocrine Tumor","Small Cell Lung Cancer","SCLC",NA,FALSE,"HLX"
"ACH-003071","NCI-H748","Lung","Lung Neuroendocrine Tumor","Small Cell Lung Cancer","SCLC",NA,FALSE,"HLX"
"ACH-003099","UCSF-OT-1109","Head and Neck","Head and Neck Squamous Cell Carcinoma","Oral Cavity Squamous Cell Carcinoma","OCSC",NA,FALSE,"HLX"
"ACH-003100","EJ-1","Lymphoid","Mature B-Cell Neoplasms","Diffuse Large B-Cell Lymphoma, NOS","DLBCLNOS",NA,FALSE,"HLX"
"ACH-003101","Z-119","Lymphoid","B-Lymphoblastic Leukemia/Lymphoma","B-Lymphoblastic Leukemia/Lymphoma with t(9;22)(q34.1;q11.2);BCR-ABL1","BLLBCRABL1",NA,FALSE,"HLX"
"ACH-003103","Z-181","Lymphoid","B-Lymphoblastic Leukemia/Lymphoma","B-Lymphoblastic Leukemia/Lymphoma with t(9;22)(q34.1;q11.2);BCR-ABL1","BLLBCRABL1",NA,FALSE,"HLX"
"ACH-003105","VMM917","Skin","Melanoma","Melanoma","MEL",NA,FALSE,"HLX"
"ACH-003106","RC","Lymphoid","Mature B-Cell Neoplasms","Germinal Center B-Cell Type","GCB",NA,FALSE,"HLX"
"ACH-003107","JMP-1","Lymphoid","Mature B-Cell Neoplasms","Mantle Cell Lymphoma","MCL",NA,FALSE,"HLX"
"ACH-003108","HF","Lymphoid","Mature B-Cell Neoplasms","Germinal Center B-Cell Type","GCB",NA,FALSE,"HLX"
"ACH-003111","Hs 856.T","Soft Tissue","Undifferentiated Pleomorphic Sarcoma/Malignant Fibrous Histiocytoma/High-Grade Spindle Cell Sarcoma","Undifferentiated Pleomorphic Sarcoma/Malignant Fibrous Histiocytoma/High-Grade Spindle Cell Sarcoma","MFH",NA,FALSE,"HLX"
"ACH-003119","NCI-H1450","Lung","Lung Neuroendocrine Tumor","Small Cell Lung Cancer","SCLC",NA,FALSE,"HLX"
"ACH-003120","NCI-H1607","Lung","Lung Neuroendocrine Tumor","Small Cell Lung Cancer","SCLC",NA,FALSE,"HLX"
"ACH-003121","NCI-H2679","Lung","Lung Neuroendocrine Tumor","Small Cell Lung Cancer","SCLC",NA,FALSE,"HLX"
"ACH-003125","ASPS-KY","Soft Tissue","Alveolar Soft Part Sarcoma","Alveolar Soft Part Sarcoma","ASPS",NA,FALSE,"HLX"
"ACH-003132","ABM-T0009","","Non-Cancerous","Immortalized Human Intervertebral Disc Cartilage Endplate-derived Stem Cells","",NA,FALSE,"HLX"
"ACH-003133","ABM-T0021","","Non-Cancerous","Immortalized Human Chondrocytes","",NA,FALSE,"HLX"
"ACH-003134","ABM-T0168","","Non-Cancerous","Immortalized Human Pancreatic Mesenchymal Stem Cells - hTERT","",NA,FALSE,"HLX"
"ACH-003135","ABM-T0280","CNS/Brain","Non-Cancerous","Immortalized Astrocytes, Fetal","",NA,FALSE,"HLX"
"ACH-003136","ABM-T0023","","Non-Cancerous","Immortalized Human Chondrocytes – hTERT","",NA,FALSE,"HLX"
"ACH-003137","ABM-T0281","CNS/Brain","Non-Cancerous","Immortalized Astrocytes, Fetal","",NA,FALSE,"HLX"
"ACH-003138","ABM-T0292","CNS/Brain","Non-Cancerous","Immortalized Endothelial Cells, Endoneurial","",NA,FALSE,"HLX"
"ACH-003139","ABM-T0457","Muscle","Non-Cancerous","Immortalized Cardiomyocytes","",NA,FALSE,"HLX"
"ACH-003141","ABM-T0557","Muscle","Non-Cancerous","immortalized Smooth Muscle Cells, Coronary artery","",NA,FALSE,"HLX"
"ACH-003142","ABM-T0558","Muscle","Non-Cancerous","Immortalized Smooth Muscle Cells, Pulmonary artery","",NA,FALSE,"HLX"
"ACH-003143","ABM-T0616","Kidney","Non-Cancerous","Immortalized Epithelial Cells, Renal","",NA,FALSE,"HLX"
"ACH-003145","ABM-T0725","Embryonal","Non-Cancerous","Immortalized Endothelial Cells, Umbilical Vein","",NA,FALSE,"HLX"
"ACH-003147","ABM-T0732","","Non-Cancerous","Immortalized Submandibular Gland Cells","",NA,FALSE,"HLX"
"ACH-003148","ABM-T0781","CNS/Brain","Non-Cancerous","Immortalized Neuronal Progenitor Cells","",NA,FALSE,"HLX"
"ACH-003149","ABM-T0782","Muscle","Non-Cancerous","Immortalized Skeletal Muscle Cells","",NA,FALSE,"HLX"
"ACH-003150","ABM-T0783","CNS/Brain","Non-Cancerous","Immortalized Astrocytes, Adult","",NA,FALSE,"HLX"
"ACH-003152","ABM-T0796","Lung","Non-Cancerous","Immortalized Epithelial Cells, Lung","",NA,FALSE,"HLX"
"ACH-003153","ABM-T0794","Lung","Non-Cancerous","Immortalized Epithelial Cells, Lung","",NA,FALSE,"HLX"
"ACH-003154","ABM-T0795","Lung","Non-Cancerous","Immortalized Epithelial Cells, Lung","",NA,FALSE,"HLX"
"ACH-003155","ABM-T0789","Liver","Non-Cancerous","Immortalized Liver Cells, Fetal","",NA,FALSE,"HLX"
"ACH-003156","ABM-T0797","Lung","Non-Cancerous","Immortalized Epithelial Cells, Lung","",NA,FALSE,"HLX"
"ACH-003157","ABM-T0822","Lung","Non-Cancerous","Immortalized MPLC Cells","",NA,FALSE,"HLX"
"ACH-003158","ABM-T9220","Muscle","Non-Cancerous","Immortalized Smooth Muscle Cells, Intestinal","",NA,FALSE,"HLX"
"ACH-003159","ABM-T9233","Hair","Non-Cancerous","Immortalized Hair Follicle Inner Root Sheath Cells","",NA,FALSE,"HLX"
"ACH-003160","ABM-T9249","Hair","Non-Cancerous","Immortalized Hair Germinal Matrix Cells","",NA,FALSE,"HLX"
"ACH-003161","ABM-T9430","Pancreas","Non-Cancerous","Immortalized Pancreatic Stromal Cells","",NA,FALSE,"HLX"
"ACH-003177","NRH-UPS1","Soft Tissue","Undifferentiated Pleomorphic Sarcoma/Malignant Fibrous Histiocytoma/High-Grade Spindle Cell Sarcoma","Undifferentiated Pleomorphic Sarcoma/Malignant Fibrous Histiocytoma/High-Grade Spindle Cell Sarcoma","MFH",-0.128518182580397,FALSE,"HLX"
"ACH-003180","NRH-UPS2","Soft Tissue","Undifferentiated Pleomorphic Sarcoma/Malignant Fibrous Histiocytoma/High-Grade Spindle Cell Sarcoma","Undifferentiated Pleomorphic Sarcoma/Malignant Fibrous Histiocytoma/High-Grade Spindle Cell Sarcoma","MFH",-0.260083223261569,FALSE,"HLX"
"ACH-003181","NRH-LMS1","Soft Tissue","Leiomyosarcoma","Leiomyosarcoma","LMS",NA,FALSE,"HLX"
"ACH-003183","NRH-MFS3","Soft Tissue","Myxofibrosarcoma","Myxofibrosarcoma","MFS",NA,FALSE,"HLX"
"ACH-003184","NRH-LMS2","Soft Tissue","Leiomyosarcoma","Leiomyosarcoma","LMS",NA,FALSE,"HLX"
"ACH-003191","NRH-GCT2","Bone","Giant Cell Tumor of Bone","Giant Cell Tumor of Bone","GCTB",NA,FALSE,"HLX"
"ACH-003265","CCLF_RARE_0010_T","Soft Tissue","Leiomyosarcoma","Leiomyosarcoma","LMS",NA,FALSE,"HLX"
"ACH-003266","CCLF_RARE_0021_T","Soft Tissue","Leiomyosarcoma","Leiomyosarcoma","LMS",NA,FALSE,"HLX"
"ACH-003267","CCLF_RARE_0009_T","Soft Tissue","Leiomyosarcoma","Leiomyosarcoma","LMS",NA,FALSE,"HLX"
"ACH-003268","CCLF_RARE_0022_T","Soft Tissue","Leiomyosarcoma","Leiomyosarcoma","LMS",NA,FALSE,"HLX"
"ACH-003269","CCLF_RARE_0019_T","Soft Tissue","Leiomyosarcoma","Leiomyosarcoma","LMS",NA,FALSE,"HLX"
"ACH-003273","CHRF-288-11","Myeloid","Acute Myeloid Leukemia","Acute Megakaryoblastic Leukemia","AMKL",NA,FALSE,"HLX"
"ACH-003308","THLE-3","","Non-Cancerous","Transformed cell line","",NA,FALSE,"HLX"
"ACH-003426","CCLF_NEURO_0046_T","Esophagus/Stomach","Esophagogastric Adenocarcinoma","Esophageal Adenocarcinoma","ESCA",NA,FALSE,"HLX"
"ACH-003429","CCLF_PANC_0074_T","Pancreas","Pancreatic Adenocarcinoma","Pancreatic Adenocarcinoma","PAAD",NA,FALSE,"HLX"
"ACH-003430","CCLF_PANC_0002_T","Pancreas","Pancreatic Adenocarcinoma","Pancreatic Adenocarcinoma","PAAD",NA,FALSE,"HLX"
"ACH-003433","CCLF_PANC_0019_T","Pancreas","Pancreatic Adenocarcinoma","Pancreatic Adenocarcinoma","PAAD",NA,FALSE,"HLX"
"ACH-003437","CCLF_UPGI_0078_T","Esophagus/Stomach","Esophagogastric Adenocarcinoma","Stomach Adenocarcinoma","STAD",NA,FALSE,"HLX"
"ACH-003438","CCLF_NEURO_0005_T","CNS/Brain","Diffuse Glioma","Glioblastoma","GB",NA,FALSE,"HLX"
"ACH-003451","CCLF_PEDS_0048_T","Kidney","Wilms' Tumor","Wilms' Tumor","WT",NA,FALSE,"HLX"
"ACH-003455","CCLF_MELM_0004_T","Skin","Melanoma","Melanoma","MEL",NA,FALSE,"HLX"
"ACH-003456","CCLF_MELM_0006_T","Skin","Melanoma","Melanoma","MEL",NA,FALSE,"HLX"
"ACH-003457","CCLF_MELM_0038_T","Skin","Melanoma","Melanoma","MEL",NA,FALSE,"HLX"
"ACH-003458","CCLF_MELM_0010_T","Skin","Melanoma","Melanoma","MEL",NA,FALSE,"HLX"
"ACH-003459","CCLF_MELM_0011_T","Skin","Melanoma","Melanoma","MEL",NA,FALSE,"HLX"
"ACH-003460","CCLF_HEME_0001_T","Lymphoid","Mature B-Cell Neoplasms","Diffuse Large B-Cell Lymphoma, NOS","DLBCLNOS",NA,FALSE,"HLX"
"ACH-003463","CCLF_HEME_0004_T","Lymphoid","Mature T and NK Neoplasms","T-Cell Prolymphocytic Leukemia","TPLL",NA,FALSE,"HLX"
"ACH-003464","CCLF_NPDX_0008_T","Soft Tissue","Liposarcoma","Liposarcoma","LIPO",NA,FALSE,"HLX"
"ACH-003465","CCLF_HNSC_0004_T","Head and Neck","Head and Neck Squamous Cell Carcinoma","Head and Neck Squamous Cell Carcinoma","HNSC",NA,FALSE,"HLX"
"ACH-003468","CCLF_THYR_0003_T","Thyroid","Anaplastic Thyroid Cancer","Anaplastic Thyroid Cancer","THAP",NA,FALSE,"HLX"
"ACH-003469","CCLF_THYR_0004_T","Thyroid","Anaplastic Thyroid Cancer","Anaplastic Thyroid Cancer","THAP",NA,FALSE,"HLX"
"ACH-003470","CCLF_THYR_0005_T","Thyroid","Anaplastic Thyroid Cancer","Anaplastic Thyroid Cancer","THAP",NA,FALSE,"HLX"
"ACH-003471","CCLF_THYR_0006_T","Thyroid","Well-Differentiated Thyroid Cancer","Papillary Thyroid Cancer","THPA",NA,FALSE,"HLX"
"ACH-003472","CCLF_THYR_0009_T","Thyroid","Medullary Thyroid Cancer","Medullary Thyroid Cancer","THME",NA,FALSE,"HLX"
"ACH-003473","CCLF_PEDS_0013_T","Soft Tissue","Rhabdomyosarcoma","Embryonal Rhabdomyosarcoma","ERMS",NA,FALSE,"HLX"
"ACH-003474","CCLF_HNSC_0001_T","Head and Neck","Head and Neck Squamous Cell Carcinoma","Head and Neck Squamous Cell Carcinoma","HNSC",NA,FALSE,"HLX"
"ACH-003475","CCLF_HNSC_0003_T","Head and Neck","Head and Neck Squamous Cell Carcinoma","Head and Neck Squamous Cell Carcinoma","HNSC",NA,FALSE,"HLX"
"ACH-003476","CCLF_HNSC_0002_T","Head and Neck","Head and Neck Squamous Cell Carcinoma","Head and Neck Squamous Cell Carcinoma","HNSC",NA,FALSE,"HLX"
"ACH-003480","CCLF_THYR_0001_T","Thyroid","Anaplastic Thyroid Cancer","Anaplastic Thyroid Cancer","THAP",NA,FALSE,"HLX"
