ModelID,CellLineName,OncotreeLineage,OncotreePrimaryDisease,OncotreeSubtype,OncotreeCode,gene_effect,is_medulloblastoma,gene
"ACH-000001","NIH:OVCAR-3","Ovary/Fallopian Tube","Ovarian Epithelial Tumor","High-Grade Serous Ovarian Cancer","HGSOC",-0.514396130375087,FALSE,"SLC2A1"
"ACH-000002","HL-60","Myeloid","Acute Myeloid Leukemia","Acute Myeloid Leukemia","AML",NA,FALSE,"SLC2A1"
"ACH-000003","CACO2","Bowel","Colorectal Adenocarcinoma","Colon Adenocarcinoma","COAD",NA,FALSE,"SLC2A1"
"ACH-000004","HEL","Myeloid","Acute Myeloid Leukemia","Acute Myeloid Leukemia","AML",-0.291889900662878,FALSE,"SLC2A1"
"ACH-000005","HEL 92.1.7","Myeloid","Acute Myeloid Leukemia","Acute Myeloid Leukemia","AML",-0.205265451013214,FALSE,"SLC2A1"
"ACH-000006","MONO-MAC-6","Myeloid","Acute Myeloid Leukemia","Acute Monoblastic/Monocytic Leukemia","AMOL",NA,FALSE,"SLC2A1"
"ACH-000007","LS513","Bowel","Colorectal Adenocarcinoma","Colon Adenocarcinoma","COAD",-0.659154614255146,FALSE,"SLC2A1"
"ACH-000008","A101D","Skin","Melanoma","Melanoma","MEL",NA,FALSE,"SLC2A1"
"ACH-000009","C2BBe1","Bowel","Colorectal Adenocarcinoma","Colon Adenocarcinoma","COAD",-0.343401978198097,FALSE,"SLC2A1"
"ACH-000011","253J","Bladder/Urinary Tract","Bladder Urothelial Carcinoma","Bladder Urothelial Carcinoma","BLCA",0.110455413157223,FALSE,"SLC2A1"
"ACH-000012","HCC-827","Lung","Non-Small Cell Lung Cancer","Lung Adenocarcinoma","LUAD",-0.85708077131595,FALSE,"SLC2A1"
"ACH-000013","ONCO-DG-1","Ovary/Fallopian Tube","Ovarian Epithelial Tumor","High-Grade Serous Ovarian Cancer","HGSOC",-0.150679075523548,FALSE,"SLC2A1"
"ACH-000014","Hs 294T","Skin","Melanoma","Melanoma","MEL",-0.169331268726484,FALSE,"SLC2A1"
"ACH-000015","NCI-H1581","Lung","Non-Small Cell Lung Cancer","Large Cell Lung Carcinoma","LCLC",-0.140994839545564,FALSE,"SLC2A1"
"ACH-000016","SLR 21","Kidney","Renal Cell Carcinoma","Renal Clear Cell Carcinoma","CCRCC",NA,FALSE,"SLC2A1"
"ACH-000017","SK-BR-3","Breast","Invasive Breast Carcinoma","Invasive Breast Carcinoma","BRCA",0.0095669588884647,FALSE,"SLC2A1"
"ACH-000018","T24","Bladder/Urinary Tract","Bladder Urothelial Carcinoma","Bladder Urothelial Carcinoma","BLCA",-0.357914244674697,FALSE,"SLC2A1"
"ACH-000019","MCF7","Breast","Invasive Breast Carcinoma","Invasive Breast Carcinoma","BRCA",-0.379409810677315,FALSE,"SLC2A1"
"ACH-000020","MHH-CALL-2","Lymphoid","B-Lymphoblastic Leukemia/Lymphoma","B-Lymphoblastic Leukemia/Lymphoma with Hypodiploidy","BLLHYPO",NA,FALSE,"SLC2A1"
"ACH-000021","NCI-H1693","Lung","Non-Small Cell Lung Cancer","Lung Adenocarcinoma","LUAD",-0.0561544665688641,FALSE,"SLC2A1"
"ACH-000022","PA-TU-8988S","Pancreas","Pancreatic Adenocarcinoma","Pancreatic Adenocarcinoma","PAAD",-0.125719819060837,FALSE,"SLC2A1"
"ACH-000023","PA-TU-8988T","Pancreas","Pancreatic Adenocarcinoma","Pancreatic Adenocarcinoma","PAAD",-0.336056054220221,FALSE,"SLC2A1"
"ACH-000024","OPM-2","Lymphoid","Mature B-Cell Neoplasms","Plasma Cell Myeloma","PCM",-1.33642940790273,FALSE,"SLC2A1"
"ACH-000025","CH-157MN","CNS/Brain","Meningothelial Tumor","Meningioma","MNG",-0.467488977619712,FALSE,"SLC2A1"
"ACH-000026","253J-BV","Bladder/Urinary Tract","Bladder Urothelial Carcinoma","Bladder Urothelial Carcinoma","BLCA",-0.406682339864039,FALSE,"SLC2A1"
"ACH-000027","GOS-3","CNS/Brain","Diffuse Glioma","Glioblastoma","GB",NA,FALSE,"SLC2A1"
"ACH-000028","KPL-1","Breast","Invasive Breast Carcinoma","Invasive Breast Carcinoma","BRCA",-0.594670807787727,FALSE,"SLC2A1"
"ACH-000029","HCC-827-GR5","Lung","Non-Small Cell Lung Cancer","Lung Adenocarcinoma","LUAD",-0.515004681420874,FALSE,"SLC2A1"
"ACH-000030","PC-14","Lung","Non-Small Cell Lung Cancer","Lung Adenocarcinoma","LUAD",-0.260726060259167,FALSE,"SLC2A1"
"ACH-000031","Panc 02.13","Pancreas","Pancreatic Adenocarcinoma","Pancreatic Adenocarcinoma","PAAD",NA,FALSE,"SLC2A1"
"ACH-000032","MHH-CALL-3","Lymphoid","B-Lymphoblastic Leukemia/Lymphoma","B-Lymphoblastic Leukemia/Lymphoma with t(1;19)(q23;p13.3);TCF3-PBX1","BLLTCF3PBX1",NA,FALSE,"SLC2A1"
"ACH-000033","NCI-H1819","Lung","Non-Small Cell Lung Cancer","Lung Adenocarcinoma","LUAD",NA,FALSE,"SLC2A1"
"ACH-000034","PLB-985","Myeloid","Acute Myeloid Leukemia","Acute Myeloid Leukemia","AML",NA,FALSE,"SLC2A1"
"ACH-000035","NCI-H1650","Lung","Non-Small Cell Lung Cancer","Non-Small Cell Lung Cancer","NSCLC",-0.281837298265695,FALSE,"SLC2A1"
"ACH-000036","U343","CNS/Brain","Diffuse Glioma","Glioblastoma","GB",-1.22746751086491,FALSE,"SLC2A1"
"ACH-000037","S-117","Soft Tissue","Sarcoma, NOS","Sarcoma, NOS","SARCNOS",-0.271305759069323,FALSE,"SLC2A1"
"ACH-000038","EHEB","Lymphoid","B-Lymphoblastic Leukemia/Lymphoma","B-Lymphoblastic Leukemia/Lymphoma","BLL",NA,FALSE,"SLC2A1"
"ACH-000039","SK-N-MC","Bone","Ewing Sarcoma","Ewing Sarcoma","ES",-1.02529699238859,FALSE,"SLC2A1"
"ACH-000040","U-118 MG","CNS/Brain","Diffuse Glioma","Astrocytoma","ASTR",-0.376326972504123,FALSE,"SLC2A1"
"ACH-000041","RD-ES","Bone","Ewing Sarcoma","Ewing Sarcoma","ES",-0.364398862400806,FALSE,"SLC2A1"
"ACH-000042","Panc 02.03","Pancreas","Pancreatic Adenocarcinoma","Pancreatic Adenocarcinoma","PAAD",-1.12674836634506,FALSE,"SLC2A1"
"ACH-000043","Hs 895.T","Fibroblast","Non-Cancerous","Fibroblast, Skin","",NA,FALSE,"SLC2A1"
"ACH-000044","MDA-MB-134-VI","Breast","Invasive Breast Carcinoma","Breast Invasive Lobular Carcinoma","ILC",NA,FALSE,"SLC2A1"
"ACH-000045","MV4-11","Myeloid","Acute Myeloid Leukemia","Acute Myeloid Leukemia","AML",0.522978735269778,FALSE,"SLC2A1"
"ACH-000046","ACHN","Kidney","Renal Cell Carcinoma","Papillary Renal Cell Carcinoma","PRCC",NA,FALSE,"SLC2A1"
"ACH-000047","GCIY","Esophagus/Stomach","Esophagogastric Adenocarcinoma","Stomach Adenocarcinoma","STAD",-0.254214722002586,FALSE,"SLC2A1"
"ACH-000048","TOV-112D","Ovary/Fallopian Tube","Ovarian Epithelial Tumor","Endometrioid Ovarian Cancer","EOV",-0.14932806274463,FALSE,"SLC2A1"
"ACH-000049","HEK TE","Kidney","Non-Cancerous","Immortalized Embyonic Kidney Cells","",NA,FALSE,"SLC2A1"
"ACH-000050","NCI-H929","Lymphoid","Mature B-Cell Neoplasms","Plasma Cell Myeloma","PCM",NA,FALSE,"SLC2A1"
"ACH-000051","TE 617.T","Soft Tissue","Rhabdomyosarcoma","Rhabdomyosarcoma","RMS",NA,FALSE,"SLC2A1"
"ACH-000052","A-673","Bone","Ewing Sarcoma","Ewing Sarcoma","ES",-0.728253898578023,FALSE,"SLC2A1"
"ACH-000053","KARPAS-299","Lymphoid","Mature T and NK Neoplasms","Anaplastic Large-Cell Lymphoma ALK Positive","ALCLALKP",-0.127237389903153,FALSE,"SLC2A1"
"ACH-000054","HT-1080","Soft Tissue","Fibrosarcoma","Fibrosarcoma","FIBS",-0.399308867781377,FALSE,"SLC2A1"
"ACH-000055","D283 Med","CNS/Brain","Embryonal Tumor","Medulloblastoma","MBL",-1.19295058061461,TRUE,"SLC2A1"
"ACH-000056","DOHH-2","Lymphoid","Mature B-Cell Neoplasms","Diffuse Large B-Cell Lymphoma, NOS","DLBCLNOS",NA,FALSE,"SLC2A1"
"ACH-000057","OPM-1","Lymphoid","Mature B-Cell Neoplasms","Plasma Cell Myeloma","PCM",NA,FALSE,"SLC2A1"
"ACH-000058","ML-1","Thyroid","Well-Differentiated Thyroid Cancer","Follicular Thyroid Cancer","THFO",NA,FALSE,"SLC2A1"
"ACH-000059","SUP-B15","Lymphoid","B-Lymphoblastic Leukemia/Lymphoma","B-Lymphoblastic Leukemia/Lymphoma with t(9;22)(q34.1;q11.2);BCR-ABL1","BLLBCRABL1",NA,FALSE,"SLC2A1"
"ACH-000060","Panc 10.05","Pancreas","Pancreatic Adenocarcinoma","Pancreatic Adenocarcinoma","PAAD",-0.718172312499327,FALSE,"SLC2A1"
"ACH-000061","HH","Lymphoid","Non-Hodgkin Lymphoma","Mature T and NK Neoplasms","MTNN",NA,FALSE,"SLC2A1"
"ACH-000062","RERF-LC-MS","Lung","Non-Small Cell Lung Cancer","Lung Adenocarcinoma","LUAD",NA,FALSE,"SLC2A1"
"ACH-000063","Hs 616.T","Fibroblast","Non-Cancerous","Fibroblast","",NA,FALSE,"SLC2A1"
"ACH-000064","SALE","Lung","Non-Cancerous","Immortalized Lung Cells","",NA,FALSE,"SLC2A1"
"ACH-000065","OCI-AML5","Myeloid","Acute Myeloid Leukemia","Acute Myeloid Leukemia","AML",NA,FALSE,"SLC2A1"
"ACH-000066","HCC4006","Lung","Non-Small Cell Lung Cancer","Lung Adenocarcinoma","LUAD",NA,FALSE,"SLC2A1"
"ACH-000067","Hs 683","CNS/Brain","Diffuse Glioma","Oligodendroglioma","ODG",-0.26838352759421,FALSE,"SLC2A1"
"ACH-000068","REC-1","Lymphoid","Mature B-Cell Neoplasms","Mantle Cell Lymphoma","MCL",NA,FALSE,"SLC2A1"
"ACH-000069","Hs 611.T","Lymphoid","Hodgkin Lymphoma","Hodgkin Lymphoma","HL",NA,FALSE,"SLC2A1"
"ACH-000070","697","Lymphoid","B-Lymphoblastic Leukemia/Lymphoma","B-Lymphoblastic Leukemia/Lymphoma with t(1;19)(q23;p13.3);TCF3-PBX1","BLLTCF3PBX1",-0.892376572079262,FALSE,"SLC2A1"
"ACH-000071","Hs 706.T","Fibroblast","Non-Cancerous","Fibroblast, Bone","",NA,FALSE,"SLC2A1"
"ACH-000072","MEG-01","Myeloid","Myeloproliferative Neoplasms","Chronic Myeloid Leukemia, BCR-ABL1+","CMLBCRABL1",NA,FALSE,"SLC2A1"
"ACH-000073","GRANTA-519","Lymphoid","Mature B-Cell Neoplasms","Mantle Cell Lymphoma","MCL",NA,FALSE,"SLC2A1"
"ACH-000074","KU812","Myeloid","Myeloproliferative Neoplasms","Chronic Myeloid Leukemia, BCR-ABL1+","CMLBCRABL1",-0.307801900690085,FALSE,"SLC2A1"
"ACH-000075","U-87 MG","CNS/Brain","Diffuse Glioma","Glioblastoma","GB",-0.221626470012463,FALSE,"SLC2A1"
"ACH-000076","NCO2","Myeloid","Myeloproliferative Neoplasms","Chronic Myeloid Leukemia, BCR-ABL1+","CMLBCRABL1",-0.137165749973129,FALSE,"SLC2A1"
"ACH-000077","MJ","Lymphoid","Non-Hodgkin Lymphoma","Mature T and NK Neoplasms","MTNN",0.11034540379464,FALSE,"SLC2A1"
"ACH-000078","MHH-NB-11","Peripheral Nervous System","Neuroblastoma","Neuroblastoma","NBL",-0.884172690646827,FALSE,"SLC2A1"
"ACH-000079","TE 125.T","Fibroblast","Non-Cancerous","Fibroblast, Soft Tissue","",NA,FALSE,"SLC2A1"
"ACH-000080","BDCM","Myeloid","Acute Myeloid Leukemia","Acute Monoblastic/Monocytic Leukemia","AMOL",NA,FALSE,"SLC2A1"
"ACH-000081","GDM-1","Myeloid","Acute Myeloid Leukemia","Acute Myeloid Leukemia","AML",NA,FALSE,"SLC2A1"
"ACH-000082","G-292, clone A141B1","Bone","Osteosarcoma","Osteosarcoma","OS",-0.274982785179352,FALSE,"SLC2A1"
"ACH-000083","Hs 281.T","Fibroblast","Non-Cancerous","Fibroblast, Breast","",NA,FALSE,"SLC2A1"
"ACH-000084","MUTZ-3","Myeloid","Acute Myeloid Leukemia","AML with inv(3)(q21.3q26.2) or t(3;3)(q21.3;q26.2); GATA2, MECOM","AMLGATA2MECOM",NA,FALSE,"SLC2A1"
"ACH-000085","T3M-4","Pancreas","Pancreatic Adenocarcinoma","Pancreatic Adenocarcinoma","PAAD",-0.298816738029213,FALSE,"SLC2A1"
"ACH-000086","ACC-MESO-1","Pleura","Pleural Mesothelioma","Pleural Mesothelioma, Epithelioid Type","PLEMESO",-0.0522571228580032,FALSE,"SLC2A1"
"ACH-000087","SK-ES-1","Bone","Ewing Sarcoma","Ewing Sarcoma","ES",-0.622979686752313,FALSE,"SLC2A1"
"ACH-000088","Hs 172.T","Fibroblast","Non-Cancerous","Fibroblast, Urinary Tract","",NA,FALSE,"SLC2A1"
"ACH-000089","NCI-H684","Bowel","Colorectal Adenocarcinoma","Colon Adenocarcinoma","COAD",NA,FALSE,"SLC2A1"
"ACH-000090","PC-3","Prostate","Prostate Adenocarcinoma","Prostate Adenocarcinoma","PRAD",-0.837957264947472,FALSE,"SLC2A1"
"ACH-000091","OV56","Ovary/Fallopian Tube","Ovarian Epithelial Tumor","Serous Ovarian Cancer","SOC",NA,FALSE,"SLC2A1"
"ACH-000092","NCI-H2452","Pleura","Pleural Mesothelioma","Pleural Mesothelioma, Biphasic Type","PLBMESO",-0.698668900290092,FALSE,"SLC2A1"
"ACH-000093","Panc 05.04","Pancreas","Pancreatic Adenocarcinoma","Pancreatic Adenocarcinoma","PAAD",-0.313572818339622,FALSE,"SLC2A1"
"ACH-000094","HPAF-II","Pancreas","Pancreatic Adenocarcinoma","Pancreatic Adenocarcinoma","PAAD",-0.611540202228435,FALSE,"SLC2A1"
"ACH-000095","D341 Med","CNS/Brain","Embryonal Tumor","Medulloblastoma","MBL",-0.996065060984957,TRUE,"SLC2A1"
"ACH-000096","G-401","Kidney","Rhabdoid Cancer","Rhabdoid Cancer","MRT",-0.128747464434666,FALSE,"SLC2A1"
"ACH-000097","ZR-75-1","Breast","Invasive Breast Carcinoma","Breast Invasive Ductal Carcinoma","IDC",-0.845300622658521,FALSE,"SLC2A1"
"ACH-000098","GAMG","CNS/Brain","Diffuse Glioma","Glioblastoma","GB",-0.0302863901513567,FALSE,"SLC2A1"
"ACH-000099","SIMA","Peripheral Nervous System","Neuroblastoma","Neuroblastoma","NBL",-1.06372851963815,FALSE,"SLC2A1"
"ACH-000100","RH-41","Soft Tissue","Rhabdomyosarcoma","Alveolar Rhabdomyosarcoma","ARMS",-0.792966951525284,FALSE,"SLC2A1"
"ACH-000101","KE-37","Lymphoid","Mature T and NK Neoplasms","Adult T-Cell Leukemia/Lymphoma","ATLL",-0.627551126789805,FALSE,"SLC2A1"
"ACH-000102","GMS-10","CNS/Brain","Diffuse Glioma","Glioblastoma","GB",NA,FALSE,"SLC2A1"
"ACH-000103","Caov-4","Ovary/Fallopian Tube","Ovarian Epithelial Tumor","High-Grade Serous Ovarian Cancer","HGSOC",-0.190729359320915,FALSE,"SLC2A1"
"ACH-000104","Loucy","Lymphoid","T-Lymphoblastic Leukemia/Lymphoma","Early T-Cell Precursor Lymphoblastic Leukemia","ETPLL",NA,FALSE,"SLC2A1"
"ACH-000105","ALL-SIL","Lymphoid","Mature T and NK Neoplasms","Adult T-Cell Leukemia/Lymphoma","ATLL",NA,FALSE,"SLC2A1"
"ACH-000106","JVM-2","Lymphoid","Mature B-Cell Neoplasms","Mantle Cell Lymphoma","MCL",-0.43780139168196,FALSE,"SLC2A1"
"ACH-000107","Capan-2","Pancreas","Pancreatic Adenocarcinoma","Pancreatic Adenocarcinoma","PAAD",NA,FALSE,"SLC2A1"
"ACH-000108","KP-3","Pancreas","Adenosquamous Carcinoma of the Pancreas","Adenosquamous Carcinoma of the Pancreas","PAASC",-0.369870037955682,FALSE,"SLC2A1"
"ACH-000109","NCI-H3255","Lung","Non-Small Cell Lung Cancer","Lung Adenocarcinoma","LUAD",NA,FALSE,"SLC2A1"
"ACH-000110","NCC-StC-K140","Esophagus/Stomach","Esophagogastric Adenocarcinoma","Stomach Adenocarcinoma","STAD",NA,FALSE,"SLC2A1"
"ACH-000111","HCC1187","Breast","Invasive Breast Carcinoma","Breast Invasive Ductal Carcinoma","IDC",-0.282481937471269,FALSE,"SLC2A1"
"ACH-000112","SIG-M5","Myeloid","Acute Myeloid Leukemia","Acute Monoblastic/Monocytic Leukemia","AMOL",NA,FALSE,"SLC2A1"
"ACH-000113","OCI-AML2","Myeloid","Acute Myeloid Leukemia","Acute Myeloid Leukemia","AML",-0.295835550277362,FALSE,"SLC2A1"
"ACH-000114","SU.86.86","Pancreas","Pancreatic Adenocarcinoma","Pancreatic Adenocarcinoma","PAAD",-0.0707888572044368,FALSE,"SLC2A1"
"ACH-000115","VCaP","Prostate","Prostate Adenocarcinoma","Prostate Adenocarcinoma","PRAD",-0.463577165905002,FALSE,"SLC2A1"
"ACH-000116","OAW28","Ovary/Fallopian Tube","Ovarian Epithelial Tumor","High-Grade Serous Ovarian Cancer","HGSOC",-0.354932255801447,FALSE,"SLC2A1"
"ACH-000117","EFM-192A","Breast","Invasive Breast Carcinoma","Invasive Breast Carcinoma","BRCA",NA,FALSE,"SLC2A1"
"ACH-000118","HUP-T3","Pancreas","Pancreatic Adenocarcinoma","Pancreatic Adenocarcinoma","PAAD",-0.859773144528879,FALSE,"SLC2A1"
"ACH-000119","Hs 863.T","Fibroblast","Non-Cancerous","Fibroblast, Bone","",NA,FALSE,"SLC2A1"
"ACH-000120","CHP-212","Peripheral Nervous System","Neuroblastoma","Neuroblastoma","NBL",-0.193664052384262,FALSE,"SLC2A1"
"ACH-000121","NCI-H2405","Lung","Non-Small Cell Lung Cancer","Lung Adenocarcinoma","LUAD",NA,FALSE,"SLC2A1"
"ACH-000122","SUP-T11","Lymphoid","Mature T and NK Neoplasms","Adult T-Cell Leukemia/Lymphoma","ATLL",NA,FALSE,"SLC2A1"
"ACH-000123","COV434","Ovary/Fallopian Tube","Ovarian Epithelial Tumor","Small Cell Carcinoma of the Ovary","SCCO",-0.150275755009715,FALSE,"SLC2A1"
"ACH-000124","OCI-LY-19","Lymphoid","Mature B-Cell Neoplasms","Diffuse Large B-Cell Lymphoma, NOS","DLBCLNOS",-0.496350834326367,FALSE,"SLC2A1"
"ACH-000125","TO 175.T","Fibroblast","Non-Cancerous","Fibroblast","",NA,FALSE,"SLC2A1"
"ACH-000126","KG-1-C","CNS/Brain","Diffuse Glioma","Oligodendroglioma","ODG",NA,FALSE,"SLC2A1"
"ACH-000127","SLR 20","Bladder/Urinary Tract","Bladder Urothelial Carcinoma","Bladder Urothelial Carcinoma","BLCA",-0.325141000846563,FALSE,"SLC2A1"
"ACH-000128","LN-319","CNS/Brain","Diffuse Glioma","Astrocytoma","ASTR",-0.650072813192571,FALSE,"SLC2A1"
"ACH-000129","NCI-H1341","Lung","SMARCA4-deficient undifferentiated tumor","SMARCA4-deficient undifferentiated tumor","",NA,FALSE,"SLC2A1"
"ACH-000130","NALM-19","Lymphoid","B-Lymphoblastic Leukemia/Lymphoma","B-Lymphoblastic Leukemia/Lymphoma","BLL",NA,FALSE,"SLC2A1"
"ACH-000131","Hs 229.T","Fibroblast","Non-Cancerous","Fibroblast, Lung","",NA,FALSE,"SLC2A1"
"ACH-000132","JHOS-2","Ovary/Fallopian Tube","Ovarian Epithelial Tumor","High-Grade Serous Ovarian Cancer","HGSOC",-0.259190000767373,FALSE,"SLC2A1"
"ACH-000133","Hs 729","Fibroblast","Non-Cancerous","Fibroblast","",-0.097715051048322,FALSE,"SLC2A1"
"ACH-000134","Hs 274.T","Fibroblast","Non-Cancerous","Fibroblast, Breast","",NA,FALSE,"SLC2A1"
"ACH-000135","Hs 940.T","Fibroblast","Non-Cancerous","Fibroblast, Skin","",NA,FALSE,"SLC2A1"
"ACH-000136","CHP-126","Peripheral Nervous System","Neuroblastoma","Neuroblastoma","NBL",NA,FALSE,"SLC2A1"
"ACH-000137","8-MG-BA","CNS/Brain","Diffuse Glioma","Glioblastoma","GB",-0.3867039519862,FALSE,"SLC2A1"
"ACH-000138","CFPAC-1","Pancreas","Pancreatic Adenocarcinoma","Pancreatic Adenocarcinoma","PAAD",-0.89243309444992,FALSE,"SLC2A1"
"ACH-000139","Panc 03.27","Pancreas","Pancreatic Adenocarcinoma","Pancreatic Adenocarcinoma","PAAD",-0.375212463468264,FALSE,"SLC2A1"
"ACH-000140","Pfeiffer","Lymphoid","Mature B-Cell Neoplasms","Diffuse Large B-Cell Lymphoma, NOS","DLBCLNOS",NA,FALSE,"SLC2A1"
"ACH-000141","SNU-308","Biliary Tract","Intracholecystic Papillary Neoplasm","Gallbladder Adenocarcinoma, NOS","GBAD",-0.302366940906726,FALSE,"SLC2A1"
"ACH-000142","CAL-29","Bladder/Urinary Tract","Bladder Urothelial Carcinoma","Bladder Urothelial Carcinoma","BLCA",-0.475968555923101,FALSE,"SLC2A1"
"ACH-000143","HCC2429","Lung","Non-Small Cell Lung Cancer","NUT Carcinoma of the Lung","NUTCL",-0.536177794934983,FALSE,"SLC2A1"
"ACH-000144","RERF-GC-1B","Esophagus/Stomach","Esophagogastric Adenocarcinoma","Stomach Adenocarcinoma","STAD",-0.144209866871281,FALSE,"SLC2A1"
"ACH-000145","SK-LMS-1","Soft Tissue","Leiomyosarcoma","Leiomyosarcoma","LMS",-0.141170676012352,FALSE,"SLC2A1"
"ACH-000146","THP-1","Myeloid","Acute Myeloid Leukemia","Acute Myeloid Leukemia","AML",-0.23228149820242,FALSE,"SLC2A1"
"ACH-000147","T-47D","Breast","Invasive Breast Carcinoma","Breast Invasive Ductal Carcinoma","IDC",-0.695392593759444,FALSE,"SLC2A1"
"ACH-000148","Hs 578T","Breast","Invasive Breast Carcinoma","Breast Invasive Carcinoma, NOS","BRCNOS",-0.196551263194219,FALSE,"SLC2A1"
"ACH-000149","SK-N-SH","Peripheral Nervous System","Neuroblastoma","Neuroblastoma","NBL",-0.395448492931555,FALSE,"SLC2A1"
"ACH-000150","HCC2935","Lung","Non-Small Cell Lung Cancer","Lung Adenocarcinoma","LUAD",NA,FALSE,"SLC2A1"
"ACH-000151","JM1","Lymphoid","B-Lymphoblastic Leukemia/Lymphoma","B-Lymphoblastic Leukemia/Lymphoma","BLL",-1.06575947890639,FALSE,"SLC2A1"
"ACH-000152","M059K","CNS/Brain","Diffuse Glioma","Glioblastoma","GB",-0.244761955104213,FALSE,"SLC2A1"
"ACH-000153","NCI-H2052","Pleura","Pleural Mesothelioma","Pleural Mesothelioma, Sarcomatoid Type","PLSMESO",-0.113514223852105,FALSE,"SLC2A1"
"ACH-000154","Hs 888.T","Fibroblast","Non-Cancerous","Fibroblast, Bone","",NA,FALSE,"SLC2A1"
"ACH-000155","SW 1990","Pancreas","Pancreatic Adenocarcinoma","Pancreatic Adenocarcinoma","PAAD",-0.0304979154996612,FALSE,"SLC2A1"
"ACH-000156","MHH-CALL-4","Lymphoid","B-Lymphoblastic Leukemia/Lymphoma","B-Lymphoblastic Leukemia/Lymphoma, BCR-ABL1 Like","BLLBCRABL1L",NA,FALSE,"SLC2A1"
"ACH-000157","A4/Fuk","Lymphoid","Mature B-Cell Neoplasms","Diffuse Large B-Cell Lymphoma, NOS","DLBCLNOS",NA,FALSE,"SLC2A1"
"ACH-000158","OCI-LY3","Lymphoid","Mature B-Cell Neoplasms","Activated B-cell Type","ABC",NA,FALSE,"SLC2A1"
"ACH-000159","OS-RC-2","Kidney","Renal Cell Carcinoma","Renal Clear Cell Carcinoma","CCRCC",-0.0240139958166281,FALSE,"SLC2A1"
"ACH-000160","BT-12","CNS/Brain","Embryonal Tumor","Atypical Teratoid/Rhabdoid Tumor","ATRT",0.0144804260558034,FALSE,"SLC2A1"
"ACH-000161","COR-L105","Lung","Non-Small Cell Lung Cancer","Lung Adenocarcinoma","LUAD",-0.382816508434477,FALSE,"SLC2A1"
"ACH-000162","GA-10","Lymphoid","Mature B-Cell Neoplasms","Burkitt Lymphoma","BL",NA,FALSE,"SLC2A1"
"ACH-000163","SW579","Head and Neck","Head and Neck Squamous Cell Carcinoma","Head and Neck Squamous Cell Carcinoma","HNSC",-0.218812929805456,FALSE,"SLC2A1"
"ACH-000164","PANC-1","Pancreas","Pancreatic Adenocarcinoma","Pancreatic Adenocarcinoma","PAAD",-0.623132368087739,FALSE,"SLC2A1"
"ACH-000165","Hs 751.T","Fibroblast","Non-Cancerous","Fibroblast","",NA,FALSE,"SLC2A1"
"ACH-000166","Kasumi-6","Myeloid","Acute Myeloid Leukemia","Acute Myeloid Leukemia","AML",NA,FALSE,"SLC2A1"
"ACH-000167","KE-97","Lymphoid","Mature B-Cell Neoplasms","Plasma Cell Myeloma","PCM",-0.229001072565854,FALSE,"SLC2A1"
"ACH-000168","NOMO-1","Myeloid","Acute Myeloid Leukemia","Acute Monoblastic/Monocytic Leukemia","AMOL",-0.0680120566610679,FALSE,"SLC2A1"
"ACH-000169","RD","Soft Tissue","Rhabdomyosarcoma","Embryonal Rhabdomyosarcoma","ERMS",-0.198925109925365,FALSE,"SLC2A1"
"ACH-000170","PrEC LH","Prostate","Non-Cancerous","Immortalized Epithelial Cells, Prostate","",NA,FALSE,"SLC2A1"
"ACH-000171","VMRC-RCZ","Kidney","Renal Cell Carcinoma","Renal Cell Carcinoma","RCC",NA,FALSE,"SLC2A1"
"ACH-000172","TM-87","Soft Tissue","Rhabdoid Cancer","Extrarenal Rhabdoid Cancer","",-0.292841028184286,FALSE,"SLC2A1"
"ACH-000173","JHUEM-3","Uterus","Endometrial Carcinoma","Endometrial Carcinoma","UCEC",NA,FALSE,"SLC2A1"
"ACH-000174","CAL-62","Thyroid","Anaplastic Thyroid Cancer","Anaplastic Thyroid Cancer","THAP",-0.547889177714286,FALSE,"SLC2A1"
"ACH-000175","TE159T","Fibroblast","Non-Cancerous","Fibroblast, Soft Tissue","",NA,FALSE,"SLC2A1"
"ACH-000176","LOU-NH91","Lung","Non-Small Cell Lung Cancer","Lung Squamous Cell Carcinoma","LUSC",-1.80857304563853,FALSE,"SLC2A1"
"ACH-000177","NCI-H660","Prostate","Prostate Small Cell Carcinoma","Prostate Small Cell Carcinoma","PRSCC",NA,FALSE,"SLC2A1"
"ACH-000178","Hs 766T","Pancreas","Pancreatic Adenocarcinoma","Pancreatic Adenocarcinoma","PAAD",-0.638156422682419,FALSE,"SLC2A1"
"ACH-000179","NCI-H1618","Lung","Lung Neuroendocrine Tumor","Small Cell Lung Cancer","SCLC",NA,FALSE,"SLC2A1"
"ACH-000180","Hs 839.T","Fibroblast","Non-Cancerous","Fibroblast, Skin","",NA,FALSE,"SLC2A1"
"ACH-000181","SCC-9","Head and Neck","Head and Neck Squamous Cell Carcinoma","Oral Cavity Squamous Cell Carcinoma","OCSC",-0.575034105636391,FALSE,"SLC2A1"
"ACH-000182","SNU-869","Ampulla of Vater","Ampullary Carcinoma","Ampullary Carcinoma","AMPCA",-1.00358022703679,FALSE,"SLC2A1"
"ACH-000183","L-363","Lymphoid","Mature B-Cell Neoplasms","Plasma Cell Myeloma","PCM",-1.11152188039683,FALSE,"SLC2A1"
"ACH-000184","Hs  343.T","Fibroblast","Non-Cancerous","Fibroblast, Breast","",NA,FALSE,"SLC2A1"
"ACH-000185","Hs 737.T","Fibroblast","Non-Cancerous","Fibroblast, Bone","",NA,FALSE,"SLC2A1"
"ACH-000186","NCI-H2444","Lung","Non-Small Cell Lung Cancer","Non-Small Cell Lung Cancer","NSCLC",NA,FALSE,"SLC2A1"
"ACH-000187","COR-L311","Lung","Lung Neuroendocrine Tumor","Small Cell Lung Cancer","SCLC",-0.974100262076304,FALSE,"SLC2A1"
"ACH-000188","SCC-25","Head and Neck","Head and Neck Squamous Cell Carcinoma","Oral Cavity Squamous Cell Carcinoma","OCSC",-0.680116804499588,FALSE,"SLC2A1"
"ACH-000189","RCC10RGB","Kidney","Renal Cell Carcinoma","Renal Cell Carcinoma","RCC",-0.75657076378666,FALSE,"SLC2A1"
"ACH-000190","HD-MY-Z","Myeloid","Acute Myeloid Leukemia","Acute Myeloid Leukemia","AML",0.125874896415617,FALSE,"SLC2A1"
"ACH-000191","BHT-101","Thyroid","Anaplastic Thyroid Cancer","Anaplastic Thyroid Cancer","THAP",-0.298868520393074,FALSE,"SLC2A1"
"ACH-000192","MFE-280","Uterus","Endometrial Carcinoma","Endometrial Carcinoma","UCEC",-0.418781253691032,FALSE,"SLC2A1"
"ACH-000193","KARPAS-620","Lymphoid","Mature B-Cell Neoplasms","Plasma Cell Myeloma","PCM",NA,FALSE,"SLC2A1"
"ACH-000194","Hs 934.T","Fibroblast","Non-Cancerous","Fibroblast, Skin","",NA,FALSE,"SLC2A1"
"ACH-000195","Set-2","Myeloid","Acute Myeloid Leukemia","Acute Megakaryoblastic Leukemia","AMKL",-0.210764348166667,FALSE,"SLC2A1"
"ACH-000196","HCC1599","Breast","Invasive Breast Carcinoma","Breast Invasive Ductal Carcinoma","IDC",NA,FALSE,"SLC2A1"
"ACH-000197","TALL-1","Lymphoid","Mature T and NK Neoplasms","Adult T-Cell Leukemia/Lymphoma","ATLL",NA,FALSE,"SLC2A1"
"ACH-000198","EOL-1","Myeloid","Myeloproliferative Neoplasms","Chronic Eosinophilic Leukemia, NOS","CELNOS",-0.267299157819073,FALSE,"SLC2A1"
"ACH-000199","Hs 255.T","Fibroblast","Non-Cancerous","Fibroblast, Colorectal","",NA,FALSE,"SLC2A1"
"ACH-000200","NMC-G1","CNS/Brain","Diffuse Glioma","Glioblastoma","GB",-0.0233239475970179,FALSE,"SLC2A1"
"ACH-000201","A-204","Kidney","Rhabdoid Cancer","Rhabdoid Cancer","MRT",NA,FALSE,"SLC2A1"
"ACH-000202","COLO-320","Bowel","Colorectal Adenocarcinoma","Colon Adenocarcinoma","COAD",-1.02236384518667,FALSE,"SLC2A1"
"ACH-000203","NH-6","Peripheral Nervous System","Neuroblastoma","Neuroblastoma","NBL",-1.03781798051748,FALSE,"SLC2A1"
"ACH-000204","LP-1","Lymphoid","Mature B-Cell Neoplasms","Plasma Cell Myeloma","PCM",-1.06967336343219,FALSE,"SLC2A1"
"ACH-000205","PK-59","Pancreas","Pancreatic Adenocarcinoma","Pancreatic Adenocarcinoma","PAAD",NA,FALSE,"SLC2A1"
"ACH-000206","C8166","Lymphoid","T-Lymphoblastic Leukemia/Lymphoma","T-Lymphoblastic Leukemia/Lymphoma","TLL",-0.328831698427084,FALSE,"SLC2A1"
"ACH-000207","Detroit 562","Head and Neck","Head and Neck Squamous Cell Carcinoma","Oropharynx Squamous Cell Carcinoma","OPHSC",-0.229455726861306,FALSE,"SLC2A1"
"ACH-000208","U-178","CNS/Brain","Diffuse Glioma","Astrocytoma","ASTR",-0.587201479584751,FALSE,"SLC2A1"
"ACH-000209","SNU-1079","Biliary Tract","Intraductal Papillary Neoplasm of the Bile Duct","Intrahepatic Cholangiocarcinoma","IHCH",-1.02286364622745,FALSE,"SLC2A1"
"ACH-000210","CADO-ES1","Bone","Ewing Sarcoma","Ewing Sarcoma","ES",-0.398154550532286,FALSE,"SLC2A1"
"ACH-000211","Daoy","CNS/Brain","Embryonal Tumor","Medulloblastoma","MBL",-0.450244707251475,TRUE,"SLC2A1"
"ACH-000212","CAL-120","Breast","Invasive Breast Carcinoma","Invasive Breast Carcinoma","BRCA",-0.162293918197494,FALSE,"SLC2A1"
"ACH-000213","HUP-T4","Pancreas","Pancreatic Adenocarcinoma","Pancreatic Adenocarcinoma","PAAD",-0.955648799277147,FALSE,"SLC2A1"
"ACH-000214","Hs 675.T","Fibroblast","Non-Cancerous","Fibroblast, Colorectal","",NA,FALSE,"SLC2A1"
"ACH-000215","LN382","CNS/Brain","Diffuse Glioma","Glioblastoma","GB",-0.258338038543853,FALSE,"SLC2A1"
"ACH-000216","JH-EsoAd1","Esophagus/Stomach","Esophagogastric Adenocarcinoma","Esophageal Adenocarcinoma","ESCA",0.0368332934055158,FALSE,"SLC2A1"
"ACH-000217","JHH-6","Liver","Hepatocellular Carcinoma","Hepatocellular Carcinoma","HCC",-1.32444250085218,FALSE,"SLC2A1"
"ACH-000218","PL-21","Myeloid","Acute Myeloid Leukemia","Acute Myeloid Leukemia","AML",NA,FALSE,"SLC2A1"
"ACH-000219","A-375","Skin","Melanoma","Melanoma","MEL",-0.259090514863118,FALSE,"SLC2A1"
"ACH-000220","Mino","Lymphoid","Mature B-Cell Neoplasms","Mantle Cell Lymphoma","MCL",NA,FALSE,"SLC2A1"
"ACH-000221","SNU-398","Liver","Hepatocellular Carcinoma","Hepatocellular Carcinoma","HCC",-0.00573007927950264,FALSE,"SLC2A1"
"ACH-000222","AsPC-1","Pancreas","Pancreatic Adenocarcinoma","Pancreatic Adenocarcinoma","PAAD",-0.640484149301393,FALSE,"SLC2A1"
"ACH-000223","HCC1937","Breast","Invasive Breast Carcinoma","Breast Invasive Ductal Carcinoma","IDC",-0.753473456554404,FALSE,"SLC2A1"
"ACH-000224","Hs 819.T","Fibroblast","Non-Cancerous","Fibroblast, Bone","",NA,FALSE,"SLC2A1"
"ACH-000225","ECC12","Esophagus/Stomach","Esophagogastric Adenocarcinoma","Small Cell Carcinoma of the Stomach","STSC",NA,FALSE,"SLC2A1"
"ACH-000226","SUP-M2","Lymphoid","Mature T and NK Neoplasms","Anaplastic Large-Cell Lymphoma ALK Positive","ALCLALKP",0.0208836694664809,FALSE,"SLC2A1"
"ACH-000227","KP-N-YN","Peripheral Nervous System","Neuroblastoma","Neuroblastoma","NBL",-0.338745550004861,FALSE,"SLC2A1"
"ACH-000228","BICR 31","Head and Neck","Head and Neck Squamous Cell Carcinoma","Oral Cavity Squamous Cell Carcinoma","OCSC",-1.14407462369011,FALSE,"SLC2A1"
"ACH-000229","Hs 822.T","Fibroblast","Non-Cancerous","Fibroblast, Bone","",NA,FALSE,"SLC2A1"
"ACH-000230","Hs 742.T","Fibroblast","Non-Cancerous","Fibroblast, Breast","",NA,FALSE,"SLC2A1"
"ACH-000231","KALS-1","CNS/Brain","Diffuse Glioma","Glioblastoma","GB",-0.0459439976471575,FALSE,"SLC2A1"
"ACH-000232","U-251 MG","CNS/Brain","Diffuse Glioma","Astrocytoma","ASTR",-0.313969861666871,FALSE,"SLC2A1"
"ACH-000233","DEL","Lymphoid","Mature T and NK Neoplasms","Anaplastic Large-Cell Lymphoma ALK Positive","ALCLALKP",-0.2359185844824,FALSE,"SLC2A1"
"ACH-000234","Caki-2","Kidney","Renal Cell Carcinoma","Papillary Renal Cell Carcinoma","PRCC",-0.716728571011303,FALSE,"SLC2A1"
"ACH-000235","Panc 04.03","Pancreas","Pancreatic Adenocarcinoma","Pancreatic Adenocarcinoma","PAAD",-0.157085311579251,FALSE,"SLC2A1"
"ACH-000236","SW1417","Bowel","Colorectal Adenocarcinoma","Colon Adenocarcinoma","COAD",NA,FALSE,"SLC2A1"
"ACH-000237","JHOM-1","Ovary/Fallopian Tube","Ovarian Epithelial Tumor","Mucinous Ovarian Cancer","MOV",-0.448889640883213,FALSE,"SLC2A1"
"ACH-000238","SCC-4","Head and Neck","Head and Neck Squamous Cell Carcinoma","Oral Cavity Squamous Cell Carcinoma","OCSC",-0.118977232007214,FALSE,"SLC2A1"
"ACH-000239","HuG1-N","Esophagus/Stomach","Esophagogastric Adenocarcinoma","Tubular Stomach Adenocarcinoma","TSTAD",-0.686072583638105,FALSE,"SLC2A1"
"ACH-000240","Hs 600.T","Fibroblast","Non-Cancerous","Fibroblast, Skin","",NA,FALSE,"SLC2A1"
"ACH-000241","JK-1","Myeloid","Myeloproliferative Neoplasms","Chronic Myeloid Leukemia, BCR-ABL1+","CMLBCRABL1",NA,FALSE,"SLC2A1"
"ACH-000242","RT4","Bladder/Urinary Tract","Bladder Urothelial Carcinoma","Bladder Urothelial Carcinoma","BLCA",-0.433536896671936,FALSE,"SLC2A1"
"ACH-000243","DAN-G","Pancreas","Pancreatic Adenocarcinoma","Pancreatic Adenocarcinoma","PAAD",-0.484145047216643,FALSE,"SLC2A1"
"ACH-000244","DK-MG","CNS/Brain","Diffuse Glioma","Glioblastoma","GB",-0.171337023357704,FALSE,"SLC2A1"
"ACH-000245","BL-41","Lymphoid","Mature B-Cell Neoplasms","Burkitt Lymphoma","BL",NA,FALSE,"SLC2A1"
"ACH-000246","SLR 23","Kidney","Renal Cell Carcinoma","Renal Clear Cell Carcinoma","CCRCC",-0.233670753383277,FALSE,"SLC2A1"
"ACH-000247","OCUM-1","Esophagus/Stomach","Esophagogastric Adenocarcinoma","Diffuse Type Stomach Adenocarcinoma","DSTAD",-0.129302408174019,FALSE,"SLC2A1"
"ACH-000248","AU565","Breast","Invasive Breast Carcinoma","Invasive Breast Carcinoma","BRCA",-0.207433070232483,FALSE,"SLC2A1"
"ACH-000249","CL-11","Bowel","Colorectal Adenocarcinoma","Colon Adenocarcinoma","COAD",-0.098020208406923,FALSE,"SLC2A1"
"ACH-000250","KMRC-20","Kidney","Renal Cell Carcinoma","Renal Clear Cell Carcinoma","CCRCC",-1.00150152804067,FALSE,"SLC2A1"
"ACH-000251","NCI-H2887","Lung","Non-Small Cell Lung Cancer","Non-Small Cell Lung Cancer","NSCLC",-0.217949654050528,FALSE,"SLC2A1"
"ACH-000252","LS1034","Bowel","Colorectal Adenocarcinoma","Colon Adenocarcinoma","COAD",0.132900858009972,FALSE,"SLC2A1"
"ACH-000253","COLO 201","Bowel","Colorectal Adenocarcinoma","Colon Adenocarcinoma","COAD",-1.04228787924856,FALSE,"SLC2A1"
"ACH-000254","SCC-15","Head and Neck","Head and Neck Squamous Cell Carcinoma","Oral Cavity Squamous Cell Carcinoma","OCSC",NA,FALSE,"SLC2A1"
"ACH-000255","LMSU","Esophagus/Stomach","Esophagogastric Adenocarcinoma","Stomach Adenocarcinoma","STAD",-0.132623828799586,FALSE,"SLC2A1"
"ACH-000256","COV318","Ovary/Fallopian Tube","Ovarian Epithelial Tumor","High-Grade Serous Ovarian Cancer","HGSOC",-0.209906403393718,FALSE,"SLC2A1"
"ACH-000257","COR-L279","Lung","Lung Neuroendocrine Tumor","Small Cell Lung Cancer","SCLC",-0.702342308045424,FALSE,"SLC2A1"
"ACH-000258","Du4475","Breast","Invasive Breast Carcinoma","Invasive Breast Carcinoma","BRCA",-0.659769393849125,FALSE,"SLC2A1"
"ACH-000259","KELLY","Peripheral Nervous System","Neuroblastoma","Neuroblastoma","NBL",-0.762235235592553,FALSE,"SLC2A1"
"ACH-000260","SK-N-AS","Peripheral Nervous System","Neuroblastoma","Neuroblastoma","NBL",-0.527243495649566,FALSE,"SLC2A1"
"ACH-000261","RERF-LC-AI","Lung","Non-Small Cell Lung Cancer","Lung Squamous Cell Carcinoma","LUSC",-0.182833669769808,FALSE,"SLC2A1"
"ACH-000262","UOK101","Kidney","Renal Cell Carcinoma","Renal Clear Cell Carcinoma","CCRCC",-1.15609143704711,FALSE,"SLC2A1"
"ACH-000263","KASUMI-1","Myeloid","Acute Myeloid Leukemia","Acute Myeloid Leukemia","AML",-0.346508267214032,FALSE,"SLC2A1"
"ACH-000264","Calu-6","Lung","Non-Small Cell Lung Cancer","Lung Adenocarcinoma","LUAD",-0.136624146471631,FALSE,"SLC2A1"
"ACH-000265","KP-4","Pancreas","Pancreatic Adenocarcinoma","Pancreatic Adenocarcinoma","PAAD",-0.0863036367524907,FALSE,"SLC2A1"
"ACH-000266","SNU-213","Pancreas","Pancreatic Adenocarcinoma","Pancreatic Adenocarcinoma","PAAD",-0.913333219854643,FALSE,"SLC2A1"
"ACH-000267","HDLM-2","Lymphoid","Hodgkin Lymphoma","Hodgkin Lymphoma","HL",NA,FALSE,"SLC2A1"
"ACH-000268","SNU-245","Biliary Tract","Intraductal Papillary Neoplasm of the Bile Duct","Extrahepatic Cholangiocarcinoma","EHCH",-0.429685386661918,FALSE,"SLC2A1"
"ACH-000269","AM-38","CNS/Brain","Diffuse Glioma","Glioblastoma","GB",-0.108223044837861,FALSE,"SLC2A1"
"ACH-000270","HPAC","Pancreas","Pancreatic Adenocarcinoma","Pancreatic Adenocarcinoma","PAAD",NA,FALSE,"SLC2A1"
"ACH-000271","SU-DHL-10","Lymphoid","Mature B-Cell Neoplasms","Diffuse Large B-Cell Lymphoma, NOS","DLBCLNOS",-1.14486917291861,FALSE,"SLC2A1"
"ACH-000272","SLR 24","Kidney","Renal Cell Carcinoma","Renal Clear Cell Carcinoma","CCRCC",-0.146047784285663,FALSE,"SLC2A1"
"ACH-000273","SF539","CNS/Brain","Diffuse Glioma","Gliosarcoma","GSARC",-0.270570625705599,FALSE,"SLC2A1"
"ACH-000274","Hs 852.T","Skin","Melanoma","Melanoma","MEL",-0.122688813619553,FALSE,"SLC2A1"
"ACH-000275","Hs 834.T","Fibroblast","Non-Cancerous","Fibroblast, Skin","",NA,FALSE,"SLC2A1"
"ACH-000276","HCC38","Breast","Invasive Breast Carcinoma","Breast Invasive Ductal Carcinoma","IDC",-0.282208729649391,FALSE,"SLC2A1"
"ACH-000277","HCC1419","Breast","Invasive Breast Carcinoma","Breast Invasive Ductal Carcinoma","IDC",-0.546560555710241,FALSE,"SLC2A1"
"ACH-000278","COV362","Ovary/Fallopian Tube","Ovarian Epithelial Tumor","High-Grade Serous Ovarian Cancer","HGSOC",-0.827963457963917,FALSE,"SLC2A1"
"ACH-000279","EWS502","Bone","Ewing Sarcoma","Ewing Sarcoma","ES",-0.914562472034472,FALSE,"SLC2A1"
"ACH-000280","SNU-840","Ovary/Fallopian Tube","Ovarian Epithelial Tumor","Brenner Tumor, Malignant","BTMOV",0.145683600691003,FALSE,"SLC2A1"
"ACH-000281","KP-2","Pancreas","Pancreatic Adenocarcinoma","Pancreatic Adenocarcinoma","PAAD",0.154604872003026,FALSE,"SLC2A1"
"ACH-000282","NCI-H1755","Lung","Non-Small Cell Lung Cancer","Lung Adenocarcinoma","LUAD",NA,FALSE,"SLC2A1"
"ACH-000283","A1207","CNS/Brain","Diffuse Glioma","Glioblastoma","GB",NA,FALSE,"SLC2A1"
"ACH-000284","Hs 840.T","Fibroblast","Non-Cancerous","Fibroblast, Upper Aerodigestive","",NA,FALSE,"SLC2A1"
"ACH-000285","Toledo","Lymphoid","Mature B-Cell Neoplasms","Diffuse Large B-Cell Lymphoma, NOS","DLBCLNOS",NA,FALSE,"SLC2A1"
"ACH-000286","SNU-1033","Bowel","Colorectal Adenocarcinoma","Rectal Adenocarcinoma","READ",-0.345040225125874,FALSE,"SLC2A1"
"ACH-000287","NU-DUL-1","Lymphoid","Mature B-Cell Neoplasms","Activated B-cell Type","ABC",NA,FALSE,"SLC2A1"
"ACH-000288","BT-549","Breast","Invasive Breast Carcinoma","Breast Invasive Carcinoma, NOS","BRCNOS",-0.450922042805829,FALSE,"SLC2A1"
"ACH-000289","SNU-466","CNS/Brain","Diffuse Glioma","Glioblastoma","GB",NA,FALSE,"SLC2A1"
"ACH-000290","NCI-H209","Lung","Lung Neuroendocrine Tumor","Small Cell Lung Cancer","SCLC",-1.3772057201036,FALSE,"SLC2A1"
"ACH-000291","OV-90","Ovary/Fallopian Tube","Ovarian Epithelial Tumor","Serous Ovarian Cancer","SOC",-0.10785510287578,FALSE,"SLC2A1"
"ACH-000292","NCI-H841","Lung","SMARCA4-deficient undifferentiated tumor","SMARCA4-deficient undifferentiated tumor","",-0.169933617909378,FALSE,"SLC2A1"
"ACH-000293","KLE","Uterus","Endometrial Carcinoma","Endometrial Carcinoma","UCEC",-0.178991168800286,FALSE,"SLC2A1"
"ACH-000294","NB-4","Myeloid","Acute Myeloid Leukemia","Acute Myeloid Leukemia","AML",0.132715346892726,FALSE,"SLC2A1"
"ACH-000295","EM-2","Myeloid","Myeloproliferative Neoplasms","Chronic Myeloid Leukemia, BCR-ABL1+","CMLBCRABL1",-0.589731166279686,FALSE,"SLC2A1"
"ACH-000296","OUMS-23","Bowel","Colorectal Adenocarcinoma","Colon Adenocarcinoma","COAD",-0.127456430747211,FALSE,"SLC2A1"
"ACH-000297","NCI-H889","Lung","Lung Neuroendocrine Tumor","Small Cell Lung Cancer","SCLC",NA,FALSE,"SLC2A1"
"ACH-000298","NCI-H2029","Lung","Lung Neuroendocrine Tumor","Small Cell Lung Cancer","SCLC",NA,FALSE,"SLC2A1"
"ACH-000299","HNT-34","Myeloid","Acute Myeloid Leukemia","Acute Myeloid Leukemia","AML",NA,FALSE,"SLC2A1"
"ACH-000300","SLR 25","Kidney","Renal Cell Carcinoma","Renal Clear Cell Carcinoma","CCRCC",NA,FALSE,"SLC2A1"
"ACH-000301","LAMA-84","Myeloid","Myeloproliferative Neoplasms","Chronic Myeloid Leukemia, BCR-ABL1+","CMLBCRABL1",NA,FALSE,"SLC2A1"
"ACH-000302","SNU-1077","Uterus","Endometrial Carcinoma","Uterine Carcinosarcoma/Uterine Malignant Mixed Mullerian Tumor","UCS",-0.586243407956054,FALSE,"SLC2A1"
"ACH-000303","SNU-5","Esophagus/Stomach","Esophagogastric Adenocarcinoma","Stomach Adenocarcinoma","STAD",0.195598337292142,FALSE,"SLC2A1"
"ACH-000304","WM-115","Skin","Melanoma","Melanoma","MEL",-0.311690700722398,FALSE,"SLC2A1"
"ACH-000305","EC-GI-10","Esophagus/Stomach","Esophageal Squamous Cell Carcinoma","Esophageal Squamous Cell Carcinoma","ESCC",-0.189325930339132,FALSE,"SLC2A1"
"ACH-000306","Hs 688(A).T","Fibroblast","Non-Cancerous","Fibroblast, Skin","",NA,FALSE,"SLC2A1"
"ACH-000307","PK-1","Pancreas","Pancreatic Adenocarcinoma","Pancreatic Adenocarcinoma","PAAD",-0.119175058759821,FALSE,"SLC2A1"
"ACH-000308","EFO-21","Ovary/Fallopian Tube","Ovarian Epithelial Tumor","Serous Ovarian Cancer","SOC",-0.714851464289351,FALSE,"SLC2A1"
"ACH-000309","SK-LU-1","Lung","Non-Small Cell Lung Cancer","Lung Adenocarcinoma","LUAD",NA,FALSE,"SLC2A1"
"ACH-000310","IMR-32","Peripheral Nervous System","Neuroblastoma","Neuroblastoma","NBL",-0.384503297330827,FALSE,"SLC2A1"
"ACH-000311","NCI-H2122","Lung","Non-Small Cell Lung Cancer","Lung Adenocarcinoma","LUAD",-1.1252100275512,FALSE,"SLC2A1"
"ACH-000312","SK-N-BE(2)","Peripheral Nervous System","Neuroblastoma","Neuroblastoma","NBL",-0.601182976284706,FALSE,"SLC2A1"
"ACH-000313","KMRC-3","Kidney","Renal Cell Carcinoma","Renal Clear Cell Carcinoma","CCRCC",-0.456889899142104,FALSE,"SLC2A1"
"ACH-000314","HCC-2108","Lung","Non-Small Cell Lung Cancer","Lung Adenocarcinoma","LUAD",NA,FALSE,"SLC2A1"
"ACH-000315","KARPAS-422","Lymphoid","Mature B-Cell Neoplasms","Diffuse Large B-Cell Lymphoma, NOS","DLBCLNOS",-0.607141227074802,FALSE,"SLC2A1"
"ACH-000316","SNU-886","Liver","Hepatocellular Carcinoma","Hepatocellular Carcinoma","HCC",-0.232630305320326,FALSE,"SLC2A1"
"ACH-000317","TUHR14TKB","Kidney","Renal Cell Carcinoma","Renal Cell Carcinoma","RCC",-1.36036647777328,FALSE,"SLC2A1"
"ACH-000318","TE-10","Esophagus/Stomach","Esophageal Squamous Cell Carcinoma","Esophageal Squamous Cell Carcinoma","ESCC",-0.395724797371832,FALSE,"SLC2A1"
"ACH-000319","MPP 89","Pleura","Pleural Mesothelioma","Pleural Mesothelioma, Epithelioid Type","PLEMESO",-0.158135359450554,FALSE,"SLC2A1"
"ACH-000320","PSN1","Pancreas","Pancreatic Adenocarcinoma","Pancreatic Adenocarcinoma","PAAD",-0.581959471390835,FALSE,"SLC2A1"
"ACH-000321","MOLM-6","Myeloid","Myeloproliferative Neoplasms","Chronic Myeloid Leukemia, BCR-ABL1+","CMLBCRABL1",NA,FALSE,"SLC2A1"
"ACH-000322","HT-144","Skin","Melanoma","Melanoma","MEL",-0.0831618887198706,FALSE,"SLC2A1"
"ACH-000323","42-MG-BA","CNS/Brain","Diffuse Glioma","Glioblastoma","GB",-0.37677202933961,FALSE,"SLC2A1"
"ACH-000324","JHOC-5","Ovary/Fallopian Tube","Ovarian Epithelial Tumor","Clear Cell Ovarian Cancer","CCOV",0.178487358920129,FALSE,"SLC2A1"
"ACH-000325","SNU-620","Esophagus/Stomach","Esophagogastric Adenocarcinoma","Stomach Adenocarcinoma","STAD",-0.825663791441765,FALSE,"SLC2A1"
"ACH-000326","JURL-MK1","Myeloid","Myeloproliferative Neoplasms","Chronic Myeloid Leukemia, BCR-ABL1+","CMLBCRABL1",-0.429885723140777,FALSE,"SLC2A1"
"ACH-000327","NCI-H1395","Lung","Non-Small Cell Lung Cancer","Lung Adenocarcinoma","LUAD",NA,FALSE,"SLC2A1"
"ACH-000328","LN-215","CNS/Brain","Diffuse Glioma","Glioblastoma","GB",NA,FALSE,"SLC2A1"
"ACH-000329","CCF-STTG1","CNS/Brain","Diffuse Glioma","Astrocytoma","ASTR",-0.0891414899697665,FALSE,"SLC2A1"
"ACH-000330","EFM-19","Breast","Invasive Breast Carcinoma","Breast Invasive Ductal Carcinoma","IDC",-0.676056047212136,FALSE,"SLC2A1"
"ACH-000331","IST-MES2","Pleura","Pleural Mesothelioma","Pleural Mesothelioma, Epithelioid Type","PLEMESO",-0.761527193117178,FALSE,"SLC2A1"
"ACH-000332","YAPC","Pancreas","Pancreatic Adenocarcinoma","Pancreatic Adenocarcinoma","PAAD",-0.372290197493741,FALSE,"SLC2A1"
"ACH-000333","JHOM-2B","Ovary/Fallopian Tube","Ovarian Epithelial Tumor","Mucinous Ovarian Cancer","MOV",NA,FALSE,"SLC2A1"
"ACH-000334","DB","Lymphoid","Mature B-Cell Neoplasms","Diffuse Large B-Cell Lymphoma, NOS","DLBCLNOS",-0.801071886018714,FALSE,"SLC2A1"
"ACH-000335","MSTO-211H","Pleura","Pleural Mesothelioma","Pleural Mesothelioma, Biphasic Type","PLBMESO",-0.46255076022818,FALSE,"SLC2A1"
"ACH-000336","OCI-AML3","Myeloid","Acute Myeloid Leukemia","Acute Myeloid Leukemia","AML",-0.0440809409994402,FALSE,"SLC2A1"
"ACH-000337","NCI-H3122","Lung","Non-Small Cell Lung Cancer","Lung Adenocarcinoma","LUAD",-0.761697417436859,FALSE,"SLC2A1"
"ACH-000338","SR-786","Lymphoid","Mature T and NK Neoplasms","Anaplastic Large-Cell Lymphoma ALK Positive","ALCLALKP",-0.393413072493204,FALSE,"SLC2A1"
"ACH-000339","HCC-461","Lung","Non-Small Cell Lung Cancer","Lung Adenocarcinoma","LUAD",0.34148828820531,FALSE,"SLC2A1"
"ACH-000340","Hs 870.T","Fibroblast","Non-Cancerous","Fibroblast, Bone","",NA,FALSE,"SLC2A1"
"ACH-000341","SK-N-FI","Peripheral Nervous System","Neuroblastoma","Neuroblastoma","NBL",-0.235693327013378,FALSE,"SLC2A1"
"ACH-000342","CL-14","Bowel","Colorectal Adenocarcinoma","Colon Adenocarcinoma","COAD",NA,FALSE,"SLC2A1"
"ACH-000343","NCI-H522","Lung","Non-Small Cell Lung Cancer","Lung Adenocarcinoma","LUAD",0.00990157242630812,FALSE,"SLC2A1"
"ACH-000344","SNU-668","Esophagus/Stomach","Esophagogastric Adenocarcinoma","Diffuse Type Stomach Adenocarcinoma","DSTAD",-0.340843304159667,FALSE,"SLC2A1"
"ACH-000345","KP-N-RT-BM-1","Peripheral Nervous System","Neuroblastoma","Neuroblastoma","NBL",-0.0378111195773013,FALSE,"SLC2A1"
"ACH-000346","JVM-3","Lymphoid","Mature B-Cell Neoplasms","B-Cell Prolymphocytic Leukemia","BPLL",-0.569842825333474,FALSE,"SLC2A1"
"ACH-000347","QGP-1","Pancreas","Pancreatic Neuroendocrine Tumor","Pancreatic Neuroendocrine Tumor","PANET",NA,FALSE,"SLC2A1"
"ACH-000348","RPMI-7951","Skin","Melanoma","Melanoma","MEL",-0.111825156366607,FALSE,"SLC2A1"
"ACH-000349","HCC1500","Breast","Breast Ductal Carcinoma In Situ","Breast Ductal Carcinoma In Situ","DCIS",NA,FALSE,"SLC2A1"
"ACH-000350","COLO-678","Bowel","Colorectal Adenocarcinoma","Colon Adenocarcinoma","COAD",0.1497465663108,FALSE,"SLC2A1"
"ACH-000351","MKN1","Esophagus/Stomach","Esophagogastric Adenocarcinoma","Adenosquamous Carcinoma of the Stomach","STAS",NA,FALSE,"SLC2A1"
"ACH-000352","HCC1428","Breast","Invasive Breast Carcinoma","Invasive Breast Carcinoma","BRCA",-0.809958052157972,FALSE,"SLC2A1"
"ACH-000353","TE-15","Esophagus/Stomach","Esophageal Squamous Cell Carcinoma","Esophageal Squamous Cell Carcinoma","ESCC",NA,FALSE,"SLC2A1"
"ACH-000354","Capan-1","Pancreas","Pancreatic Adenocarcinoma","Pancreatic Adenocarcinoma","PAAD",-0.589061068097205,FALSE,"SLC2A1"
"ACH-000355","NCI-H82","Lung","Lung Neuroendocrine Tumor","Small Cell Lung Cancer","SCLC",-1.13314196264695,FALSE,"SLC2A1"
"ACH-000356","MKN-45","Esophagus/Stomach","Esophagogastric Adenocarcinoma","Diffuse Type Stomach Adenocarcinoma","DSTAD",-0.39263485294155,FALSE,"SLC2A1"
"ACH-000357","JeKo-1","Lymphoid","Mature B-Cell Neoplasms","Mantle Cell Lymphoma","MCL",NA,FALSE,"SLC2A1"
"ACH-000358","NCI-H69","Lung","Lung Neuroendocrine Tumor","Small Cell Lung Cancer","SCLC",NA,FALSE,"SLC2A1"
"ACH-000359","MG-63","Bone","Osteosarcoma","Osteosarcoma","OS",-0.354304514829295,FALSE,"SLC2A1"
"ACH-000360","NCI-H508","Bowel","Colorectal Adenocarcinoma","Colon Adenocarcinoma","COAD",NA,FALSE,"SLC2A1"
"ACH-000361","SK-HEP-1","Liver","Hepatocellular Carcinoma","Hepatocellular Carcinoma","HCC",-0.20623614478452,FALSE,"SLC2A1"
"ACH-000362","MOLM-13","Myeloid","Acute Myeloid Leukemia","Acute Myeloid Leukemia","AML",0.572727237047271,FALSE,"SLC2A1"
"ACH-000363","SK-MM-2","Lymphoid","Mature B-Cell Neoplasms","Plasma Cell Myeloma","PCM",-0.626815133249399,FALSE,"SLC2A1"
"ACH-000364","U-2 OS","Bone","Osteosarcoma","Osteosarcoma","OS",-0.149389325174655,FALSE,"SLC2A1"
"ACH-000365","SU-DHL-4","Lymphoid","Mature B-Cell Neoplasms","Diffuse Large B-Cell Lymphoma, NOS","DLBCLNOS",-1.01578708160622,FALSE,"SLC2A1"
"ACH-000366","SK-N-DZ","Peripheral Nervous System","Neuroblastoma","Neuroblastoma","NBL",-0.500604687672684,FALSE,"SLC2A1"
"ACH-000367","NCI-H226","Pleura","Pleural Mesothelioma","Pleural Mesothelioma, Epithelioid Type","PLEMESO",-0.285867970842707,FALSE,"SLC2A1"
"ACH-000368","SNU-1105","CNS/Brain","Diffuse Glioma","Glioblastoma","GB",-0.147100908006974,FALSE,"SLC2A1"
"ACH-000369","MOLM-16","Myeloid","Acute Myeloid Leukemia","Acute Myeloid Leukemia","AML",NA,FALSE,"SLC2A1"
"ACH-000370","SNU-626","CNS/Brain","Diffuse Glioma","Glioblastoma","GB",-0.401551623854997,FALSE,"SLC2A1"
"ACH-000371","RL","Lymphoid","Mature B-Cell Neoplasms","Diffuse Large B-Cell Lymphoma, NOS","DLBCLNOS",-0.491685566311842,FALSE,"SLC2A1"
"ACH-000372","P12-ICHIKAWA","Lymphoid","T-Lymphoblastic Leukemia/Lymphoma","T-Lymphoblastic Leukemia/Lymphoma","TLL",NA,FALSE,"SLC2A1"
"ACH-000373","SKM-1","Myeloid","Acute Myeloid Leukemia","Acute Myeloid Leukemia","AML",-0.672735231196875,FALSE,"SLC2A1"
"ACH-000374","HCC1143","Breast","Invasive Breast Carcinoma","Breast Invasive Ductal Carcinoma","IDC",-0.285668253304626,FALSE,"SLC2A1"
"ACH-000375","G-402","Kidney","Renal Cell Carcinoma","Renal Cell Carcinoma","RCC",-0.0292355729321789,FALSE,"SLC2A1"
"ACH-000376","SF-295","CNS/Brain","Diffuse Glioma","Glioblastoma","GB",-0.322831083427709,FALSE,"SLC2A1"
"ACH-000377","SNU-478","Ampulla of Vater","Ampullary Carcinoma","Ampullary Carcinoma","AMPCA",-0.185921602606459,FALSE,"SLC2A1"
"ACH-000378","NCI-H647","Lung","Non-Small Cell Lung Cancer","Lung Adenosquamous Carcinoma","LUAS",-0.212458503446128,FALSE,"SLC2A1"
"ACH-000379","NCI-H1781","Lung","Non-Small Cell Lung Cancer","Lung Adenocarcinoma","LUAD",NA,FALSE,"SLC2A1"
"ACH-000380","KMS-12-BM","Lymphoid","Mature B-Cell Neoplasms","Plasma Cell Myeloma","PCM",NA,FALSE,"SLC2A1"
"ACH-000381","T84","Bowel","Colorectal Adenocarcinoma","Colon Adenocarcinoma","COAD",-0.961681815677962,FALSE,"SLC2A1"
"ACH-000382","COR-L24","Lung","Lung Neuroendocrine Tumor","Small Cell Lung Cancer","SCLC",NA,FALSE,"SLC2A1"
"ACH-000383","OE33","Esophagus/Stomach","Esophagogastric Adenocarcinoma","Esophageal Adenocarcinoma","ESCA",-0.411253747401218,FALSE,"SLC2A1"
"ACH-000384","SW 780","Bladder/Urinary Tract","Bladder Urothelial Carcinoma","Bladder Urothelial Carcinoma","BLCA",NA,FALSE,"SLC2A1"
"ACH-000385","SK-RC-52","Kidney","Renal Cell Carcinoma","Renal Cell Carcinoma","RCC",-0.0929342447290083,FALSE,"SLC2A1"
"ACH-000386","KG-1","Myeloid","Acute Myeloid Leukemia","Acute Myeloid Leukemia","AML",NA,FALSE,"SLC2A1"
"ACH-000387","TF-1","Myeloid","Acute Myeloid Leukemia","Acute Myeloid Leukemia","AML",-0.656879623201631,FALSE,"SLC2A1"
"ACH-000388","NU-DHL-1","Lymphoid","Mature B-Cell Neoplasms","Diffuse Large B-Cell Lymphoma, NOS","DLBCLNOS",NA,FALSE,"SLC2A1"
"ACH-000389","H4","CNS/Brain","Diffuse Glioma","Astrocytoma","ASTR",-0.188092563326386,FALSE,"SLC2A1"
"ACH-000390","LUDLU-1","Lung","Non-Small Cell Lung Cancer","Lung Squamous Cell Carcinoma","LUSC",-1.16403800304905,FALSE,"SLC2A1"
"ACH-000391","MHH-ES-1","Bone","Ewing Sarcoma","Ewing Sarcoma","ES",-0.344094432738043,FALSE,"SLC2A1"
"ACH-000392","Calu-3","Lung","Non-Small Cell Lung Cancer","Lung Adenocarcinoma","LUAD",NA,FALSE,"SLC2A1"
"ACH-000393","HLF","Liver","Hepatocellular Carcinoma","Hepatocellular Carcinoma","HCC",-0.334758817155051,FALSE,"SLC2A1"
"ACH-000394","NCI-H2081","Lung","Lung Neuroendocrine Tumor","Small Cell Lung Cancer","SCLC",NA,FALSE,"SLC2A1"
"ACH-000395","NCI-H520","Lung","Non-Small Cell Lung Cancer","Lung Squamous Cell Carcinoma","LUSC",-0.827728266437454,FALSE,"SLC2A1"
"ACH-000396","J82","Bladder/Urinary Tract","Bladder Urothelial Carcinoma","Bladder Urothelial Carcinoma","BLCA",-0.490296075822874,FALSE,"SLC2A1"
"ACH-000397","TEN","Uterus","Endometrial Carcinoma","Uterine Clear Cell Carcinoma","UCCC",-0.302415013333695,FALSE,"SLC2A1"
"ACH-000398","RI-1","Lymphoid","Mature B-Cell Neoplasms","Activated B-cell Type","ABC",-0.285097789260295,FALSE,"SLC2A1"
"ACH-000399","NCI-H2196","Lung","Lung Neuroendocrine Tumor","Small Cell Lung Cancer","SCLC",NA,FALSE,"SLC2A1"
"ACH-000400","SK-CO-1","Bowel","Colorectal Adenocarcinoma","Colon Adenocarcinoma","COAD",NA,FALSE,"SLC2A1"
"ACH-000401","COLO-800","Skin","Melanoma","Cutaneous Melanoma","SKCM",-0.507802248029765,FALSE,"SLC2A1"
"ACH-000402","BL-70","Lymphoid","Mature B-Cell Neoplasms","Burkitt Lymphoma","BL",-0.231649667194435,FALSE,"SLC2A1"
"ACH-000403","NCI-H747","Bowel","Colorectal Adenocarcinoma","Colon Adenocarcinoma","COAD",0.0227955158345811,FALSE,"SLC2A1"
"ACH-000404","K029AX","Skin","Melanoma","Cutaneous Melanoma","SKCM",-0.0744297468796807,FALSE,"SLC2A1"
"ACH-000405","MEC-1","Lymphoid","Mature B-Cell Neoplasms","Chronic Lymphocytic Leukemia/Small Lymphocytic Lymphoma","CLLSLL",-0.308640273309432,FALSE,"SLC2A1"
"ACH-000406","U-937","Myeloid","Acute Myeloid Leukemia","Acute Myeloid Leukemia","AML",-0.671150235577512,FALSE,"SLC2A1"
"ACH-000407","SNU-685","Uterus","Endometrial Carcinoma","Uterine Carcinosarcoma/Uterine Malignant Mixed Mullerian Tumor","UCS",-0.314134694555716,FALSE,"SLC2A1"
"ACH-000408","TE-5","Esophagus/Stomach","Esophageal Squamous Cell Carcinoma","Esophageal Squamous Cell Carcinoma","ESCC",-1.11199159437116,FALSE,"SLC2A1"
"ACH-000409","OVSAHO","Ovary/Fallopian Tube","Ovarian Epithelial Tumor","High-Grade Serous Ovarian Cancer","HGSOC",NA,FALSE,"SLC2A1"
"ACH-000410","Saos-2","Bone","Osteosarcoma","Osteosarcoma","OS",-0.582166034347098,FALSE,"SLC2A1"
"ACH-000411","769-P","Kidney","Renal Cell Carcinoma","Renal Clear Cell Carcinoma","CCRCC",-0.0930979847582356,FALSE,"SLC2A1"
"ACH-000412","SNU-1197","Bowel","Colorectal Adenocarcinoma","Colon Adenocarcinoma","COAD",NA,FALSE,"SLC2A1"
"ACH-000413","Hs 739.T","Fibroblast","Non-Cancerous","Fibroblast, Breast","",NA,FALSE,"SLC2A1"
"ACH-000414","NCI-H1944","Lung","Non-Small Cell Lung Cancer","Lung Adenocarcinoma","LUAD",-0.497291656875639,FALSE,"SLC2A1"
"ACH-000415","BICR 6","Head and Neck","Head and Neck Squamous Cell Carcinoma","Hypopharynx Squamous Cell Carcinoma","HPHSC",-0.284988725191891,FALSE,"SLC2A1"
"ACH-000416","NCI-H838","Lung","Non-Small Cell Lung Cancer","Lung Adenocarcinoma","LUAD",0.0123993285564922,FALSE,"SLC2A1"
"ACH-000417","Panc 08.13","Pancreas","Pancreatic Adenocarcinoma","Pancreatic Adenocarcinoma","PAAD",-0.524061128659617,FALSE,"SLC2A1"
"ACH-000418","SW 1353","Bone","Chondrosarcoma","Chondrosarcoma","CHS",NA,FALSE,"SLC2A1"
"ACH-000419","KMS-28BM","Lymphoid","Mature B-Cell Neoplasms","Plasma Cell Myeloma","PCM",NA,FALSE,"SLC2A1"
"ACH-000420","SNU-449","Liver","Hepatocellular Carcinoma","Hepatocellular Carcinoma","HCC",-0.959616485566143,FALSE,"SLC2A1"
"ACH-000421","SW837","Bowel","Colorectal Adenocarcinoma","Rectal Adenocarcinoma","READ",-0.074200171776201,FALSE,"SLC2A1"
"ACH-000422","SNU-475","Liver","Hepatocellular Carcinoma","Hepatocellular Carcinoma","HCC",0.0199642072700389,FALSE,"SLC2A1"
"ACH-000423","SK-MEL-3","Skin","Melanoma","Cutaneous Melanoma","SKCM",NA,FALSE,"SLC2A1"
"ACH-000424","TC-71","Bone","Ewing Sarcoma","Ewing Sarcoma","ES",-0.447006027641039,FALSE,"SLC2A1"
"ACH-000425","UACC-62","Skin","Melanoma","Melanoma","MEL",-0.339159370660298,FALSE,"SLC2A1"
"ACH-000426","KMS-20","Lymphoid","Mature B-Cell Neoplasms","Plasma Cell Myeloma","PCM",-0.883108747470581,FALSE,"SLC2A1"
"ACH-000427","NCI-N87","Esophagus/Stomach","Esophagogastric Adenocarcinoma","Tubular Stomach Adenocarcinoma","TSTAD",-0.225634615847207,FALSE,"SLC2A1"
"ACH-000428","UO-31","Kidney","Renal Cell Carcinoma","Renal Cell Carcinoma","RCC",NA,FALSE,"SLC2A1"
"ACH-000429","A-704","Kidney","Renal Cell Carcinoma","Renal Cell Carcinoma","RCC",NA,FALSE,"SLC2A1"
"ACH-000430","TYK-nu","Ovary/Fallopian Tube","Ovarian Epithelial Tumor","High-Grade Serous Ovarian Cancer","HGSOC",0.0745503532752116,FALSE,"SLC2A1"
"ACH-000431","NCI-H1694","Lung","Lung Neuroendocrine Tumor","Small Cell Lung Cancer","SCLC",-1.11772045833654,FALSE,"SLC2A1"
"ACH-000432","BV-173","Myeloid","Myeloproliferative Neoplasms","Chronic Myeloid Leukemia, BCR-ABL1+","CMLBCRABL1",NA,FALSE,"SLC2A1"
"ACH-000433","Caki-1","Kidney","Renal Cell Carcinoma","Renal Clear Cell Carcinoma","CCRCC",-0.255774352466979,FALSE,"SLC2A1"
"ACH-000434","NCI-H1915","Lung","Non-Small Cell Lung Cancer","Large Cell Lung Carcinoma","LCLC",0.0319996954779179,FALSE,"SLC2A1"
"ACH-000435","EFE-184","Uterus","Endometrial Carcinoma","Endometrial Carcinoma","UCEC",-0.554992123100435,FALSE,"SLC2A1"
"ACH-000436","OCI-My7","Lymphoid","Mature B-Cell Neoplasms","Plasma Cell Myeloma","PCM",-1.14440848870407,FALSE,"SLC2A1"
"ACH-000437","SW 1088","CNS/Brain","Diffuse Glioma","Astrocytoma","ASTR",0.00685070410983446,FALSE,"SLC2A1"
"ACH-000438","Lu-65","Lung","Non-Small Cell Lung Cancer","Giant Cell Carcinoma of the Lung","GCLC",-0.482505691825724,FALSE,"SLC2A1"
"ACH-000439","ME-1","Myeloid","Acute Myeloid Leukemia","Acute Myeloid Leukemia","AML",NA,FALSE,"SLC2A1"
"ACH-000440","CA46","Lymphoid","Mature B-Cell Neoplasms","Burkitt Lymphoma","BL",NA,FALSE,"SLC2A1"
"ACH-000441","SH-4","Skin","Melanoma","Melanoma","MEL",-0.000190154034032164,FALSE,"SLC2A1"
"ACH-000442","RERF-LC-Sq1","Lung","Non-Small Cell Lung Cancer","Lung Squamous Cell Carcinoma","LUSC",-0.520056110165672,FALSE,"SLC2A1"
"ACH-000443","OVKATE","Ovary/Fallopian Tube","Ovarian Epithelial Tumor","High-Grade Serous Ovarian Cancer","HGSOC",NA,FALSE,"SLC2A1"
"ACH-000444","LU99","Lung","Non-Small Cell Lung Cancer","Giant Cell Carcinoma of the Lung","GCLC",-0.383491636835338,FALSE,"SLC2A1"
"ACH-000445","KNS-60","CNS/Brain","Diffuse Glioma","Glioblastoma","GB",-0.0632060012606381,FALSE,"SLC2A1"
"ACH-000446","KP-N-SI9s","Peripheral Nervous System","Neuroblastoma","Neuroblastoma","NBL",-0.299323117821359,FALSE,"SLC2A1"
"ACH-000447","NCI-H2228","Lung","Non-Small Cell Lung Cancer","Lung Adenocarcinoma","LUAD",NA,FALSE,"SLC2A1"
"ACH-000448","NCI-H1666","Lung","Non-Small Cell Lung Cancer","Lung Adenocarcinoma","LUAD",-0.442446418415464,FALSE,"SLC2A1"
"ACH-000449","MES-SA","Uterus","Uterine Sarcoma/Mesenchymal","Uterine Sarcoma/Mesenchymal","USARC",NA,FALSE,"SLC2A1"
"ACH-000450","MEL-HO","Skin","Melanoma","Melanoma","MEL",0.150953455606686,FALSE,"SLC2A1"
"ACH-000451","NCI-H2085","Lung","Non-Small Cell Lung Cancer","Lung Adenocarcinoma","LUAD",NA,FALSE,"SLC2A1"
"ACH-000452","TE-8","Esophagus/Stomach","Esophageal Squamous Cell Carcinoma","Esophageal Squamous Cell Carcinoma","ESCC",-0.355588450553336,FALSE,"SLC2A1"
"ACH-000453","MOLP-2","Lymphoid","Mature B-Cell Neoplasms","Plasma Cell Myeloma","PCM",NA,FALSE,"SLC2A1"
"ACH-000454","HCC-95","Lung","Non-Small Cell Lung Cancer","Lung Squamous Cell Carcinoma","LUSC",-0.284183197912805,FALSE,"SLC2A1"
"ACH-000455","LN-428","CNS/Brain","Diffuse Glioma","Glioblastoma","GB",-0.346274930452757,FALSE,"SLC2A1"
"ACH-000456","B-CPAP","Thyroid","Poorly Differentiated Thyroid Cancer","Poorly Differentiated Thyroid Cancer","THPD",-0.425956495252469,FALSE,"SLC2A1"
"ACH-000457","CAL-54","Kidney","Renal Cell Carcinoma","Renal Cell Carcinoma","RCC",NA,FALSE,"SLC2A1"
"ACH-000458","CJM","Skin","Melanoma","Melanoma","MEL",-0.847075343963211,FALSE,"SLC2A1"
"ACH-000459","TUHR10TKB","Kidney","Renal Cell Carcinoma","Renal Clear Cell Carcinoma","CCRCC",0.0874170217070351,FALSE,"SLC2A1"
"ACH-000460","SNU-8","Ovary/Fallopian Tube","Ovarian Epithelial Tumor","Serous Ovarian Cancer","SOC",-0.86443140072135,FALSE,"SLC2A1"
"ACH-000461","SNU-1196","Biliary Tract","Intraductal Papillary Neoplasm of the Bile Duct","Extrahepatic Cholangiocarcinoma","EHCH",-0.518062237826957,FALSE,"SLC2A1"
"ACH-000462","NALM-1","Myeloid","Myeloproliferative Neoplasms","Chronic Myeloid Leukemia, BCR-ABL1+","CMLBCRABL1",NA,FALSE,"SLC2A1"
"ACH-000463","NCI-H460","Lung","Non-Small Cell Lung Cancer","Large Cell Lung Carcinoma","LCLC",0.0660789473112311,FALSE,"SLC2A1"
"ACH-000464","CAS-1","CNS/Brain","Diffuse Glioma","Glioblastoma","GB",-0.22822236147725,FALSE,"SLC2A1"
"ACH-000465","SK-MEL-1","Skin","Melanoma","Melanoma","MEL",NA,FALSE,"SLC2A1"
"ACH-000466","SNU-216","Esophagus/Stomach","Esophagogastric Adenocarcinoma","Tubular Stomach Adenocarcinoma","TSTAD",-0.472136559073925,FALSE,"SLC2A1"
"ACH-000467","HCC-56","Bowel","Colorectal Adenocarcinoma","Colon Adenocarcinoma","COAD",-0.480250182694919,FALSE,"SLC2A1"
"ACH-000468","PK-45H","Pancreas","Pancreatic Adenocarcinoma","Pancreatic Adenocarcinoma","PAAD",-0.526688160398503,FALSE,"SLC2A1"
"ACH-000469","YH-13","CNS/Brain","Diffuse Glioma","Glioblastoma","GB",0.0710832718857092,FALSE,"SLC2A1"
"ACH-000470","SW1463","Bowel","Colorectal Adenocarcinoma","Rectal Adenocarcinoma","READ",-0.0629032749264499,FALSE,"SLC2A1"
"ACH-000471","Li-7","Liver","Hepatocellular Carcinoma","Hepatocellular Carcinoma","HCC",-1.15080058804099,FALSE,"SLC2A1"
"ACH-000472","HSC-2","Head and Neck","Head and Neck Squamous Cell Carcinoma","Oral Cavity Squamous Cell Carcinoma","OCSC",-0.374560019953198,FALSE,"SLC2A1"
"ACH-000473","RT-112","Bladder/Urinary Tract","Bladder Urothelial Carcinoma","Bladder Urothelial Carcinoma","BLCA",0.0187749782794509,FALSE,"SLC2A1"
"ACH-000475","huH-1","Liver","Hepatocellular Carcinoma","Hepatocellular Carcinoma","HCC",-0.0504931597503619,FALSE,"SLC2A1"
"ACH-000476","JHH-4","Liver","Hepatocellular Carcinoma","Hepatocellular Carcinoma","HCC",-0.300187497030557,FALSE,"SLC2A1"
"ACH-000477","Malme-3M","Skin","Melanoma","Melanoma","MEL",0.12012282056044,FALSE,"SLC2A1"
"ACH-000478","SNU-387","Liver","Hepatocellular Carcinoma","Hepatocellular Carcinoma","HCC",-0.0948944755229346,FALSE,"SLC2A1"
"ACH-000479","KNS-81","CNS/Brain","Diffuse Glioma","Glioblastoma","GB",-0.129321968526597,FALSE,"SLC2A1"
"ACH-000480","HuH-7","Liver","Hepatocellular Carcinoma","Hepatocellular Carcinoma","HCC",-0.323595022265095,FALSE,"SLC2A1"
"ACH-000481","NCI-H2170","Lung","Non-Small Cell Lung Cancer","Lung Squamous Cell Carcinoma","LUSC",-0.77676197034231,FALSE,"SLC2A1"
"ACH-000482","RERF-LC-KJ","Lung","Non-Small Cell Lung Cancer","Lung Adenocarcinoma","LUAD",NA,FALSE,"SLC2A1"
"ACH-000483","SNU-182","Liver","Hepatocellular Carcinoma","Hepatocellular Carcinoma","HCC",0.014510339254971,FALSE,"SLC2A1"
"ACH-000484","VMRC-RCW","Kidney","Renal Cell Carcinoma","Renal Cell Carcinoma","RCC",-0.177192016698062,FALSE,"SLC2A1"
"ACH-000485","GSU","Esophagus/Stomach","Esophagogastric Adenocarcinoma","Stomach Adenocarcinoma","STAD",-0.586797437620834,FALSE,"SLC2A1"
"ACH-000486","KU-19-19","Bladder/Urinary Tract","Bladder Urothelial Carcinoma","Bladder Urothelial Carcinoma","BLCA",-0.138861742782244,FALSE,"SLC2A1"
"ACH-000487","F-36P","Myeloid","Myelodysplastic Syndromes","Myelodysplastic Syndromes","MDS",-0.665949017810609,FALSE,"SLC2A1"
"ACH-000488","TE-11","Esophagus/Stomach","Esophageal Squamous Cell Carcinoma","Esophageal Squamous Cell Carcinoma","ESCC",-1.04579034589639,FALSE,"SLC2A1"
"ACH-000489","SW1116","Bowel","Colorectal Adenocarcinoma","Colon Adenocarcinoma","COAD",-0.338522666096769,FALSE,"SLC2A1"
"ACH-000490","SF767","Cervix","Cervical Squamous Cell Carcinoma","Cervical Squamous Cell Carcinoma","CESC",0.0976345776400985,FALSE,"SLC2A1"
"ACH-000491","NCI-H716","Bowel","Colorectal Adenocarcinoma","Colon Adenocarcinoma","COAD",-0.700190018911634,FALSE,"SLC2A1"
"ACH-000492","MUTZ-5","Lymphoid","B-Lymphoblastic Leukemia/Lymphoma","B-Lymphoblastic Leukemia/Lymphoma, BCR-ABL1 Like","BLLBCRABL1L",NA,FALSE,"SLC2A1"
"ACH-000493","SNU-423","Liver","Hepatocellular Carcinoma","Hepatocellular Carcinoma","HCC",-0.436204986771662,FALSE,"SLC2A1"
"ACH-000494","OELE","Ovary/Fallopian Tube","Non-Cancerous","Immortalized Ovarian Cells","",NA,FALSE,"SLC2A1"
"ACH-000495","TUHR4TKB","Kidney","Renal Cell Carcinoma","Renal Cell Carcinoma","RCC",-0.303625649414022,FALSE,"SLC2A1"
"ACH-000496","NCI-H1792","Lung","Non-Small Cell Lung Cancer","Lung Adenocarcinoma","LUAD",-1.14195758567094,FALSE,"SLC2A1"
"ACH-000498","KO52","Myeloid","Acute Myeloid Leukemia","Acute Myeloid Leukemia","AML",-0.627447011601488,FALSE,"SLC2A1"
"ACH-000499","EW8","Bone","Ewing Sarcoma","Ewing Sarcoma","ES",-0.225685144890285,FALSE,"SLC2A1"
"ACH-000500","SNU-46","Head and Neck","Head and Neck Squamous Cell Carcinoma","Larynx Squamous Cell Carcinoma","LXSC",-0.498414858344784,FALSE,"SLC2A1"
"ACH-000501","LS123","Bowel","Colorectal Adenocarcinoma","Colon Adenocarcinoma","COAD",-0.2735471734983,FALSE,"SLC2A1"
"ACH-000502","TCC-PAN2","Pancreas","Pancreatic Adenocarcinoma","Pancreatic Adenocarcinoma","PAAD",-1.01963195319217,FALSE,"SLC2A1"
"ACH-000503","BICR 16","Head and Neck","Head and Neck Squamous Cell Carcinoma","Oral Cavity Squamous Cell Carcinoma","OCSC",-0.280409879821907,FALSE,"SLC2A1"
"ACH-000504","SNB75","CNS/Brain","Diffuse Glioma","Glioblastoma","GB",-0.465122702936934,FALSE,"SLC2A1"
"ACH-000505","RKN","Soft Tissue","Leiomyosarcoma","Leiomyosarcoma","LMS",-0.307479635522039,FALSE,"SLC2A1"
"ACH-000506","NCI-H146","Lung","Lung Neuroendocrine Tumor","Small Cell Lung Cancer","SCLC",NA,FALSE,"SLC2A1"
"ACH-000507","KE-39","Esophagus/Stomach","Esophagogastric Adenocarcinoma","Stomach Adenocarcinoma","STAD",-0.890992507737565,FALSE,"SLC2A1"
"ACH-000508","COR-L88","Lung","Lung Neuroendocrine Tumor","Small Cell Lung Cancer","SCLC",NA,FALSE,"SLC2A1"
"ACH-000509","HuT 78","Lymphoid","Mature T and NK Neoplasms","Sezary Syndrome","SS",NA,FALSE,"SLC2A1"
"ACH-000510","NCI-H1299","Lung","Non-Small Cell Lung Cancer","Large Cell Lung Carcinoma","LCLC",-0.0853428261241403,FALSE,"SLC2A1"
"ACH-000511","Calu-1","Lung","Non-Small Cell Lung Cancer","Lung Squamous Cell Carcinoma","LUSC",-0.693353027535752,FALSE,"SLC2A1"
"ACH-000512","INA6","Lymphoid","Mature B-Cell Neoplasms","Plasma Cell Myeloma","PCM",-0.00988378536779039,FALSE,"SLC2A1"
"ACH-000513","SNU-1272","Kidney","Renal Cell Carcinoma","Renal Clear Cell Carcinoma","CCRCC",NA,FALSE,"SLC2A1"
"ACH-000514","NCI-H1092","Lung","Lung Neuroendocrine Tumor","Small Cell Lung Cancer","SCLC",-0.944005460878873,FALSE,"SLC2A1"
"ACH-000515","HCC-33","Lung","Lung Neuroendocrine Tumor","Small Cell Lung Cancer","SCLC",-0.670683721831239,FALSE,"SLC2A1"
"ACH-000516","CAL-78","Bone","Chondrosarcoma","Dedifferentiated Chondrosarcoma","DDCHS",0.0821843272812225,FALSE,"SLC2A1"
"ACH-000517","SNU-410","Pancreas","Pancreatic Adenocarcinoma","Pancreatic Adenocarcinoma","PAAD",-0.731947976427097,FALSE,"SLC2A1"
"ACH-000518","CAL-33","Head and Neck","Head and Neck Squamous Cell Carcinoma","Oral Cavity Squamous Cell Carcinoma","OCSC",-0.483151750759536,FALSE,"SLC2A1"
"ACH-000519","PEER","Lymphoid","T-Lymphoblastic Leukemia/Lymphoma","T-Lymphoblastic Leukemia/Lymphoma","TLL",-0.502445980110477,FALSE,"SLC2A1"
"ACH-000520","59M","Ovary/Fallopian Tube","Ovarian Epithelial Tumor","High-Grade Serous Ovarian Cancer","HGSOC",-0.0722515388588029,FALSE,"SLC2A1"
"ACH-000521","NCI-H2030","Lung","Non-Small Cell Lung Cancer","Lung Adenocarcinoma","LUAD",-0.255807708128852,FALSE,"SLC2A1"
"ACH-000522","UM-UC-3","Bladder/Urinary Tract","Bladder Urothelial Carcinoma","Bladder Urothelial Carcinoma","BLCA",-1.73684493660892,FALSE,"SLC2A1"
"ACH-000523","NCI-H1184","Lung","Lung Neuroendocrine Tumor","Small Cell Lung Cancer","SCLC",NA,FALSE,"SLC2A1"
"ACH-000524","KURAMOCHI","Ovary/Fallopian Tube","Ovarian Epithelial Tumor","High-Grade Serous Ovarian Cancer","HGSOC",-0.329258110517231,FALSE,"SLC2A1"
"ACH-000525","NCI-H2171","Lung","Lung Neuroendocrine Tumor","Small Cell Lung Cancer","SCLC",-0.0509811269875108,FALSE,"SLC2A1"
"ACH-000526","Hs 821.T","Fibroblast","Non-Cancerous","Fibroblast, Bone","",NA,FALSE,"SLC2A1"
"ACH-000527","OVISE","Ovary/Fallopian Tube","Ovarian Epithelial Tumor","Clear Cell Ovarian Cancer","CCOV",-0.306815267373373,FALSE,"SLC2A1"
"ACH-000528","ABC-1","Lung","Non-Small Cell Lung Cancer","Lung Adenocarcinoma","LUAD",0.0318575454408179,FALSE,"SLC2A1"
"ACH-000529","T1-73","Fibroblast","Non-Cancerous","Fibroblast, Bone","",NA,FALSE,"SLC2A1"
"ACH-000530","DMS 114","Lung","SMARCA4-deficient undifferentiated tumor","SMARCA4-deficient undifferentiated tumor","",NA,FALSE,"SLC2A1"
"ACH-000531","RS-5","Fibroblast","Non-Cancerous","Fibroblast, Lung","",NA,FALSE,"SLC2A1"
"ACH-000532","SNU-61","Bowel","Colorectal Adenocarcinoma","Rectal Adenocarcinoma","READ",-0.750365068676152,FALSE,"SLC2A1"
"ACH-000533","NCI-H2004 RT","Kidney","Rhabdoid Cancer","Rhabdoid Cancer","MRT",-0.178157318679489,FALSE,"SLC2A1"
"ACH-000534","WSU-DLCL2","Lymphoid","Mature B-Cell Neoplasms","Diffuse Large B-Cell Lymphoma, NOS","DLBCLNOS",NA,FALSE,"SLC2A1"
"ACH-000535","BxPC-3","Pancreas","Pancreatic Adenocarcinoma","Pancreatic Adenocarcinoma","PAAD",-0.130247486862877,FALSE,"SLC2A1"
"ACH-000536","BT-20","Breast","Invasive Breast Carcinoma","Breast Invasive Ductal Carcinoma","IDC",NA,FALSE,"SLC2A1"
"ACH-000537","SNU-761","Liver","Hepatocellular Carcinoma","Hepatocellular Carcinoma","HCC",-0.609107639131426,FALSE,"SLC2A1"
"ACH-000538","HUTU80","Bowel","Small Bowel Cancer","Duodenal Adenocarcinoma","DA",NA,FALSE,"SLC2A1"
"ACH-000539","Hs 618.T","Fibroblast","Non-Cancerous","Fibroblast, Lung","",NA,FALSE,"SLC2A1"
"ACH-000540","Hs 606.T","Fibroblast","Non-Cancerous","Fibroblast, Breast","",NA,FALSE,"SLC2A1"
"ACH-000541","KMS-34","Lymphoid","Mature B-Cell Neoplasms","Plasma Cell Myeloma","PCM",-1.00200810488981,FALSE,"SLC2A1"
"ACH-000542","Hey-A8","Ovary/Fallopian Tube","Ovarian Epithelial Tumor","High-Grade Serous Ovarian Cancer","HGSOC",-0.525899870193704,FALSE,"SLC2A1"
"ACH-000543","SNU-489","CNS/Brain","Diffuse Glioma","Glioblastoma","GB",NA,FALSE,"SLC2A1"
"ACH-000544","OE21","Esophagus/Stomach","Esophageal Squamous Cell Carcinoma","Esophageal Squamous Cell Carcinoma","ESCC",-0.803214106376442,FALSE,"SLC2A1"
"ACH-000545","VM-CUB1","Bladder/Urinary Tract","Bladder Urothelial Carcinoma","Bladder Urothelial Carcinoma","BLCA",-0.436781781334345,FALSE,"SLC2A1"
"ACH-000546","HSC-4","Head and Neck","Head and Neck Squamous Cell Carcinoma","Oral Cavity Squamous Cell Carcinoma","OCSC",-0.637155446250394,FALSE,"SLC2A1"
"ACH-000547","HT-1197","Bladder/Urinary Tract","Bladder Urothelial Carcinoma","Bladder Urothelial Carcinoma","BLCA",0.0379595281813006,FALSE,"SLC2A1"
"ACH-000548","BHY","Head and Neck","Head and Neck Squamous Cell Carcinoma","Oral Cavity Squamous Cell Carcinoma","OCSC",-0.538462033718085,FALSE,"SLC2A1"
"ACH-000549","SNU-1076","Head and Neck","Head and Neck Squamous Cell Carcinoma","Larynx Squamous Cell Carcinoma","LXSC",-0.202498922544308,FALSE,"SLC2A1"
"ACH-000550","IGR-39","Skin","Melanoma","Melanoma","MEL",0.161305176447626,FALSE,"SLC2A1"
"ACH-000551","K-562","Myeloid","Myeloproliferative Neoplasms","Chronic Myeloid Leukemia, BCR-ABL1+","CMLBCRABL1",-0.407454551676497,FALSE,"SLC2A1"
"ACH-000552","HT-29","Bowel","Colorectal Adenocarcinoma","Colon Adenocarcinoma","COAD",-0.722943605723394,FALSE,"SLC2A1"
"ACH-000553","Sq-1","Lung","Non-Small Cell Lung Cancer","Lung Squamous Cell Carcinoma","LUSC",NA,FALSE,"SLC2A1"
"ACH-000554","UACC-893","Breast","Invasive Breast Carcinoma","Breast Invasive Lobular Carcinoma","ILC",-0.397713989722724,FALSE,"SLC2A1"
"ACH-000555","A-498","Kidney","Renal Cell Carcinoma","Renal Cell Carcinoma","RCC",NA,FALSE,"SLC2A1"
"ACH-000556","SIHA","Cervix","Cervical Squamous Cell Carcinoma","Cervical Squamous Cell Carcinoma","CESC",-0.588623754023221,FALSE,"SLC2A1"
"ACH-000557","AML-193","Myeloid","Acute Myeloid Leukemia","Acute Myeloid Leukemia","AML",-0.0159438701848005,FALSE,"SLC2A1"
"ACH-000558","A-172","CNS/Brain","Diffuse Glioma","Glioblastoma","GB",-0.226709759353471,FALSE,"SLC2A1"
"ACH-000559","NCI-H1836","Lung","Lung Neuroendocrine Tumor","Small Cell Lung Cancer","SCLC",-0.573811746756879,FALSE,"SLC2A1"
"ACH-000560","ECC10","Esophagus/Stomach","Esophagogastric Adenocarcinoma","Small Cell Carcinoma of the Stomach","STSC",NA,FALSE,"SLC2A1"
"ACH-000561","T.T","Esophagus/Stomach","Esophageal Squamous Cell Carcinoma","Esophageal Squamous Cell Carcinoma","ESCC",-0.725381338219248,FALSE,"SLC2A1"
"ACH-000562","HCC-78","Lung","Non-Small Cell Lung Cancer","Lung Adenocarcinoma","LUAD",-0.721324800623169,FALSE,"SLC2A1"
"ACH-000563","EBC-1","Lung","Non-Small Cell Lung Cancer","Lung Squamous Cell Carcinoma","LUSC",-0.863983658946495,FALSE,"SLC2A1"
"ACH-000564","KHM-1B","Lymphoid","Mature B-Cell Neoplasms","Plasma Cell Myeloma","PCM",NA,FALSE,"SLC2A1"
"ACH-000565","RCM-1","Bowel","Colorectal Adenocarcinoma","Rectal Adenocarcinoma","READ",-0.381123503884948,FALSE,"SLC2A1"
"ACH-000566","SW-1710","Bladder/Urinary Tract","Bladder Urothelial Carcinoma","Bladder Urothelial Carcinoma","BLCA",NA,FALSE,"SLC2A1"
"ACH-000567","ST486","Lymphoid","Mature B-Cell Neoplasms","Burkitt Lymphoma","BL",-0.89040302671776,FALSE,"SLC2A1"
"ACH-000568","UACC-812","Breast","Invasive Breast Carcinoma","Breast Invasive Lobular Carcinoma","ILC",NA,FALSE,"SLC2A1"
"ACH-000569","IST-MES1","Pleura","Pleural Mesothelioma","Pleural Mesothelioma, Epithelioid Type","PLEMESO",-0.45689927729931,FALSE,"SLC2A1"
"ACH-000570","YKG1","CNS/Brain","Diffuse Glioma","Glioblastoma","GB",0.0179418455059753,FALSE,"SLC2A1"
"ACH-000571","T98G","CNS/Brain","Diffuse Glioma","Glioblastoma","GB",-0.37077701064654,FALSE,"SLC2A1"
"ACH-000572","G-361","Skin","Melanoma","Melanoma","MEL",NA,FALSE,"SLC2A1"
"ACH-000573","MDA-MB-436","Breast","Invasive Breast Carcinoma","Breast Invasive Carcinoma, NOS","BRCNOS",-0.234938998290485,FALSE,"SLC2A1"
"ACH-000574","FU-OV-1","Ovary/Fallopian Tube","Ovarian Epithelial Tumor","High-Grade Serous Ovarian Cancer","HGSOC",NA,FALSE,"SLC2A1"
"ACH-000575","HCC-364","Lung","Non-Small Cell Lung Cancer","Lung Adenocarcinoma","LUAD",NA,FALSE,"SLC2A1"
"ACH-000576","KMS-27","Lymphoid","Mature B-Cell Neoplasms","Plasma Cell Myeloma","PCM",-0.665353374300972,FALSE,"SLC2A1"
"ACH-000577","JHH-2","Liver","Hepatocellular Carcinoma","Hepatocellular Carcinoma","HCC",-0.641198405980548,FALSE,"SLC2A1"
"ACH-000578","HCC-1171","Lung","Non-Small Cell Lung Cancer","Lung Adenocarcinoma","LUAD",NA,FALSE,"SLC2A1"
"ACH-000579","UACC-257","Skin","Melanoma","Melanoma","MEL",0.0655410565878304,FALSE,"SLC2A1"
"ACH-000580","C32","Skin","Melanoma","Melanoma","MEL",-0.0321179911401152,FALSE,"SLC2A1"
"ACH-000581","SNU-16","Esophagus/Stomach","Esophagogastric Adenocarcinoma","Stomach Adenocarcinoma","STAD",-1.14701388985401,FALSE,"SLC2A1"
"ACH-000582","COLO 741","Skin","Melanoma","Melanoma","MEL",NA,FALSE,"SLC2A1"
"ACH-000583","MC116","Lymphoid","Non-Hodgkin Lymphoma","Mature B-Cell Neoplasms","MBN",-0.542293410360299,FALSE,"SLC2A1"
"ACH-000584","JHOS-4","Ovary/Fallopian Tube","Ovarian Epithelial Tumor","High-Grade Serous Ovarian Cancer","HGSOC",-0.497761761210761,FALSE,"SLC2A1"
"ACH-000585","EPLC-272H","Lung","Non-Small Cell Lung Cancer","Lung Squamous Cell Carcinoma","LUSC",-0.320251608279436,FALSE,"SLC2A1"
"ACH-000586","NCI-H1876","Lung","Lung Neuroendocrine Tumor","Small Cell Lung Cancer","SCLC",NA,FALSE,"SLC2A1"
"ACH-000587","NCI-H1975","Lung","Non-Small Cell Lung Cancer","Lung Adenocarcinoma","LUAD",-0.240589240806508,FALSE,"SLC2A1"
"ACH-000588","KMS-26","Lymphoid","Mature B-Cell Neoplasms","Plasma Cell Myeloma","PCM",-0.729063971112849,FALSE,"SLC2A1"
"ACH-000589","NCI-H1437","Lung","Non-Small Cell Lung Cancer","Lung Adenocarcinoma","LUAD",-0.793758163105652,FALSE,"SLC2A1"
"ACH-000590","NCI-H2073","Lung","Non-Small Cell Lung Cancer","Lung Adenocarcinoma","LUAD",NA,FALSE,"SLC2A1"
"ACH-000591","LN-235","CNS/Brain","Diffuse Glioma","Astrocytoma","ASTR",-0.149158034741679,FALSE,"SLC2A1"
"ACH-000592","TM-31","CNS/Brain","Diffuse Glioma","Astrocytoma","ASTR",-0.419448872526116,FALSE,"SLC2A1"
"ACH-000593","BC-3C","Bladder/Urinary Tract","Bladder Urothelial Carcinoma","Bladder Urothelial Carcinoma","BLCA",-0.780585283875831,FALSE,"SLC2A1"
"ACH-000594","DMS 153","Lung","Lung Neuroendocrine Tumor","Small Cell Lung Cancer","SCLC",NA,FALSE,"SLC2A1"
"ACH-000595","LN-229","CNS/Brain","Diffuse Glioma","Glioblastoma","GB",-0.338894799909171,FALSE,"SLC2A1"
"ACH-000596","LCLC-97TM1","Lung","Non-Small Cell Lung Cancer","Large Cell Lung Carcinoma","LCLC",-0.108648640906582,FALSE,"SLC2A1"
"ACH-000597","TTC-709","Soft Tissue","Rhabdoid Cancer","Extrarenal Rhabdoid Cancer","",0.104406967467506,FALSE,"SLC2A1"
"ACH-000598","KMS-21BM","Lymphoid","Mature B-Cell Neoplasms","Plasma Cell Myeloma","PCM",NA,FALSE,"SLC2A1"
"ACH-000599","PA-TU-8902","Pancreas","Pancreatic Adenocarcinoma","Pancreatic Adenocarcinoma","PAAD",-0.481393973384491,FALSE,"SLC2A1"
"ACH-000600","SLR 26","Kidney","Renal Cell Carcinoma","Renal Clear Cell Carcinoma","CCRCC",NA,FALSE,"SLC2A1"
"ACH-000601","MIA PaCa-2","Pancreas","Pancreatic Adenocarcinoma","Pancreatic Adenocarcinoma","PAAD",-0.972595955986078,FALSE,"SLC2A1"
"ACH-000602","M-07e","Myeloid","Acute Myeloid Leukemia","Acute Megakaryoblastic Leukemia","AMKL",-0.39919205680693,FALSE,"SLC2A1"
"ACH-000603","BEN","Lung","Non-Small Cell Lung Cancer","Non-Small Cell Lung Cancer","NSCLC",NA,FALSE,"SLC2A1"
"ACH-000604","KYO-1","Myeloid","Myeloproliferative Neoplasms","Chronic Myeloid Leukemia, BCR-ABL1+","CMLBCRABL1",-0.701555593322029,FALSE,"SLC2A1"
"ACH-000605","TE-6","Esophagus/Stomach","Esophageal Squamous Cell Carcinoma","Esophageal Squamous Cell Carcinoma","ESCC",-0.696141883636245,FALSE,"SLC2A1"
"ACH-000606","PE/CA-PJ34 (clone C12)","Head and Neck","Head and Neck Squamous Cell Carcinoma","Oral Cavity Squamous Cell Carcinoma","OCSC",-0.377799051058364,FALSE,"SLC2A1"
"ACH-000607","KYM-1","Soft Tissue","Rhabdomyosarcoma","Embryonal Rhabdomyosarcoma","ERMS",-0.0160391875959455,FALSE,"SLC2A1"
"ACH-000608","COV644","Ovary/Fallopian Tube","Ovarian Epithelial Tumor","Mucinous Ovarian Cancer","MOV",-0.0571627932918967,FALSE,"SLC2A1"
"ACH-000609","SF126","CNS/Brain","Diffuse Glioma","Glioblastoma","GB",-0.171424737497723,FALSE,"SLC2A1"
"ACH-000610","NCI-H2227","Lung","Lung Neuroendocrine Tumor","Small Cell Lung Cancer","SCLC",NA,FALSE,"SLC2A1"
"ACH-000611","SU-DHL-6","Lymphoid","Mature B-Cell Neoplasms","Diffuse Large B-Cell Lymphoma, NOS","DLBCLNOS",NA,FALSE,"SLC2A1"
"ACH-000612","HuT 102","Lymphoid","Mature T and NK Neoplasms","Mycosis Fungoides","MYCF",NA,FALSE,"SLC2A1"
"ACH-000613","HOS","Bone","Osteosarcoma","Osteosarcoma","OS",NA,FALSE,"SLC2A1"
"ACH-000614","RVH-421","Skin","Melanoma","Melanoma","MEL",-0.102052150479128,FALSE,"SLC2A1"
"ACH-000615","SK-MEL-28","Skin","Melanoma","Cutaneous Melanoma","SKCM",NA,FALSE,"SLC2A1"
"ACH-000616","Hs 746T","Esophagus/Stomach","Esophagogastric Adenocarcinoma","Stomach Adenocarcinoma","STAD",-0.195325149321006,FALSE,"SLC2A1"
"ACH-000617","OVCAR-4","Ovary/Fallopian Tube","Ovarian Epithelial Tumor","High-Grade Serous Ovarian Cancer","HGSOC",NA,FALSE,"SLC2A1"
"ACH-000618","SNU-1041","Head and Neck","Head and Neck Squamous Cell Carcinoma","Hypopharynx Squamous Cell Carcinoma","HPHSC",-1.04604862259015,FALSE,"SLC2A1"
"ACH-000619","PE/CA-PJ15","Head and Neck","Head and Neck Squamous Cell Carcinoma","Oral Cavity Squamous Cell Carcinoma","OCSC",-0.506815164593063,FALSE,"SLC2A1"
"ACH-000620","JHH-1","Liver","Hepatocellular Carcinoma","Hepatocellular Carcinoma","HCC",-0.676352374146203,FALSE,"SLC2A1"
"ACH-000621","MDA-MB-157","Breast","Invasive Breast Carcinoma","Breast Invasive Ductal Carcinoma","IDC",-0.401523635085146,FALSE,"SLC2A1"
"ACH-000622","KNS-42","CNS/Brain","Diffuse Glioma","Glioblastoma","GB",-0.233277361123325,FALSE,"SLC2A1"
"ACH-000623","SNU-201","CNS/Brain","Diffuse Glioma","Glioblastoma","GB",0.0110419109542609,FALSE,"SLC2A1"
"ACH-000624","HCC1806","Breast","Breast Ductal Carcinoma In Situ","Breast Ductal Carcinoma In Situ","DCIS",-0.388886812946715,FALSE,"SLC2A1"
"ACH-000625","Hep 3B2.1-7","Liver","Hepatocellular Carcinoma","Hepatocellular Carcinoma","HCC",NA,FALSE,"SLC2A1"
"ACH-000626","U266B1","Lymphoid","Mature B-Cell Neoplasms","Plasma Cell Myeloma","PCM",NA,FALSE,"SLC2A1"
"ACH-000627","LCLC-103H","Lung","Non-Small Cell Lung Cancer","Large Cell Lung Carcinoma","LCLC",-0.22046071264946,FALSE,"SLC2A1"
"ACH-000628","NCI-H596","Lung","Non-Small Cell Lung Cancer","Lung Adenosquamous Carcinoma","LUAS",NA,FALSE,"SLC2A1"
"ACH-000629","IOMM-Lee","CNS/Brain","Meningothelial Tumor","Meningioma","MNG",NA,FALSE,"SLC2A1"
"ACH-000630","YD-8","Head and Neck","Head and Neck Squamous Cell Carcinoma","Oral Cavity Squamous Cell Carcinoma","OCSC",-1.03833726307324,FALSE,"SLC2A1"
"ACH-000631","KS-1","CNS/Brain","Diffuse Glioma","Glioblastoma","GB",-0.439429068339709,FALSE,"SLC2A1"
"ACH-000632","Hs 944.T","Skin","Melanoma","Cutaneous Melanoma","SKCM",-0.550004231754486,FALSE,"SLC2A1"
"ACH-000633","FU97","Esophagus/Stomach","Esophagogastric Adenocarcinoma","Diffuse Type Stomach Adenocarcinoma","DSTAD",-0.178235940651032,FALSE,"SLC2A1"
"ACH-000634","LN-340","CNS/Brain","Diffuse Glioma","Glioblastoma","GB",-0.277636093348549,FALSE,"SLC2A1"
"ACH-000635","SNU-119","Ovary/Fallopian Tube","Ovarian Epithelial Tumor","High-Grade Serous Ovarian Cancer","HGSOC",NA,FALSE,"SLC2A1"
"ACH-000636","RPMI-8402","Lymphoid","T-Lymphoblastic Leukemia/Lymphoma","T-Lymphoblastic Leukemia/Lymphoma","TLL",NA,FALSE,"SLC2A1"
"ACH-000637","KYSE-520","Esophagus/Stomach","Esophageal Squamous Cell Carcinoma","Esophageal Squamous Cell Carcinoma","ESCC",-1.087906188188,FALSE,"SLC2A1"
"ACH-000638","NCI-H441","Lung","Non-Small Cell Lung Cancer","Lung Adenocarcinoma","LUAD",-1.36257161137276,FALSE,"SLC2A1"
"ACH-000639","NCI-H211","Lung","Lung Neuroendocrine Tumor","Small Cell Lung Cancer","SCLC",-1.10705930995503,FALSE,"SLC2A1"
"ACH-000640","SK-MEL-31","Skin","Melanoma","Cutaneous Melanoma","SKCM",NA,FALSE,"SLC2A1"
"ACH-000641","CMK","Myeloid","Acute Myeloid Leukemia","Myeloid Leukemia Associated with Down Syndrome","MLADS",NA,FALSE,"SLC2A1"
"ACH-000642","HMEL","Breast","Non-Cancerous","Immortalized Breast Cells","",NA,FALSE,"SLC2A1"
"ACH-000643","HDQ-P1","Breast","Invasive Breast Carcinoma","Breast Invasive Ductal Carcinoma","IDC",NA,FALSE,"SLC2A1"
"ACH-000644","COLO 829","Skin","Melanoma","Cutaneous Melanoma","SKCM",NA,FALSE,"SLC2A1"
"ACH-000645","JL-1","Pleura","Pleural Mesothelioma","Pleural Mesothelioma, Epithelioid Type","PLEMESO",-0.465430428782992,FALSE,"SLC2A1"
"ACH-000646","OVMANA","Ovary/Fallopian Tube","Ovarian Epithelial Tumor","Clear Cell Ovarian Cancer","CCOV",-1.05847904650694,FALSE,"SLC2A1"
"ACH-000647","TE-1","Esophagus/Stomach","Esophageal Squamous Cell Carcinoma","Esophageal Squamous Cell Carcinoma","ESCC",-0.0896523204073812,FALSE,"SLC2A1"
"ACH-000648","NCI-H28","Pleura","Pleural Mesothelioma","Pleural Mesothelioma, Epithelioid Type","PLEMESO",-0.853701034090852,FALSE,"SLC2A1"
"ACH-000649","786-O","Kidney","Renal Cell Carcinoma","Renal Clear Cell Carcinoma","CCRCC",-0.58367018986315,FALSE,"SLC2A1"
"ACH-000650","IGR-37","Skin","Melanoma","Melanoma","MEL",NA,FALSE,"SLC2A1"
"ACH-000651","SW 620","Bowel","Colorectal Adenocarcinoma","Colon Adenocarcinoma","COAD",-0.089202910187436,FALSE,"SLC2A1"
"ACH-000652","SUIT-2","Pancreas","Pancreatic Adenocarcinoma","Pancreatic Adenocarcinoma","PAAD",-0.598891297119231,FALSE,"SLC2A1"
"ACH-000653","JJN-3","Lymphoid","Mature B-Cell Neoplasms","Plasma Cell Myeloma","PCM",-1.03853091059478,FALSE,"SLC2A1"
"ACH-000654","Raji","Lymphoid","Mature B-Cell Neoplasms","Burkitt Lymphoma","BL",-0.202425639154755,FALSE,"SLC2A1"
"ACH-000655","SF268","CNS/Brain","Diffuse Glioma","Astrocytoma","ASTR",-0.0521389498659622,FALSE,"SLC2A1"
"ACH-000656","SU-DHL-8","Lymphoid","Mature B-Cell Neoplasms","Diffuse Large B-Cell Lymphoma, NOS","DLBCLNOS",-0.427238884121533,FALSE,"SLC2A1"
"ACH-000657","A2780","Ovary/Fallopian Tube","Ovarian Epithelial Tumor","Endometrioid Ovarian Cancer","EOV",0.00472580024371583,FALSE,"SLC2A1"
"ACH-000658","KMS-18","Lymphoid","Mature B-Cell Neoplasms","Plasma Cell Myeloma","PCM",NA,FALSE,"SLC2A1"
"ACH-000659","SCLC-21H","Lung","Lung Neuroendocrine Tumor","Small Cell Lung Cancer","SCLC",NA,FALSE,"SLC2A1"
"ACH-000660","SU-DHL-5","Lymphoid","Mature B-Cell Neoplasms","Diffuse Large B-Cell Lymphoma, NOS","DLBCLNOS",-0.140670495351486,FALSE,"SLC2A1"
"ACH-000661","WM1799","Skin","Melanoma","Melanoma","MEL",0.127444673414233,FALSE,"SLC2A1"
"ACH-000662","COR-L23","Lung","Non-Small Cell Lung Cancer","Large Cell Lung Carcinoma","LCLC",-0.843601574131217,FALSE,"SLC2A1"
"ACH-000663","OVTOKO","Ovary/Fallopian Tube","Ovarian Epithelial Tumor","Clear Cell Ovarian Cancer","CCOV",-0.69230226702924,FALSE,"SLC2A1"
"ACH-000664","SU-DHL-1","Lymphoid","Mature T and NK Neoplasms","Anaplastic Large-Cell Lymphoma ALK Positive","ALCLALKP",0.1563503283307,FALSE,"SLC2A1"
"ACH-000665","SK-MES-1","Lung","Non-Small Cell Lung Cancer","Lung Squamous Cell Carcinoma","LUSC",-0.389452060353018,FALSE,"SLC2A1"
"ACH-000666","NCI-H1355","Lung","Non-Small Cell Lung Cancer","Lung Adenocarcinoma","LUAD",-0.170331565239234,FALSE,"SLC2A1"
"ACH-000667","HCC-44","Lung","Non-Small Cell Lung Cancer","Lung Adenocarcinoma","LUAD",-0.456301278931859,FALSE,"SLC2A1"
"ACH-000668","HCC70","Breast","Invasive Breast Carcinoma","Breast Invasive Ductal Carcinoma","IDC",-0.375222797297061,FALSE,"SLC2A1"
"ACH-000669","SW 900","Lung","Non-Small Cell Lung Cancer","Lung Squamous Cell Carcinoma","LUSC",NA,FALSE,"SLC2A1"
"ACH-000670","SBC-5","Lung","Lung Neuroendocrine Tumor","Small Cell Lung Cancer","SCLC",NA,FALSE,"SLC2A1"
"ACH-000671","HuH-6","Liver","Hepatoblastoma","Hepatoblastoma","LIHB",-0.854882921502425,FALSE,"SLC2A1"
"ACH-000672","IA-LM","Lung","Non-Small Cell Lung Cancer","Large Cell Lung Carcinoma","LCLC",-0.534752690269771,FALSE,"SLC2A1"
"ACH-000673","LN-443","CNS/Brain","Diffuse Glioma","Glioblastoma","GB",-0.0976027803905437,FALSE,"SLC2A1"
"ACH-000674","NUGC-4","Esophagus/Stomach","Esophagogastric Adenocarcinoma","Diffuse Type Stomach Adenocarcinoma","DSTAD",NA,FALSE,"SLC2A1"
"ACH-000675","NCI-H1734","Lung","Non-Small Cell Lung Cancer","Lung Adenocarcinoma","LUAD",NA,FALSE,"SLC2A1"
"ACH-000676","LN-464","CNS/Brain","Diffuse Glioma","Glioblastoma","GB",-0.0728055301460275,FALSE,"SLC2A1"
"ACH-000677","SW 1573","Lung","Non-Small Cell Lung Cancer","Lung Adenocarcinoma","LUAD",-0.0890424690142813,FALSE,"SLC2A1"
"ACH-000678","MKN7","Esophagus/Stomach","Esophagogastric Adenocarcinoma","Tubular Stomach Adenocarcinoma","TSTAD",NA,FALSE,"SLC2A1"
"ACH-000679","OE-19","Esophagus/Stomach","Esophageal Squamous Cell Carcinoma","Esophageal Squamous Cell Carcinoma","ESCC",NA,FALSE,"SLC2A1"
"ACH-000680","SW948","Bowel","Colorectal Adenocarcinoma","Colon Adenocarcinoma","COAD",NA,FALSE,"SLC2A1"
"ACH-000681","A549","Lung","Non-Small Cell Lung Cancer","Lung Adenocarcinoma","LUAD",-0.42684142764816,FALSE,"SLC2A1"
"ACH-000682","SNU-1066","Head and Neck","Head and Neck Squamous Cell Carcinoma","Larynx Squamous Cell Carcinoma","LXSC",-0.964317767073887,FALSE,"SLC2A1"
"ACH-000683","SNU-503","Bowel","Colorectal Adenocarcinoma","Rectal Adenocarcinoma","READ",-0.0594485014528186,FALSE,"SLC2A1"
"ACH-000684","KMRC-1","Kidney","Renal Cell Carcinoma","Renal Clear Cell Carcinoma","CCRCC",-0.531832131422291,FALSE,"SLC2A1"
"ACH-000685","L3.3","Pancreas","Adenosquamous Carcinoma of the Pancreas","Adenosquamous Carcinoma of the Pancreas","PAASC",-0.160787753019016,FALSE,"SLC2A1"
"ACH-000686","SNU-878","Liver","Hepatocellular Carcinoma","Hepatocellular Carcinoma","HCC",NA,FALSE,"SLC2A1"
"ACH-000687","CI-1","Lymphoid","Non-Hodgkin Lymphoma","Mature B-Cell Neoplasms","MBN",NA,FALSE,"SLC2A1"
"ACH-000688","OV7","Ovary/Fallopian Tube","Ovarian Epithelial Tumor","Mixed Ovarian Carcinoma","MXOV",0.0861581142848232,FALSE,"SLC2A1"
"ACH-000689","RH-18","Soft Tissue","Rhabdomyosarcoma","Embryonal Rhabdomyosarcoma","ERMS",NA,FALSE,"SLC2A1"
"ACH-000690","HCC-2814","Lung","Non-Small Cell Lung Cancer","Lung Squamous Cell Carcinoma","LUSC",NA,FALSE,"SLC2A1"
"ACH-000691","HCC2157","Breast","Invasive Breast Carcinoma","Breast Invasive Ductal Carcinoma","IDC",NA,FALSE,"SLC2A1"
"ACH-000692","SNU-899","Head and Neck","Head and Neck Squamous Cell Carcinoma","Larynx Squamous Cell Carcinoma","LXSC",NA,FALSE,"SLC2A1"
"ACH-000693","KYSE-180","Esophagus/Stomach","Esophageal Squamous Cell Carcinoma","Esophageal Squamous Cell Carcinoma","ESCC",-0.742351747372485,FALSE,"SLC2A1"
"ACH-000694","TE-9","Esophagus/Stomach","Esophageal Squamous Cell Carcinoma","Esophageal Squamous Cell Carcinoma","ESCC",-1.26245513860906,FALSE,"SLC2A1"
"ACH-000695","COR-L47","Lung","Lung Neuroendocrine Tumor","Small Cell Lung Cancer","SCLC",-1.21222130242479,FALSE,"SLC2A1"
"ACH-000696","OVCAR-8","Ovary/Fallopian Tube","Ovarian Epithelial Tumor","High-Grade Serous Ovarian Cancer","HGSOC",-0.460792317792405,FALSE,"SLC2A1"
"ACH-000697","A3/KAW","Lymphoid","Mature B-Cell Neoplasms","Diffuse Large B-Cell Lymphoma, NOS","DLBCLNOS",-0.414762248578546,FALSE,"SLC2A1"
"ACH-000698","DMS 53","Lung","Lung Neuroendocrine Tumor","Small Cell Lung Cancer","SCLC",-0.853831171034147,FALSE,"SLC2A1"
"ACH-000699","HCC1395","Breast","Invasive Breast Carcinoma","Breast Invasive Ductal Carcinoma","IDC",-0.0593433755620895,FALSE,"SLC2A1"
"ACH-000700","NCI-H2882","Lung","Non-Small Cell Lung Cancer","Lung Squamous Cell Carcinoma","LUSC",-0.537426562454316,FALSE,"SLC2A1"
"ACH-000701","RMUG-S","Ovary/Fallopian Tube","Ovarian Epithelial Tumor","Mucinous Ovarian Cancer","MOV",-0.106545367742208,FALSE,"SLC2A1"
"ACH-000702","L-1236","Lymphoid","Hodgkin Lymphoma","Hodgkin Lymphoma","HL",-0.156111292962299,FALSE,"SLC2A1"
"ACH-000703","DMS 79","Lung","Lung Neuroendocrine Tumor","Small Cell Lung Cancer","SCLC",NA,FALSE,"SLC2A1"
"ACH-000704","OAW42","Ovary/Fallopian Tube","Ovarian Epithelial Tumor","Serous Ovarian Cancer","SOC",-0.571565916931821,FALSE,"SLC2A1"
"ACH-000705","LC-1F","Lung","Non-Small Cell Lung Cancer","Lung Squamous Cell Carcinoma","LUSC",NA,FALSE,"SLC2A1"
"ACH-000706","EKVX","Lung","Non-Small Cell Lung Cancer","Lung Adenocarcinoma","LUAD",-0.154227384401006,FALSE,"SLC2A1"
"ACH-000707","P3HR-1","Lymphoid","Mature B-Cell Neoplasms","Burkitt Lymphoma","BL",NA,FALSE,"SLC2A1"
"ACH-000708","SNU-283","Bowel","Colorectal Adenocarcinoma","Rectal Adenocarcinoma","READ",NA,FALSE,"SLC2A1"
"ACH-000709","KMRC-2","Kidney","Renal Cell Carcinoma","Renal Clear Cell Carcinoma","CCRCC",-0.0206759087539307,FALSE,"SLC2A1"
"ACH-000710","NCI-H854","Bowel","Colorectal Adenocarcinoma","Colon Adenocarcinoma","COAD",NA,FALSE,"SLC2A1"
"ACH-000711","JIMT-1","Breast","Invasive Breast Carcinoma","Breast Invasive Ductal Carcinoma","IDC",-0.592643958795083,FALSE,"SLC2A1"
"ACH-000712","HCC-1833","Lung","Non-Small Cell Lung Cancer","Lung Adenocarcinoma","LUAD",NA,FALSE,"SLC2A1"
"ACH-000713","Caov-3","Ovary/Fallopian Tube","Ovarian Epithelial Tumor","High-Grade Serous Ovarian Cancer","HGSOC",-0.182941230913187,FALSE,"SLC2A1"
"ACH-000714","KMS-11","Lymphoid","Mature B-Cell Neoplasms","Plasma Cell Myeloma","PCM",-1.01849226616208,FALSE,"SLC2A1"
"ACH-000715","SNU-1214","Head and Neck","Head and Neck Squamous Cell Carcinoma","Larynx Squamous Cell Carcinoma","LXSC",NA,FALSE,"SLC2A1"
"ACH-000716","TT2609-C02","Thyroid","Well-Differentiated Thyroid Cancer","Follicular Thyroid Cancer","THFO",-1.172520176059,FALSE,"SLC2A1"
"ACH-000717","COLO-680N","Esophagus/Stomach","Esophageal Squamous Cell Carcinoma","Esophageal Squamous Cell Carcinoma","ESCC",-0.238565388852188,FALSE,"SLC2A1"
"ACH-000718","NCI-H2291","Lung","Non-Small Cell Lung Cancer","Lung Adenocarcinoma","LUAD",-0.83043513901322,FALSE,"SLC2A1"
"ACH-000719","RMG-I","Ovary/Fallopian Tube","Ovarian Epithelial Tumor","Clear Cell Ovarian Cancer","CCOV",-1.16029549789913,FALSE,"SLC2A1"
"ACH-000720","TCCSUP","Bladder/Urinary Tract","Bladder Urothelial Carcinoma","Bladder Urothelial Carcinoma","BLCA",-0.0580967086709859,FALSE,"SLC2A1"
"ACH-000721","HMC-1-8","Breast","Invasive Breast Carcinoma","Breast Invasive Ductal Carcinoma","IDC",-0.598842770734204,FALSE,"SLC2A1"
"ACH-000722","SNU-C1","Bowel","Colorectal Adenocarcinoma","Colon Adenocarcinoma","COAD",-1.00613606323765,FALSE,"SLC2A1"
"ACH-000723","YD-10B","Head and Neck","Head and Neck Squamous Cell Carcinoma","Oral Cavity Squamous Cell Carcinoma","OCSC",NA,FALSE,"SLC2A1"
"ACH-000724","HT-1376","Bladder/Urinary Tract","Bladder Urothelial Carcinoma","Bladder Urothelial Carcinoma","BLCA",-0.311481111920149,FALSE,"SLC2A1"
"ACH-000725","HCC202","Breast","Breast Ductal Carcinoma In Situ","Breast Ductal Carcinoma In Situ","DCIS",-0.855170130195794,FALSE,"SLC2A1"
"ACH-000726","TE-14","Esophagus/Stomach","Esophageal Squamous Cell Carcinoma","Esophageal Squamous Cell Carcinoma","ESCC",NA,FALSE,"SLC2A1"
"ACH-000727","NCI-H2066","Lung","Lung Neuroendocrine Tumor","Small Cell Lung Cancer","SCLC",NA,FALSE,"SLC2A1"
"ACH-000728","KASUMI-2","Lymphoid","B-Lymphoblastic Leukemia/Lymphoma","B-Lymphoblastic Leukemia/Lymphoma with t(1;19)(q23;p13.3);TCF3-PBX1","BLLTCF3PBX1",NA,FALSE,"SLC2A1"
"ACH-000729","NCI-H1963","Lung","Lung Neuroendocrine Tumor","Small Cell Lung Cancer","SCLC",NA,FALSE,"SLC2A1"
"ACH-000730","SK-MEL-5","Skin","Melanoma","Cutaneous Melanoma","SKCM",NA,FALSE,"SLC2A1"
"ACH-000731","HCC-2279","Lung","Non-Small Cell Lung Cancer","Lung Adenosquamous Carcinoma","LUAS",NA,FALSE,"SLC2A1"
"ACH-000732","PE/CA-PJ41 (clone D2)","Head and Neck","Head and Neck Squamous Cell Carcinoma","Oral Cavity Squamous Cell Carcinoma","OCSC",-0.364344871180381,FALSE,"SLC2A1"
"ACH-000733","NCI-H1838","Lung","Non-Small Cell Lung Cancer","Lung Adenocarcinoma","LUAD",NA,FALSE,"SLC2A1"
"ACH-000734","JHH-5","Liver","Hepatocellular Carcinoma","Hepatocellular Carcinoma","HCC",-0.180504091463454,FALSE,"SLC2A1"
"ACH-000735","PE/CA-PJ49","Head and Neck","Head and Neck Squamous Cell Carcinoma","Oral Cavity Squamous Cell Carcinoma","OCSC",-0.223464597215286,FALSE,"SLC2A1"
"ACH-000736","SNU-601","Esophagus/Stomach","Esophagogastric Adenocarcinoma","Signet Ring Cell Carcinoma of the Stomach","SSRCC",-0.885484264827118,FALSE,"SLC2A1"
"ACH-000737","NCI-H1385","Lung","Non-Small Cell Lung Cancer","Lung Squamous Cell Carcinoma","LUSC",NA,FALSE,"SLC2A1"
"ACH-000738","GB-1","CNS/Brain","Diffuse Glioma","Glioblastoma","GB",-0.194216954204135,FALSE,"SLC2A1"
"ACH-000739","Hep G2","Liver","Hepatoblastoma","Hepatoblastoma","LIHB",-0.656926429744156,FALSE,"SLC2A1"
"ACH-000740","A-253","Head and Neck","Head and Neck Squamous Cell Carcinoma","Oral Cavity Squamous Cell Carcinoma","OCSC",-9.75421670014742e-05,FALSE,"SLC2A1"
"ACH-000741","U-BLC1","Bladder/Urinary Tract","Bladder Urothelial Carcinoma","Bladder Urothelial Carcinoma","BLCA",-0.748548495702185,FALSE,"SLC2A1"
"ACH-000742","DM-3","Fibroblast","Non-Cancerous","Fibroblast, Lung","",NA,FALSE,"SLC2A1"
"ACH-000743","COR-L95","Lung","Lung Neuroendocrine Tumor","Small Cell Lung Cancer","SCLC",NA,FALSE,"SLC2A1"
"ACH-000744","NCI-H1623","Lung","Non-Small Cell Lung Cancer","Lung Adenocarcinoma","LUAD",NA,FALSE,"SLC2A1"
"ACH-000745","MOLP-8","Lymphoid","Mature B-Cell Neoplasms","Plasma Cell Myeloma","PCM",NA,FALSE,"SLC2A1"
"ACH-000746","GSS","Esophagus/Stomach","Esophagogastric Adenocarcinoma","Stomach Adenocarcinoma","STAD",-0.241014600635497,FALSE,"SLC2A1"
"ACH-000747","NCI-H1703","Lung","Non-Small Cell Lung Cancer","Lung Squamous Cell Carcinoma","LUSC",0.0860413983493875,FALSE,"SLC2A1"
"ACH-000748","SJSA-1","Bone","Osteosarcoma","Osteosarcoma","OS",-0.310433402118184,FALSE,"SLC2A1"
"ACH-000749","DMS 273","Lung","Lung Neuroendocrine Tumor","Small Cell Lung Cancer","SCLC",-0.362316286029142,FALSE,"SLC2A1"
"ACH-000750","LOX IMVI","Skin","Melanoma","Melanoma","MEL",NA,FALSE,"SLC2A1"
"ACH-000751","OCI-M1","Myeloid","Acute Myeloid Leukemia","Acute Myeloid Leukemia","AML",NA,FALSE,"SLC2A1"
"ACH-000752","NCI-H196","Lung","SMARCA4-deficient undifferentiated tumor","SMARCA4-deficient undifferentiated tumor","",NA,FALSE,"SLC2A1"
"ACH-000753","JMSU-1","Bladder/Urinary Tract","Bladder Urothelial Carcinoma","Bladder Urothelial Carcinoma","BLCA",-0.916996804230452,FALSE,"SLC2A1"
"ACH-000754","L-428","Lymphoid","Hodgkin Lymphoma","Hodgkin Lymphoma","HL",-0.0484292420825456,FALSE,"SLC2A1"
"ACH-000755","HCC2218","Breast","Breast Ductal Carcinoma In Situ","Breast Ductal Carcinoma In Situ","DCIS",NA,FALSE,"SLC2A1"
"ACH-000756","GI-1","CNS/Brain","Diffuse Glioma","Gliosarcoma","GSARC",-0.325862004320022,FALSE,"SLC2A1"
"ACH-000757","A427","Lung","Non-Small Cell Lung Cancer","Lung Adenocarcinoma","LUAD",-0.222260760775828,FALSE,"SLC2A1"
"ACH-000758","MKN74","Esophagus/Stomach","Esophagogastric Adenocarcinoma","Tubular Stomach Adenocarcinoma","TSTAD",-0.00143592802361248,FALSE,"SLC2A1"
"ACH-000759","MDA-MB-175-VII","Breast","Invasive Breast Carcinoma","Breast Invasive Ductal Carcinoma","IDC",NA,FALSE,"SLC2A1"
"ACH-000760","LNZ308","CNS/Brain","Diffuse Glioma","Glioblastoma","GB",-0.0249895908763424,FALSE,"SLC2A1"
"ACH-000761","NUGC-2","Esophagus/Stomach","Esophagogastric Adenocarcinoma","Stomach Adenocarcinoma","STAD",NA,FALSE,"SLC2A1"
"ACH-000762","YD-38","Head and Neck","Head and Neck Squamous Cell Carcinoma","Head and Neck Squamous Cell Carcinoma","HNSC",-0.457568980311947,FALSE,"SLC2A1"
"ACH-000763","MM1-S","Lymphoid","Mature B-Cell Neoplasms","Plasma Cell Myeloma","PCM",-0.541660637212834,FALSE,"SLC2A1"
"ACH-000764","SH-10-TC","Esophagus/Stomach","Esophagogastric Adenocarcinoma","Mucinous Stomach Adenocarcinoma","MSTAD",-0.352427468750373,FALSE,"SLC2A1"
"ACH-000765","WM983B","Skin","Melanoma","Melanoma","MEL",-0.089972663875126,FALSE,"SLC2A1"
"ACH-000766","NCI-H1648","Lung","Non-Small Cell Lung Cancer","Lung Adenocarcinoma","LUAD",-0.288361661310282,FALSE,"SLC2A1"
"ACH-000767","NCI-H526","Lung","Lung Neuroendocrine Tumor","Small Cell Lung Cancer","SCLC",-0.96702992553536,FALSE,"SLC2A1"
"ACH-000768","MDA-MB-231","Breast","Invasive Breast Carcinoma","Invasive Breast Carcinoma","BRCA",0.0458151905129625,FALSE,"SLC2A1"
"ACH-000769","LK-2","Lung","Non-Small Cell Lung Cancer","Lung Squamous Cell Carcinoma","LUSC",-1.25372110278501,FALSE,"SLC2A1"
"ACH-000770","P31/FUJ","Myeloid","Acute Myeloid Leukemia","Acute Myeloid Leukemia","AML",-0.185026980023235,FALSE,"SLC2A1"
"ACH-000771","BICR 56","Head and Neck","Head and Neck Squamous Cell Carcinoma","Oral Cavity Squamous Cell Carcinoma","OCSC",-0.176674953300364,FALSE,"SLC2A1"
"ACH-000772","TE 441.T","Soft Tissue","CIC-DUX4 Sarcoma","CIC-DUX4 Sarcoma","",NA,FALSE,"SLC2A1"
"ACH-000773","Ki-JK","Lymphoid","Mature T and NK Neoplasms","Anaplastic Large-Cell Lymphoma ALK Positive","ALCLALKP",-0.208069507896446,FALSE,"SLC2A1"
"ACH-000774","RERF-LC-Ad2","Lung","Non-Small Cell Lung Cancer","Lung Adenocarcinoma","LUAD",-1.35568103345104,FALSE,"SLC2A1"
"ACH-000775","NCI-H727","Lung","Lung Neuroendocrine Tumor","Lung Carcinoid","LUCA",-0.803540619405239,FALSE,"SLC2A1"
"ACH-000776","ONS-76","CNS/Brain","Embryonal Tumor","Medulloblastoma","MBL",-0.642013703876761,TRUE,"SLC2A1"
"ACH-000777","KYSE-30","Esophagus/Stomach","Esophageal Squamous Cell Carcinoma","Esophageal Squamous Cell Carcinoma","ESCC",-1.04638253627101,FALSE,"SLC2A1"
"ACH-000778","HSC-3","Head and Neck","Head and Neck Squamous Cell Carcinoma","Oral Cavity Squamous Cell Carcinoma","OCSC",-0.885049678747033,FALSE,"SLC2A1"
"ACH-000779","PC-9","Lung","Non-Small Cell Lung Cancer","Lung Adenocarcinoma","LUAD",NA,FALSE,"SLC2A1"
"ACH-000780","NCI-H1105","Lung","Lung Neuroendocrine Tumor","Small Cell Lung Cancer","SCLC",NA,FALSE,"SLC2A1"
"ACH-000781","NCI-H2023","Lung","Non-Small Cell Lung Cancer","Lung Adenocarcinoma","LUAD",-0.393767992196991,FALSE,"SLC2A1"
"ACH-000782","SEM","Lymphoid","B-Lymphoblastic Leukemia/Lymphoma","B-Lymphoblastic Leukemia/Lymphoma with t(v;11q23.3);KMT2A Rearranged","BLLKMT2A",-0.393131175527811,FALSE,"SLC2A1"
"ACH-000783","CAMA-1","Breast","Invasive Breast Carcinoma","Breast Invasive Lobular Carcinoma","ILC",-0.0844807555973602,FALSE,"SLC2A1"
"ACH-000784","KYSE-70","Esophagus/Stomach","Esophageal Squamous Cell Carcinoma","Esophageal Squamous Cell Carcinoma","ESCC",-0.240312615188489,FALSE,"SLC2A1"
"ACH-000785","NCI-H2126","Lung","Non-Small Cell Lung Cancer","Lung Adenocarcinoma","LUAD",-1.61098275696691,FALSE,"SLC2A1"
"ACH-000786","Daudi","Lymphoid","Mature B-Cell Neoplasms","Burkitt Lymphoma","BL",NA,FALSE,"SLC2A1"
"ACH-000787","LXF-289","Lung","Non-Small Cell Lung Cancer","Lung Adenocarcinoma","LUAD",-0.257221095898361,FALSE,"SLC2A1"
"ACH-000788","A2058","Skin","Melanoma","Melanoma","MEL",-0.291578250327489,FALSE,"SLC2A1"
"ACH-000789","NCI-H810","Lung","Non-Small Cell Lung Cancer","Large Cell Lung Carcinoma","LCLC",NA,FALSE,"SLC2A1"
"ACH-000790","SHP-77","Lung","Lung Neuroendocrine Tumor","Small Cell Lung Cancer","SCLC",-1.01472416055965,FALSE,"SLC2A1"
"ACH-000791","RERF-LC-Ad1","Lung","Non-Small Cell Lung Cancer","Lung Adenocarcinoma","LUAD",-0.956771523836442,FALSE,"SLC2A1"
"ACH-000792","BFTC-909","Kidney","Renal Cell Carcinoma","Renal Cell Carcinoma","RCC",-0.571311443298405,FALSE,"SLC2A1"
"ACH-000793","KATO III","Esophagus/Stomach","Esophagogastric Adenocarcinoma","Signet Ring Cell Carcinoma of the Stomach","SSRCC",-0.485867862342547,FALSE,"SLC2A1"
"ACH-000794","BICR 22","Head and Neck","Head and Neck Squamous Cell Carcinoma","Oral Cavity Squamous Cell Carcinoma","OCSC",-0.635429860799134,FALSE,"SLC2A1"
"ACH-000795","MOLT-13","Lymphoid","T-Lymphoblastic Leukemia/Lymphoma","T-Lymphoblastic Leukemia/Lymphoma","TLL",NA,FALSE,"SLC2A1"
"ACH-000796","MCAS","Ovary/Fallopian Tube","Ovarian Epithelial Tumor","Mucinous Ovarian Cancer","MOV",-0.12988749946369,FALSE,"SLC2A1"
"ACH-000797","HLF-a","Fibroblast","Non-Cancerous","Fibroblast, Lung","",NA,FALSE,"SLC2A1"
"ACH-000798","CL-40","Bowel","Colorectal Adenocarcinoma","Colon Adenocarcinoma","COAD",-0.0355132216860902,FALSE,"SLC2A1"
"ACH-000799","Hs 695T","Skin","Melanoma","Melanoma","MEL",0.0587401407364119,FALSE,"SLC2A1"
"ACH-000800","NCI-H446","Lung","Lung Neuroendocrine Tumor","Small Cell Lung Cancer","SCLC",-0.93455368574305,FALSE,"SLC2A1"
"ACH-000801","Hs 936.T","Skin","Melanoma","Melanoma","MEL",-0.0449280113434647,FALSE,"SLC2A1"
"ACH-000802","BFTC-905","Bladder/Urinary Tract","Bladder Urothelial Carcinoma","Bladder Urothelial Carcinoma","BLCA",-0.0851368192291416,FALSE,"SLC2A1"
"ACH-000803","COLO 668","Lung","Lung Neuroendocrine Tumor","Small Cell Lung Cancer","SCLC",NA,FALSE,"SLC2A1"
"ACH-000804","NB-1","Peripheral Nervous System","Neuroblastoma","Neuroblastoma","NBL",-0.678866880801839,FALSE,"SLC2A1"
"ACH-000805","COLO-679","Skin","Melanoma","Cutaneous Melanoma","SKCM",-0.0584308984521677,FALSE,"SLC2A1"
"ACH-000806","L-540","Lymphoid","Hodgkin Lymphoma","Hodgkin Lymphoma","HL",NA,FALSE,"SLC2A1"
"ACH-000807","SNU-738","CNS/Brain","Diffuse Glioma","Oligodendroglioma","ODG",-0.0448401820663145,FALSE,"SLC2A1"
"ACH-000808","HuH28","Biliary Tract","Intraductal Papillary Neoplasm of the Bile Duct","Intrahepatic Cholangiocarcinoma","IHCH",NA,FALSE,"SLC2A1"
"ACH-000809","KYSE-410","Esophagus/Stomach","Esophageal Squamous Cell Carcinoma","Esophageal Squamous Cell Carcinoma","ESCC",-0.710331725410399,FALSE,"SLC2A1"
"ACH-000810","SK-MEL-30","Skin","Melanoma","Cutaneous Melanoma","SKCM",-0.133702864259879,FALSE,"SLC2A1"
"ACH-000811","SK-OV-3","Ovary/Fallopian Tube","Ovarian Epithelial Tumor","Serous Ovarian Cancer","SOC",-0.176088791844283,FALSE,"SLC2A1"
"ACH-000812","COLO-783","Skin","Melanoma","Melanoma","MEL",NA,FALSE,"SLC2A1"
"ACH-000813","T3M-10","Lung","Non-Small Cell Lung Cancer","Large Cell Lung Carcinoma","LCLC",NA,FALSE,"SLC2A1"
"ACH-000814","Hs 939.T","Skin","Melanoma","Melanoma","MEL",NA,FALSE,"SLC2A1"
"ACH-000815","KM-H2","Lymphoid","Hodgkin Lymphoma","Hodgkin Lymphoma","HL",NA,FALSE,"SLC2A1"
"ACH-000816","NCI-H524","Lung","Lung Neuroendocrine Tumor","Small Cell Lung Cancer","SCLC",NA,FALSE,"SLC2A1"
"ACH-000817","RPMI 8226","Lymphoid","Mature B-Cell Neoplasms","Plasma Cell Myeloma","PCM",-0.955694535752007,FALSE,"SLC2A1"
"ACH-000818","BT-483","Breast","Invasive Breast Carcinoma","Breast Invasive Ductal Carcinoma","IDC",NA,FALSE,"SLC2A1"
"ACH-000819","LN-18","CNS/Brain","Diffuse Glioma","Glioblastoma","GB",-0.242607816105382,FALSE,"SLC2A1"
"ACH-000820","SW403","Bowel","Colorectal Adenocarcinoma","Colon Adenocarcinoma","COAD",-0.193203920943669,FALSE,"SLC2A1"
"ACH-000821","EJM","Lymphoid","Mature B-Cell Neoplasms","Plasma Cell Myeloma","PCM",-0.626937187261162,FALSE,"SLC2A1"
"ACH-000822","SK-MEL-24","Skin","Melanoma","Melanoma","MEL",0.0990258033434234,FALSE,"SLC2A1"
"ACH-000823","KYSE-140","Esophagus/Stomach","Esophageal Squamous Cell Carcinoma","Esophageal Squamous Cell Carcinoma","ESCC",-0.218875967218598,FALSE,"SLC2A1"
"ACH-000824","KYSE-510","Esophagus/Stomach","Esophageal Squamous Cell Carcinoma","Esophageal Squamous Cell Carcinoma","ESCC",-0.151267711105034,FALSE,"SLC2A1"
"ACH-000825","HOP-92","Lung","Non-Small Cell Lung Cancer","Non-Small Cell Lung Cancer","NSCLC",NA,FALSE,"SLC2A1"
"ACH-000826","CAL-12T","Lung","Non-Small Cell Lung Cancer","Non-Small Cell Lung Cancer","NSCLC",-0.53806014490298,FALSE,"SLC2A1"
"ACH-000827","WM793","Skin","Melanoma","Melanoma","MEL",-0.361675192099851,FALSE,"SLC2A1"
"ACH-000828","ZR-75-30","Breast","Invasive Breast Carcinoma","Breast Invasive Lobular Carcinoma","ILC",NA,FALSE,"SLC2A1"
"ACH-000829","HuNS1","Lymphoid","Mature B-Cell Neoplasms","Plasma Cell Myeloma","PCM",-0.475942701544601,FALSE,"SLC2A1"
"ACH-000830","NCI-H1436","Lung","Lung Neuroendocrine Tumor","Small Cell Lung Cancer","SCLC",NA,FALSE,"SLC2A1"
"ACH-000831","HEC-50B","Uterus","Endometrial Carcinoma","Endometrial Carcinoma","UCEC",-0.124829982651919,FALSE,"SLC2A1"
"ACH-000832","CAL 27","Head and Neck","Head and Neck Squamous Cell Carcinoma","Oral Cavity Squamous Cell Carcinoma","OCSC",-0.343040003388361,FALSE,"SLC2A1"
"ACH-000833","RH-30","Soft Tissue","Rhabdomyosarcoma","Alveolar Rhabdomyosarcoma","ARMS",-0.821385544576428,FALSE,"SLC2A1"
"ACH-000834","UM-UC-1","Bladder/Urinary Tract","Bladder Urothelial Carcinoma","Bladder Urothelial Carcinoma","BLCA",-0.131847515988222,FALSE,"SLC2A1"
"ACH-000835","GCT","Soft Tissue","Undifferentiated Pleomorphic Sarcoma/Malignant Fibrous Histiocytoma/High-Grade Spindle Cell Sarcoma","Undifferentiated Pleomorphic Sarcoma/Malignant Fibrous Histiocytoma/High-Grade Spindle Cell Sarcoma","MFH",-0.527406078900774,FALSE,"SLC2A1"
"ACH-000836","YD-15","Head and Neck","Head and Neck Squamous Cell Carcinoma","Oral Cavity Squamous Cell Carcinoma","OCSC",-0.119272213830741,FALSE,"SLC2A1"
"ACH-000837","NCI-H322","Lung","Non-Small Cell Lung Cancer","Lung Adenocarcinoma","LUAD",-0.758374561371122,FALSE,"SLC2A1"
"ACH-000838","AMO-1","Lymphoid","Mature B-Cell Neoplasms","Plasma Cell Myeloma","PCM",-0.300672127878301,FALSE,"SLC2A1"
"ACH-000839","SCaBER","Bladder/Urinary Tract","Bladder Squamous Cell Carcinoma","Bladder Squamous Cell Carcinoma","BLSC",0.0506909574332989,FALSE,"SLC2A1"
"ACH-000840","HCC-366","Lung","Non-Small Cell Lung Cancer","Lung Adenosquamous Carcinoma","LUAS",-0.15257929497588,FALSE,"SLC2A1"
"ACH-000841","NCI-H2087","Lung","Non-Small Cell Lung Cancer","Lung Adenocarcinoma","LUAD",-0.621929111110944,FALSE,"SLC2A1"
"ACH-000842","SW 480","Bowel","Colorectal Adenocarcinoma","Colon Adenocarcinoma","COAD",NA,FALSE,"SLC2A1"
"ACH-000843","HARA","Lung","Non-Small Cell Lung Cancer","Lung Squamous Cell Carcinoma","LUSC",-0.84580825999989,FALSE,"SLC2A1"
"ACH-000844","DMS 454","Lung","Lung Neuroendocrine Tumor","Small Cell Lung Cancer","SCLC",NA,FALSE,"SLC2A1"
"ACH-000845","NCI-H1373","Lung","Non-Small Cell Lung Cancer","Lung Adenocarcinoma","LUAD",-0.526570611893471,FALSE,"SLC2A1"
"ACH-000846","FaDu","Head and Neck","Head and Neck Squamous Cell Carcinoma","Hypopharynx Squamous Cell Carcinoma","HPHSC",-0.615739034890873,FALSE,"SLC2A1"
"ACH-000847","HGC-27","Esophagus/Stomach","Esophagogastric Adenocarcinoma","Stomach Adenocarcinoma","STAD",-0.682604278534138,FALSE,"SLC2A1"
"ACH-000848","JHH-7","Liver","Hepatocellular Carcinoma","Hepatocellular Carcinoma","HCC",-0.889530803024664,FALSE,"SLC2A1"
"ACH-000849","MDA-MB-468","Breast","Invasive Breast Carcinoma","Invasive Breast Carcinoma","BRCA",-0.289825856792796,FALSE,"SLC2A1"
"ACH-000850","Hs 698.T","Fibroblast","Non-Cancerous","Fibroblast, Colorectal","",NA,FALSE,"SLC2A1"
"ACH-000851","MOR/CPR","Lung","Non-Small Cell Lung Cancer","Lung Adenocarcinoma","LUAD",-0.0488122055155394,FALSE,"SLC2A1"
"ACH-000852","NCI-H1435","Lung","Non-Small Cell Lung Cancer","Lung Adenocarcinoma","LUAD",NA,FALSE,"SLC2A1"
"ACH-000853","NCI-H661","Lung","Non-Small Cell Lung Cancer","Large Cell Lung Carcinoma","LCLC",-0.336573595880911,FALSE,"SLC2A1"
"ACH-000854","OCI-MY5","Lymphoid","Mature B-Cell Neoplasms","Plasma Cell Myeloma","PCM",NA,FALSE,"SLC2A1"
"ACH-000855","KYSE-150","Esophagus/Stomach","Esophageal Squamous Cell Carcinoma","Esophageal Squamous Cell Carcinoma","ESCC",-0.362592846312068,FALSE,"SLC2A1"
"ACH-000856","CAL-51","Breast","Invasive Breast Carcinoma","Invasive Breast Carcinoma","BRCA",-0.588589912721051,FALSE,"SLC2A1"
"ACH-000857","CAL-85-1","Breast","Invasive Breast Carcinoma","Breast Invasive Ductal Carcinoma","IDC",NA,FALSE,"SLC2A1"
"ACH-000858","KNS-62","Lung","Non-Small Cell Lung Cancer","Lung Squamous Cell Carcinoma","LUSC",-0.223885887068616,FALSE,"SLC2A1"
"ACH-000859","HCC1954","Breast","Breast Ductal Carcinoma In Situ","Breast Ductal Carcinoma In Situ","DCIS",-0.623856274284227,FALSE,"SLC2A1"
"ACH-000860","NCI-H358","Lung","Non-Small Cell Lung Cancer","Lung Adenocarcinoma","LUAD",-0.857038438815917,FALSE,"SLC2A1"
"ACH-000861","HOP-62","Lung","Non-Small Cell Lung Cancer","Lung Adenocarcinoma","LUAD",-0.271080404630411,FALSE,"SLC2A1"
"ACH-000862","KMBC-2","Bladder/Urinary Tract","Bladder Urothelial Carcinoma","Bladder Urothelial Carcinoma","BLCA",-0.309092983476431,FALSE,"SLC2A1"
"ACH-000863","DBTRG-05MG","CNS/Brain","Diffuse Glioma","Glioblastoma","GB",-0.104910432140345,FALSE,"SLC2A1"
"ACH-000864","COLO 684","Uterus","Endometrial Carcinoma","Endometrial Carcinoma","UCEC",-1.02946747745653,FALSE,"SLC2A1"
"ACH-000865","KYSE-450","Esophagus/Stomach","Esophageal Squamous Cell Carcinoma","Esophageal Squamous Cell Carcinoma","ESCC",-0.21196155616127,FALSE,"SLC2A1"
"ACH-000866","NCI-H1048","Lung","Lung Neuroendocrine Tumor","Small Cell Lung Cancer","SCLC",-0.59212101236114,FALSE,"SLC2A1"
"ACH-000867","ChaGo-K-1","Lung","Non-Small Cell Lung Cancer","Non-Small Cell Lung Cancer","NSCLC",-0.0920148987133958,FALSE,"SLC2A1"
"ACH-000868","HCC-1195","Lung","Non-Small Cell Lung Cancer","Lung Adenosquamous Carcinoma","LUAS",NA,FALSE,"SLC2A1"
"ACH-000869","NCI-H1568","Lung","Non-Small Cell Lung Cancer","Lung Adenocarcinoma","LUAD",-0.265265659281283,FALSE,"SLC2A1"
"ACH-000870","NCI-H1930","Lung","Lung Neuroendocrine Tumor","Small Cell Lung Cancer","SCLC",NA,FALSE,"SLC2A1"
"ACH-000871","NCI-H510","Lung","Lung Neuroendocrine Tumor","Small Cell Lung Cancer","SCLC",-0.282367289329827,FALSE,"SLC2A1"
"ACH-000872","HCC515","Lung","Non-Small Cell Lung Cancer","Lung Adenocarcinoma","LUAD",-0.0211324997776208,FALSE,"SLC2A1"
"ACH-000873","KYSE-270","Esophagus/Stomach","Esophageal Squamous Cell Carcinoma","Esophageal Squamous Cell Carcinoma","ESCC",0.00943448916490797,FALSE,"SLC2A1"
"ACH-000874","RS4;11","Lymphoid","B-Lymphoblastic Leukemia/Lymphoma","B-Lymphoblastic Leukemia/Lymphoma with t(v;11q23.3);KMT2A Rearranged","BLLKMT2A",-0.278884295423195,FALSE,"SLC2A1"
"ACH-000875","NCI-H2347","Lung","Non-Small Cell Lung Cancer","Lung Adenocarcinoma","LUAD",NA,FALSE,"SLC2A1"
"ACH-000876","MDA-MB-415","Breast","Invasive Breast Carcinoma","Invasive Breast Carcinoma","BRCA",-0.787749403918538,FALSE,"SLC2A1"
"ACH-000877","EB1","Lymphoid","Mature B-Cell Neoplasms","Burkitt Lymphoma","BL",NA,FALSE,"SLC2A1"
"ACH-000878","HCC-15","Lung","Non-Small Cell Lung Cancer","Lung Squamous Cell Carcinoma","LUSC",-0.0742865407843692,FALSE,"SLC2A1"
"ACH-000879","MFE-296","Uterus","Endometrial Carcinoma","Endometrial Carcinoma","UCEC",-0.391063104818504,FALSE,"SLC2A1"
"ACH-000880","AGS","Esophagus/Stomach","Esophagogastric Adenocarcinoma","Stomach Adenocarcinoma","STAD",0.0059649016434396,FALSE,"SLC2A1"
"ACH-000881","MEL-JUSO","Skin","Melanoma","Cutaneous Melanoma","SKCM",-0.330643351692253,FALSE,"SLC2A1"
"ACH-000882","IGR-1","Skin","Melanoma","Melanoma","MEL",-0.299896276639235,FALSE,"SLC2A1"
"ACH-000883","SW 1783","CNS/Brain","Diffuse Glioma","Anaplastic Astrocytoma","AASTR",NA,FALSE,"SLC2A1"
"ACH-000884","MDA-MB-435S","Skin","Melanoma","Melanoma","MEL",-0.135649823113885,FALSE,"SLC2A1"
"ACH-000885","TOV-21G","Ovary/Fallopian Tube","Ovarian Epithelial Tumor","Clear Cell Ovarian Cancer","CCOV",-0.170686751398878,FALSE,"SLC2A1"
"ACH-000886","NCI-H2009","Lung","Non-Small Cell Lung Cancer","Lung Adenocarcinoma","LUAD",-1.31361034782039,FALSE,"SLC2A1"
"ACH-000887","SF-172","CNS/Brain","Diffuse Glioma","Glioblastoma","GB",-0.0845976949538393,FALSE,"SLC2A1"
"ACH-000888","NCI-H1793","Lung","Non-Small Cell Lung Cancer","Lung Adenocarcinoma","LUAD",-0.26302327370685,FALSE,"SLC2A1"
"ACH-000889","KMM-1","Lymphoid","Mature B-Cell Neoplasms","Plasma Cell Myeloma","PCM",-0.746159944053906,FALSE,"SLC2A1"
"ACH-000890","SW 1271","Lung","SMARCA4-deficient undifferentiated tumor","SMARCA4-deficient undifferentiated tumor","",0.0637121153991184,FALSE,"SLC2A1"
"ACH-000891","HCC-1438","Lung","Non-Small Cell Lung Cancer","Large Cell Lung Carcinoma","LCLC",NA,FALSE,"SLC2A1"
"ACH-000892","NCI-H1563","Lung","Non-Small Cell Lung Cancer","Lung Adenocarcinoma","LUAD",NA,FALSE,"SLC2A1"
"ACH-000893","NCI-H1651","Lung","Non-Small Cell Lung Cancer","Lung Adenocarcinoma","LUAD",NA,FALSE,"SLC2A1"
"ACH-000894","NCI-H1869","Lung","Non-Small Cell Lung Cancer","Lung Squamous Cell Carcinoma","LUSC",-0.281425549690499,FALSE,"SLC2A1"
"ACH-000895","CL-34","Bowel","Colorectal Adenocarcinoma","Colon Adenocarcinoma","COAD",NA,FALSE,"SLC2A1"
"ACH-000896","647-V","Bladder/Urinary Tract","Bladder Urothelial Carcinoma","Bladder Urothelial Carcinoma","BLCA",-0.00655746258322337,FALSE,"SLC2A1"
"ACH-000897","FTC-238","Thyroid","Well-Differentiated Thyroid Cancer","Follicular Thyroid Cancer","THFO",NA,FALSE,"SLC2A1"
"ACH-000898","SNU-719","Esophagus/Stomach","Esophagogastric Adenocarcinoma","Tubular Stomach Adenocarcinoma","TSTAD",-0.906678775923988,FALSE,"SLC2A1"
"ACH-000899","WM88","Skin","Melanoma","Melanoma","MEL",-0.11392357855282,FALSE,"SLC2A1"
"ACH-000900","NCI-H23","Lung","Non-Small Cell Lung Cancer","Lung Adenocarcinoma","LUAD",0.0826950427222509,FALSE,"SLC2A1"
"ACH-000901","HCC-1359","Lung","Non-Small Cell Lung Cancer","Giant Cell Carcinoma of the Lung","GCLC",-0.0891261372310473,FALSE,"SLC2A1"
"ACH-000902","CAL-148","Breast","Invasive Breast Carcinoma","Breast Invasive Ductal Carcinoma","IDC",NA,FALSE,"SLC2A1"
"ACH-000903","FTC-133","Thyroid","Well-Differentiated Thyroid Cancer","Follicular Thyroid Cancer","THFO",-0.547964731448426,FALSE,"SLC2A1"
"ACH-000904","NCI-H2106","Lung","Non-Small Cell Lung Cancer","Large Cell Lung Carcinoma","LCLC",NA,FALSE,"SLC2A1"
"ACH-000905","5637","Bladder/Urinary Tract","Bladder Urothelial Carcinoma","Bladder Urothelial Carcinoma","BLCA",-0.430786958585046,FALSE,"SLC2A1"
"ACH-000906","ES-2","Ovary/Fallopian Tube","Ovarian Epithelial Tumor","Clear Cell Ovarian Cancer","CCOV",-0.754479271168534,FALSE,"SLC2A1"
"ACH-000907","SNU-349","Kidney","Renal Cell Carcinoma","Renal Clear Cell Carcinoma","CCRCC",-0.113526715042758,FALSE,"SLC2A1"
"ACH-000908","SNU-520","Esophagus/Stomach","Esophagogastric Adenocarcinoma","Stomach Adenocarcinoma","STAD",NA,FALSE,"SLC2A1"
"ACH-000909","JHUEM-2","Uterus","Endometrial Carcinoma","Endometrial Carcinoma","UCEC",NA,FALSE,"SLC2A1"
"ACH-000910","MDA-MB-453","Breast","Invasive Breast Carcinoma","Invasive Breast Carcinoma","BRCA",-0.148626738609154,FALSE,"SLC2A1"
"ACH-000911","NUGC-3","Esophagus/Stomach","Esophagogastric Adenocarcinoma","Stomach Adenocarcinoma","STAD",-0.535641401685949,FALSE,"SLC2A1"
"ACH-000912","NCI-H2286","Lung","Lung Neuroendocrine Tumor","Small Cell Lung Cancer","SCLC",-0.0143234752749734,FALSE,"SLC2A1"
"ACH-000913","ESS-1","Uterus","Uterine Sarcoma/Mesenchymal","Endometrial Stromal Sarcoma","ESS",-0.130473022892415,FALSE,"SLC2A1"
"ACH-000914","HT","Lymphoid","Mature B-Cell Neoplasms","Diffuse Large B-Cell Lymphoma, NOS","DLBCLNOS",-0.0673944261193246,FALSE,"SLC2A1"
"ACH-000915","IPC-298","Skin","Melanoma","Cutaneous Melanoma","SKCM",-0.0493873727569612,FALSE,"SLC2A1"
"ACH-000916","NCI-H1573","Lung","Non-Small Cell Lung Cancer","Lung Adenocarcinoma","LUAD",-0.761303831503143,FALSE,"SLC2A1"
"ACH-000917","TE-4","Esophagus/Stomach","Esophageal Squamous Cell Carcinoma","Esophageal Squamous Cell Carcinoma","ESCC",-0.735770071976024,FALSE,"SLC2A1"
"ACH-000918","MOLT-16","Lymphoid","T-Lymphoblastic Leukemia/Lymphoma","T-Lymphoblastic Leukemia/Lymphoma","TLL",NA,FALSE,"SLC2A1"
"ACH-000919","IM95","Esophagus/Stomach","Esophagogastric Adenocarcinoma","Stomach Adenocarcinoma","STAD",-0.282684903316041,FALSE,"SLC2A1"
"ACH-000920","CML-T1","Myeloid","Myeloproliferative Neoplasms","Chronic Myeloid Leukemia, BCR-ABL1+","CMLBCRABL1",-0.659156092813011,FALSE,"SLC2A1"
"ACH-000921","NCI-H157-DM","Lung","Non-Small Cell Lung Cancer","Lung Squamous Cell Carcinoma","LUSC",-0.0679233582640429,FALSE,"SLC2A1"
"ACH-000922","RCH-ACV","Lymphoid","B-Lymphoblastic Leukemia/Lymphoma","B-Lymphoblastic Leukemia/Lymphoma with t(1;19)(q23;p13.3);TCF3-PBX1","BLLTCF3PBX1",-0.191780321062146,FALSE,"SLC2A1"
"ACH-000923","BCP-1","Lymphoid","Mature B-Cell Neoplasms","Primary Effusion Lymphoma","PEL",NA,FALSE,"SLC2A1"
"ACH-000924","NCI-H2172","Lung","Non-Small Cell Lung Cancer","Non-Small Cell Lung Cancer","NSCLC",-0.0628755183458826,FALSE,"SLC2A1"
"ACH-000925","DV-90","Lung","Non-Small Cell Lung Cancer","Lung Adenocarcinoma","LUAD",NA,FALSE,"SLC2A1"
"ACH-000926","HT-55","Bowel","Colorectal Adenocarcinoma","Colon Adenocarcinoma","COAD",-0.318971235627211,FALSE,"SLC2A1"
"ACH-000927","BT-474","Breast","Invasive Breast Carcinoma","Breast Invasive Ductal Carcinoma","IDC",NA,FALSE,"SLC2A1"
"ACH-000928","JHUEM-1","Uterus","Endometrial Carcinoma","Endometrial Carcinoma","UCEC",-0.540090583254483,FALSE,"SLC2A1"
"ACH-000929","NCI-H2110","Lung","Non-Small Cell Lung Cancer","Non-Small Cell Lung Cancer","NSCLC",-1.14753149746144,FALSE,"SLC2A1"
"ACH-000930","HCC1569","Breast","Invasive Breast Carcinoma","Breast Invasive Ductal Carcinoma","IDC",NA,FALSE,"SLC2A1"
"ACH-000931","HMCB","Skin","Melanoma","Melanoma","MEL",NA,FALSE,"SLC2A1"
"ACH-000932","SNU-1","Esophagus/Stomach","Esophagogastric Adenocarcinoma","Stomach Adenocarcinoma","STAD",-1.76761362732197,FALSE,"SLC2A1"
"ACH-000933","SNU-324","Pancreas","Pancreatic Adenocarcinoma","Pancreatic Adenocarcinoma","PAAD",NA,FALSE,"SLC2A1"
"ACH-000934","MDA-MB-361","Breast","Invasive Breast Carcinoma","Invasive Breast Carcinoma","BRCA",-0.570703292866608,FALSE,"SLC2A1"
"ACH-000935","MDST8","Bowel","Colorectal Adenocarcinoma","Colon Adenocarcinoma","COAD",-0.480586708301834,FALSE,"SLC2A1"
"ACH-000936","EFO-27","Ovary/Fallopian Tube","Ovarian Epithelial Tumor","Mucinous Ovarian Cancer","MOV",-0.738577789601485,FALSE,"SLC2A1"
"ACH-000937","PF-382","Lymphoid","T-Lymphoblastic Leukemia/Lymphoma","T-Lymphoblastic Leukemia/Lymphoma","TLL",-0.793744022333313,FALSE,"SLC2A1"
"ACH-000938","NALM-6","Lymphoid","B-Lymphoblastic Leukemia/Lymphoma","B-Lymphoblastic Leukemia/Lymphoma","BLL",-1.24937748591753,FALSE,"SLC2A1"
"ACH-000939","SK-UT-1","Uterus","Uterine Sarcoma/Mesenchymal","Uterine Leiomyosarcoma","ULMS",-0.285515590514785,FALSE,"SLC2A1"
"ACH-000940","AN3 CA","Uterus","Endometrial Carcinoma","Endometrial Carcinoma","UCEC",NA,FALSE,"SLC2A1"
"ACH-000941","HEC-1-B","Uterus","Endometrial Carcinoma","Endometrial Carcinoma","UCEC",-0.033130007177203,FALSE,"SLC2A1"
"ACH-000942","HPB-ALL","Lymphoid","T-Lymphoblastic Leukemia/Lymphoma","T-Lymphoblastic Leukemia/Lymphoma","TLL",NA,FALSE,"SLC2A1"
"ACH-000943","RKO","Bowel","Colorectal Adenocarcinoma","Colon Adenocarcinoma","COAD",-0.49931915678409,FALSE,"SLC2A1"
"ACH-000944","NAMALWA","Lymphoid","Mature B-Cell Neoplasms","Burkitt Lymphoma","BL",-0.336811950660379,FALSE,"SLC2A1"
"ACH-000945","NCI-H650","Lung","Non-Small Cell Lung Cancer","Lung Adenocarcinoma","LUAD",-0.166280322164832,FALSE,"SLC2A1"
"ACH-000946","HEC-265","Uterus","Endometrial Carcinoma","Endometrial Carcinoma","UCEC",0.254078627673161,FALSE,"SLC2A1"
"ACH-000947","OVK18","Ovary/Fallopian Tube","Ovarian Epithelial Tumor","Endometrioid Ovarian Cancer","EOV",-0.127590800974827,FALSE,"SLC2A1"
"ACH-000948","23132/87","Esophagus/Stomach","Esophagogastric Adenocarcinoma","Stomach Adenocarcinoma","STAD",-0.643392453635018,FALSE,"SLC2A1"
"ACH-000949","TGBC11TKB","Esophagus/Stomach","Esophagogastric Adenocarcinoma","Stomach Adenocarcinoma","STAD",NA,FALSE,"SLC2A1"
"ACH-000950","LoVo","Bowel","Colorectal Adenocarcinoma","Colon Adenocarcinoma","COAD",-0.690894166367154,FALSE,"SLC2A1"
"ACH-000951","NCI-H2342","Lung","Non-Small Cell Lung Cancer","Lung Adenocarcinoma","LUAD",NA,FALSE,"SLC2A1"
"ACH-000952","MDA PCa 2b","Prostate","Prostate Adenocarcinoma","Prostate Adenocarcinoma","PRAD",NA,FALSE,"SLC2A1"
"ACH-000953","SUP-T1","Lymphoid","T-Lymphoblastic Leukemia/Lymphoma","T-Lymphoblastic Leukemia/Lymphoma","TLL",-0.405769382980199,FALSE,"SLC2A1"
"ACH-000954","HEC-1-A","Uterus","Endometrial Carcinoma","Endometrial Carcinoma","UCEC",NA,FALSE,"SLC2A1"
"ACH-000955","SNU-407","Bowel","Colorectal Adenocarcinoma","Colon Adenocarcinoma","COAD",NA,FALSE,"SLC2A1"
"ACH-000956","22Rv1","Prostate","Prostate Adenocarcinoma","Prostate Adenocarcinoma","PRAD",-0.0611817054516411,FALSE,"SLC2A1"
"ACH-000957","LS 180","Bowel","Colorectal Adenocarcinoma","Colon Adenocarcinoma","COAD",-0.223670999047882,FALSE,"SLC2A1"
"ACH-000958","SW48","Bowel","Colorectal Adenocarcinoma","Colon Adenocarcinoma","COAD",-0.739409585545431,FALSE,"SLC2A1"
"ACH-000959","SNU-C4","Bowel","Colorectal Adenocarcinoma","Colon Adenocarcinoma","COAD",-0.897232559845499,FALSE,"SLC2A1"
"ACH-000960","Reh","Lymphoid","B-Lymphoblastic Leukemia/Lymphoma","B-Lymphoblastic Leukemia/Lymphoma with t(12;21)(p13.2;q22.1); ETV6-RUNX1","BLLETV6RUNX1",-0.0264901945669054,FALSE,"SLC2A1"
"ACH-000961","Ishikawa (Heraklio) 02 ER-","Uterus","Endometrial Carcinoma","Endometrial Carcinoma","UCEC",-0.916918212261537,FALSE,"SLC2A1"
"ACH-000962","OC 314","Ovary/Fallopian Tube","Ovarian Epithelial Tumor","Serous Ovarian Cancer","SOC",-0.348984664237474,FALSE,"SLC2A1"
"ACH-000963","CCK-81","Bowel","Colorectal Adenocarcinoma","Colon Adenocarcinoma","COAD",-0.219476858882062,FALSE,"SLC2A1"
"ACH-000964","MOLT-3","Lymphoid","Mature T and NK Neoplasms","Adult T-Cell Leukemia/Lymphoma","ATLL",NA,FALSE,"SLC2A1"
"ACH-000965","RL95-2","Uterus","Endometrial Carcinoma","Uterine Adenosquamous Carcinoma","UASC",0.122467833352951,FALSE,"SLC2A1"
"ACH-000966","IGROV1","Ovary/Fallopian Tube","Ovarian Epithelial Tumor","Endometrioid Ovarian Cancer","EOV",-0.231876025696192,FALSE,"SLC2A1"
"ACH-000967","SNU-C2A","Bowel","Colorectal Adenocarcinoma","Colon Adenocarcinoma","COAD",NA,FALSE,"SLC2A1"
"ACH-000968","COLO 792","Skin","Melanoma","Melanoma","MEL",-0.166926006168503,FALSE,"SLC2A1"
"ACH-000969","KM12","Bowel","Colorectal Adenocarcinoma","Colon Adenocarcinoma","COAD",-0.934886975809761,FALSE,"SLC2A1"
"ACH-000970","SNU-C5","Bowel","Colorectal Adenocarcinoma","Colon Adenocarcinoma","COAD",-0.176609649984229,FALSE,"SLC2A1"
"ACH-000971","HCT 116","Bowel","Colorectal Adenocarcinoma","Colon Adenocarcinoma","COAD",-0.277819251829243,FALSE,"SLC2A1"
"ACH-000972","HEC-151","Uterus","Endometrial Carcinoma","Endometrial Carcinoma","UCEC",-0.00536321962879366,FALSE,"SLC2A1"
"ACH-000973","639-V","Bladder/Urinary Tract","Urethral Cancer","Urethral Urothelial Carcinoma","UCU",0.125582521476053,FALSE,"SLC2A1"
"ACH-000974","SNG-M","Uterus","Endometrial Carcinoma","Endometrial Carcinoma","UCEC",-0.00198059711056098,FALSE,"SLC2A1"
"ACH-000975","HCC2450","Lung","Non-Small Cell Lung Cancer","Lung Squamous Cell Carcinoma","LUSC",-0.620134491871192,FALSE,"SLC2A1"
"ACH-000976","HuCCT1","Biliary Tract","Intraductal Papillary Neoplasm of the Bile Duct","Intrahepatic Cholangiocarcinoma","IHCH",-0.00918475057143914,FALSE,"SLC2A1"
"ACH-000977","LNCaP clone FGC","Prostate","Prostate Adenocarcinoma","Prostate Adenocarcinoma","PRAD",-0.299648268539833,FALSE,"SLC2A1"
"ACH-000978","EN","Uterus","Endometrial Carcinoma","Endometrial Carcinoma","UCEC",-0.373006862136112,FALSE,"SLC2A1"
"ACH-000979","DU 145","Prostate","Prostate Adenocarcinoma","Prostate Adenocarcinoma","PRAD",-0.557878332382303,FALSE,"SLC2A1"
"ACH-000980","NCI-H1155","Lung","Non-Small Cell Lung Cancer","Large Cell Lung Carcinoma","LCLC",-0.355152169672419,FALSE,"SLC2A1"
"ACH-000981","DND-41","Lymphoid","T-Lymphoblastic Leukemia/Lymphoma","T-Lymphoblastic Leukemia/Lymphoma","TLL",NA,FALSE,"SLC2A1"
"ACH-000982","GP2d","Bowel","Colorectal Adenocarcinoma","Colon Adenocarcinoma","COAD",NA,FALSE,"SLC2A1"
"ACH-000983","KCL-22","Myeloid","Myeloproliferative Neoplasms","Chronic Myeloid Leukemia, BCR-ABL1+","CMLBCRABL1",-0.269066577848533,FALSE,"SLC2A1"
"ACH-000984","HEC-6","Uterus","Endometrial Carcinoma","Uterine Adenosquamous Carcinoma","UASC",-0.129872595735258,FALSE,"SLC2A1"
"ACH-000985","LS411N","Bowel","Colorectal Adenocarcinoma","Colon Adenocarcinoma","COAD",-0.56545530361341,FALSE,"SLC2A1"
"ACH-000986","HT115","Bowel","Colorectal Adenocarcinoma","Colon Adenocarcinoma","COAD",-0.891242793681671,FALSE,"SLC2A1"
"ACH-000987","MeWo","Skin","Melanoma","Cutaneous Melanoma","SKCM",NA,FALSE,"SLC2A1"
"ACH-000988","MFE-319","Uterus","Endometrial Carcinoma","Uterine Adenosquamous Carcinoma","UASC",-0.109360336719877,FALSE,"SLC2A1"
"ACH-000989","SNU-175","Bowel","Colorectal Adenocarcinoma","Mucinous Adenocarcinoma of the Colon and Rectum","MACR",NA,FALSE,"SLC2A1"
"ACH-000990","HEC-108","Uterus","Endometrial Carcinoma","Endometrial Carcinoma","UCEC",NA,FALSE,"SLC2A1"
"ACH-000991","SNU-81","Bowel","Colorectal Adenocarcinoma","Colon Adenocarcinoma","COAD",-0.437362070135186,FALSE,"SLC2A1"
"ACH-000992","BICR 18","Head and Neck","Head and Neck Squamous Cell Carcinoma","Larynx Squamous Cell Carcinoma","LXSC",NA,FALSE,"SLC2A1"
"ACH-000993","JHUEM-7","Uterus","Endometrial Carcinoma","Endometrial Carcinoma","UCEC",-0.543710968536327,FALSE,"SLC2A1"
"ACH-000994","HEC-59","Uterus","Endometrial Carcinoma","Endometrial Carcinoma","UCEC",-1.209269333691,FALSE,"SLC2A1"
"ACH-000995","JURKAT","Lymphoid","T-Lymphoblastic Leukemia/Lymphoma","T-Lymphoblastic Leukemia/Lymphoma","TLL",-0.323069009266418,FALSE,"SLC2A1"
"ACH-000996","HEC-251","Uterus","Endometrial Carcinoma","Endometrial Carcinoma","UCEC",-0.0473020615480557,FALSE,"SLC2A1"
"ACH-000997","HCT-15","Bowel","Colorectal Adenocarcinoma","Colon Adenocarcinoma","COAD",-0.10923109843491,FALSE,"SLC2A1"
"ACH-000998","CW-2","Bowel","Colorectal Adenocarcinoma","Colon Adenocarcinoma","COAD",NA,FALSE,"SLC2A1"
"ACH-000999","SNU-1040","Bowel","Colorectal Adenocarcinoma","Colon Adenocarcinoma","COAD",NA,FALSE,"SLC2A1"
"ACH-001000","1321N1","CNS/Brain","Diffuse Glioma","Astrocytoma","ASTR",NA,FALSE,"SLC2A1"
"ACH-001001","143B","Bone","Osteosarcoma","Osteosarcoma","OS",-0.31557982814582,FALSE,"SLC2A1"
"ACH-001002","451Lu","Skin","Melanoma","Cutaneous Melanoma","SKCM",NA,FALSE,"SLC2A1"
"ACH-001007","A673STAG2KO16","Bone","Ewing Sarcoma","Ewing Sarcoma","ES",NA,FALSE,"SLC2A1"
"ACH-001008","A673STAG2KO45","Bone","Ewing Sarcoma","Ewing Sarcoma","ES",NA,FALSE,"SLC2A1"
"ACH-001009","A673STAG2NT14","Bone","Ewing Sarcoma","Ewing Sarcoma","ES",NA,FALSE,"SLC2A1"
"ACH-001010","A673STAG2NT23","Bone","Ewing Sarcoma","Ewing Sarcoma","ES",NA,FALSE,"SLC2A1"
"ACH-001015","AZ521","Bowel","Small Bowel Cancer","Duodenal Adenocarcinoma","DA",NA,FALSE,"SLC2A1"
"ACH-001016","Becker","CNS/Brain","Diffuse Glioma","Astrocytoma","ASTR",-0.340907410376315,FALSE,"SLC2A1"
"ACH-001017","BGC823","Cervix","Cervical Adenocarcinoma","Endocervical Adenocarcinoma","ECAD",NA,FALSE,"SLC2A1"
"ACH-001018","BJ hTERT","Fibroblast","Non-Cancerous","Fibroblast, NOS","",NA,FALSE,"SLC2A1"
"ACH-001019","BroLi","Skin","Merkel Cell Carcinoma","Merkel Cell Carcinoma","MCC",NA,FALSE,"SLC2A1"
"ACH-001020","BT-16","CNS/Brain","Embryonal Tumor","Atypical Teratoid/Rhabdoid Tumor","ATRT",0.198575460097741,FALSE,"SLC2A1"
"ACH-001021","C3A","Liver","Hepatoblastoma","Hepatoblastoma","LIHB",NA,FALSE,"SLC2A1"
"ACH-001022","CB-AGPN","Bone","Ewing Sarcoma","Ewing Sarcoma","ES",NA,FALSE,"SLC2A1"
"ACH-001023","CGTH-W-1","Head and Neck","Head and Neck Squamous Cell Carcinoma","Head and Neck Squamous Cell Carcinoma","HNSC",NA,FALSE,"SLC2A1"
"ACH-001024","CHL-1","Skin","Melanoma","Melanoma","MEL",NA,FALSE,"SLC2A1"
"ACH-001028","CHLA-06","CNS/Brain","Embryonal Tumor","Atypical Teratoid/Rhabdoid Tumor","ATRT",0.106331113370835,FALSE,"SLC2A1"
"ACH-001029","CHLA-10","Bone","Ewing Sarcoma","Ewing Sarcoma","ES",-0.0116157961829182,FALSE,"SLC2A1"
"ACH-001030","CHLA-218","Bone","Ewing Sarcoma","Ewing Sarcoma","ES",NA,FALSE,"SLC2A1"
"ACH-001031","CHLA-266","CNS/Brain","Embryonal Tumor","Atypical Teratoid/Rhabdoid Tumor","ATRT",0.0458000749487285,FALSE,"SLC2A1"
"ACH-001032","CHLA-32","Bone","Ewing Sarcoma","Ewing Sarcoma","ES",NA,FALSE,"SLC2A1"
"ACH-001033","CHLA-57","CNS/Brain","Embryonal Tumor","Primitive Neuroectodermal Tumor","PNET",-0.224893610488411,FALSE,"SLC2A1"
"ACH-001034","CHLA-9","Bone","Ewing Sarcoma","Ewing Sarcoma","ES",NA,FALSE,"SLC2A1"
"ACH-001035","CHLA-99","Bone","Ewing Sarcoma","Ewing Sarcoma","ES",NA,FALSE,"SLC2A1"
"ACH-001036","CMK-11-5","Myeloid","Acute Myeloid Leukemia","Myeloid Leukemia Associated with Down Syndrome","MLADS",-0.0821503089985121,FALSE,"SLC2A1"
"ACH-001037","CMK-86","Myeloid","Acute Myeloid Leukemia","Myeloid Leukemia Associated with Down Syndrome","MLADS",NA,FALSE,"SLC2A1"
"ACH-001038","COG-E-352","Bone","Ewing Sarcoma","Ewing Sarcoma","ES",0.115162291928583,FALSE,"SLC2A1"
"ACH-001039","COLO 205","Bowel","Colorectal Adenocarcinoma","Colon Adenocarcinoma","COAD",-0.678374323877229,FALSE,"SLC2A1"
"ACH-001041","CHL-1-DM","Skin","Melanoma","Melanoma","MEL",-0.498489004533617,FALSE,"SLC2A1"
"ACH-001042","COLO-704","Uterus","Endometrial Carcinoma","Endometrial Carcinoma","UCEC",NA,FALSE,"SLC2A1"
"ACH-001043","COLO 775","Lymphoid","Mature B-Cell Neoplasms","Plasma Cell Myeloma","PCM",NA,FALSE,"SLC2A1"
"ACH-001044","COLO 818","Skin","Melanoma","Cutaneous Melanoma","SKCM",NA,FALSE,"SLC2A1"
"ACH-001045","COLO 849","Skin","Melanoma","Cutaneous Melanoma","SKCM",NA,FALSE,"SLC2A1"
"ACH-001046","COR-L26","Lung","Lung Neuroendocrine Tumor","Small Cell Lung Cancer","SCLC",NA,FALSE,"SLC2A1"
"ACH-001047","COR-L51","Lung","Lung Neuroendocrine Tumor","Small Cell Lung Cancer","SCLC",NA,FALSE,"SLC2A1"
"ACH-001048","COV504","Ovary/Fallopian Tube","Ovarian Epithelial Tumor","Serous Ovarian Cancer","SOC",-0.188571374661164,FALSE,"SLC2A1"
"ACH-001049","CPC-N","Lung","Lung Neuroendocrine Tumor","Small Cell Lung Cancer","SCLC",NA,FALSE,"SLC2A1"
"ACH-001050","CW9019","Soft Tissue","Rhabdomyosarcoma","Alveolar Rhabdomyosarcoma","ARMS",-0.689407951054676,FALSE,"SLC2A1"
"ACH-001052","D384","CNS/Brain","Embryonal Tumor","Medulloblastoma","MBL",NA,TRUE,"SLC2A1"
"ACH-001053","D425","CNS/Brain","Embryonal Tumor","Medulloblastoma","MBL",-0.678497430492144,TRUE,"SLC2A1"
"ACH-001054","D458","CNS/Brain","Embryonal Tumor","Medulloblastoma","MBL",-0.592102937597103,TRUE,"SLC2A1"
"ACH-001055","D556","CNS/Brain","Embryonal Tumor","Medulloblastoma","MBL",NA,TRUE,"SLC2A1"
"ACH-001057","DERL-2","Lymphoid","Mature T and NK Neoplasms","Hepatosplenic T-cell Lymphoma","HSTCL",NA,FALSE,"SLC2A1"
"ACH-001059","DL","Soft Tissue","Rhabdoid Cancer","Extrarenal Rhabdoid Cancer","",NA,FALSE,"SLC2A1"
"ACH-001060","DL-40","Lymphoid","Mature T and NK Neoplasms","Anaplastic Large-Cell Lymphoma ALK Negative","ALCLALKN",NA,FALSE,"SLC2A1"
"ACH-001061","DLD-1","Bowel","Colorectal Adenocarcinoma","Colon Adenocarcinoma","COAD",-0.887939560438928,FALSE,"SLC2A1"
"ACH-001063","DOV13","Ovary/Fallopian Tube","Ovarian Epithelial Tumor","Serous Ovarian Cancer","SOC",NA,FALSE,"SLC2A1"
"ACH-001064","EB-2","Lymphoid","Mature B-Cell Neoplasms","Burkitt Lymphoma","BL",NA,FALSE,"SLC2A1"
"ACH-001065","Evsa-T","Breast","Invasive Breast Carcinoma","Breast Invasive Lobular Carcinoma","ILC",-0.220786102986781,FALSE,"SLC2A1"
"ACH-001066","EWS-834","Bone","Ewing Sarcoma","Ewing Sarcoma","ES",NA,FALSE,"SLC2A1"
"ACH-001067","F5","CNS/Brain","Meningothelial Tumor","Meningioma","MNG",-0.0252577152042154,FALSE,"SLC2A1"
"ACH-001068","FE-PD","Lymphoid","Mature T and NK Neoplasms","Anaplastic Large-Cell Lymphoma ALK Negative","ALCLALKN",NA,FALSE,"SLC2A1"
"ACH-001071","GLC-82","Cervix","Cervical Adenocarcinoma","Endocervical Adenocarcinoma","ECAD",NA,FALSE,"SLC2A1"
"ACH-001072","GR-M","Pancreas","Pancreatic Adenocarcinoma","Pancreatic Adenocarcinoma","PAAD",NA,FALSE,"SLC2A1"
"ACH-001075","NCI-H292","Lung","Non-Small Cell Lung Cancer","Mucoepidermoid Carcinoma of the Lung","LUMEC",-0.155995163725597,FALSE,"SLC2A1"
"ACH-001079","HCC1897","Lung","Non-Small Cell Lung Cancer","Lung Squamous Cell Carcinoma","LUSC",NA,FALSE,"SLC2A1"
"ACH-001081","HCC2998","Bowel","Colorectal Adenocarcinoma","Colon Adenocarcinoma","COAD",-0.638965981837782,FALSE,"SLC2A1"
"ACH-001084","HCT-8","Bowel","Colorectal Adenocarcinoma","Colon Adenocarcinoma","COAD",NA,FALSE,"SLC2A1"
"ACH-001086","HeLa","Cervix","Cervical Adenocarcinoma","Endocervical Adenocarcinoma","ECAD",NA,FALSE,"SLC2A1"
"ACH-001087","HK-2","Kidney","Non-Cancerous","Immortalized Embyonic Kidney Cells","",NA,FALSE,"SLC2A1"
"ACH-001088","HLC-1","Lung","Non-Small Cell Lung Cancer","Lung Adenocarcinoma","LUAD",NA,FALSE,"SLC2A1"
"ACH-001089","HLE","Liver","Hepatocellular Carcinoma","Hepatocellular Carcinoma","HCC",NA,FALSE,"SLC2A1"
"ACH-001090","HN","Head and Neck","Head and Neck Squamous Cell Carcinoma","Oral Cavity Squamous Cell Carcinoma","OCSC",NA,FALSE,"SLC2A1"
"ACH-001091","HRT18","Bowel","Colorectal Adenocarcinoma","Colon Adenocarcinoma","COAD",NA,FALSE,"SLC2A1"
"ACH-001093","Hs 604.T","Fibroblast","Non-Cancerous","Fibroblast","",NA,FALSE,"SLC2A1"
"ACH-001094","HTK-","Bone","Osteosarcoma","Osteosarcoma","OS",NA,FALSE,"SLC2A1"
"ACH-001096","JR","Soft Tissue","Rhabdomyosarcoma","Alveolar Rhabdomyosarcoma","ARMS",-0.26325829950583,FALSE,"SLC2A1"
"ACH-001097","KARPAS-384","Lymphoid","Mature T and NK Neoplasms","Adult T-Cell Leukemia/Lymphoma","ATLL",NA,FALSE,"SLC2A1"
"ACH-001098","KCI-MOH1","Pancreas","Pancreatic Adenocarcinoma","Pancreatic Adenocarcinoma","PAAD",-1.14356700442224,FALSE,"SLC2A1"
"ACH-001099","KD","Soft Tissue","Rhabdoid Cancer","Extrarenal Rhabdoid Cancer","",0.149550584366558,FALSE,"SLC2A1"
"ACH-001100","KHYG-1","Lymphoid","T-Lymphoblastic Leukemia/Lymphoma","Natural Killer (NK) Cell Lymphoblastic Leukemia/Lymphoma (NKCLL)","NKCLL",NA,FALSE,"SLC2A1"
"ACH-001101","KLM-1","Pancreas","Pancreatic Adenocarcinoma","Pancreatic Adenocarcinoma","PAAD",NA,FALSE,"SLC2A1"
"ACH-001106","KOPN-8","Lymphoid","B-Lymphoblastic Leukemia/Lymphoma","B-Lymphoblastic Leukemia/Lymphoma with t(v;11q23.3);KMT2A Rearranged","BLLKMT2A",NA,FALSE,"SLC2A1"
"ACH-001107","KP-1N","Pancreas","Pancreatic Adenocarcinoma","Pancreatic Adenocarcinoma","PAAD",-0.927628666991775,FALSE,"SLC2A1"
"ACH-001109","KP-MRT-RY","Kidney","Rhabdoid Cancer","Rhabdoid Cancer","MRT",NA,FALSE,"SLC2A1"
"ACH-001111","L82","Lymphoid","Mature T and NK Neoplasms","Anaplastic Large-Cell Lymphoma ALK Positive","ALCLALKP",-0.299424018799453,FALSE,"SLC2A1"
"ACH-001113","LC-1/sq-SF","Lung","Non-Small Cell Lung Cancer","Lung Squamous Cell Carcinoma","LUSC",NA,FALSE,"SLC2A1"
"ACH-001118","M059J","CNS/Brain","Diffuse Glioma","Glioblastoma","GB",NA,FALSE,"SLC2A1"
"ACH-001119","Mac-2A","Lymphoid","Mature T and NK Neoplasms","Anaplastic Large-Cell Lymphoma ALK Negative","ALCLALKN",-0.0789992504376963,FALSE,"SLC2A1"
"ACH-001121","MEC2","Lymphoid","Mature B-Cell Neoplasms","Chronic Lymphocytic Leukemia/Small Lymphocytic Lymphoma","CLLSLL",NA,FALSE,"SLC2A1"
"ACH-001122","MKL-1","Skin","Merkel Cell Carcinoma","Merkel Cell Carcinoma","MCC",NA,FALSE,"SLC2A1"
"ACH-001123","MKL-2","Skin","Merkel Cell Carcinoma","Merkel Cell Carcinoma","MCC",NA,FALSE,"SLC2A1"
"ACH-001125","MOG-G-CCM","CNS/Brain","Diffuse Glioma","Anaplastic Astrocytoma","AASTR",NA,FALSE,"SLC2A1"
"ACH-001126","MOG-G-UVW","CNS/Brain","Diffuse Glioma","Anaplastic Astrocytoma","AASTR",-0.573302053998738,FALSE,"SLC2A1"
"ACH-001127","MOLT-4","Lymphoid","T-Lymphoblastic Leukemia/Lymphoma","T-Lymphoblastic Leukemia/Lymphoma","TLL",NA,FALSE,"SLC2A1"
"ACH-001128","MON","Soft Tissue","Rhabdoid Cancer","Extrarenal Rhabdoid Cancer","",0.219802977557641,FALSE,"SLC2A1"
"ACH-001129","MONO-MAC-1","Myeloid","Acute Myeloid Leukemia","Acute Monoblastic/Monocytic Leukemia","AMOL",-0.434987961352607,FALSE,"SLC2A1"
"ACH-001130","MOTN-1","Lymphoid","Mature T and NK Neoplasms","T-Cell Large Granular Lymphocytic Leukemia","TLGL",NA,FALSE,"SLC2A1"
"ACH-001131","MS-1","Skin","Merkel Cell Carcinoma","Merkel Cell Carcinoma","MCC",NA,FALSE,"SLC2A1"
"ACH-001132","MTA","Lymphoid","T-Lymphoblastic Leukemia/Lymphoma","Natural Killer (NK) Cell Lymphoblastic Leukemia/Lymphoma (NKCLL)","NKCLL",NA,FALSE,"SLC2A1"
"ACH-001134","MYLA","Lymphoid","T-Lymphoblastic Leukemia/Lymphoma","T-Lymphoblastic Leukemia/Lymphoma","TLL",0.0410121161507889,FALSE,"SLC2A1"
"ACH-001136","NCI-H187","Lung","Lung Neuroendocrine Tumor","Small Cell Lung Cancer","SCLC",NA,FALSE,"SLC2A1"
"ACH-001137","NCI-H1993","Lung","Non-Small Cell Lung Cancer","Lung Adenocarcinoma","LUAD",-0.519253877035741,FALSE,"SLC2A1"
"ACH-001138","NCI-H2141","Lung","Lung Neuroendocrine Tumor","Small Cell Lung Cancer","SCLC",NA,FALSE,"SLC2A1"
"ACH-001142","NHAHTDD","CNS/Brain","Non-Cancerous","Immortalized Epithelial Cells, CNS","",NA,FALSE,"SLC2A1"
"ACH-001143","NKL","Lymphoid","T-Lymphoblastic Leukemia/Lymphoma","Natural Killer (NK) Cell Lymphoblastic Leukemia/Lymphoma (NKCLL)","NKCLL",NA,FALSE,"SLC2A1"
"ACH-001144","OC315","Ovary/Fallopian Tube","Ovarian Epithelial Tumor","Serous Ovarian Cancer","SOC",NA,FALSE,"SLC2A1"
"ACH-001145","OC 316","Ovary/Fallopian Tube","Ovarian Epithelial Tumor","Serous Ovarian Cancer","SOC",0.0688327587396679,FALSE,"SLC2A1"
"ACH-001146","OCI-Ly10","Lymphoid","Mature B-Cell Neoplasms","Activated B-cell Type","ABC",NA,FALSE,"SLC2A1"
"ACH-001147","OCI-Ly12","Lymphoid","Mature T and NK Neoplasms","Follicular T-Cell Lymphoma","FTCL",NA,FALSE,"SLC2A1"
"ACH-001148","OCILY-132","Lymphoid","Mature B-Cell Neoplasms","Diffuse Large B-Cell Lymphoma, NOS","DLBCLNOS",NA,FALSE,"SLC2A1"
"ACH-001150","OUMS-27","Bone","Chondrosarcoma","Chondrosarcoma","CHS",NA,FALSE,"SLC2A1"
"ACH-001151","OVCAR-5","Ovary/Fallopian Tube","Ovarian Epithelial Tumor","High-Grade Serous Ovarian Cancer","HGSOC",-0.692828601663519,FALSE,"SLC2A1"
"ACH-001162","PCM6","Lymphoid","Mature B-Cell Neoplasms","Plasma Cell Myeloma","PCM",NA,FALSE,"SLC2A1"
"ACH-001163","CCLF_PEDS_0001_T","Kidney","Renal Cell Carcinoma","Renal Medullary Carcinoma","MRC",0.00492028829913083,FALSE,"SLC2A1"
"ACH-001164","CCLF_PEDS_0003_T","Soft Tissue","Undifferentiated Pleomorphic Sarcoma/Malignant Fibrous Histiocytoma/High-Grade Spindle Cell Sarcoma","Undifferentiated Pleomorphic Sarcoma/Malignant Fibrous Histiocytoma/High-Grade Spindle Cell Sarcoma","MFH",-0.663667553658027,FALSE,"SLC2A1"
"ACH-001170","PeTa","Skin","Merkel Cell Carcinoma","Merkel Cell Carcinoma","MCC",NA,FALSE,"SLC2A1"
"ACH-001171","PL45","Pancreas","Pancreatic Adenocarcinoma","Pancreatic Adenocarcinoma","PAAD",NA,FALSE,"SLC2A1"
"ACH-001172","U-251 MG DM","CNS/Brain","Diffuse Glioma","Astrocytoma","ASTR",-0.156710137216974,FALSE,"SLC2A1"
"ACH-001175","RCC-4","Kidney","Renal Cell Carcinoma","Renal Clear Cell Carcinoma","CCRCC",NA,FALSE,"SLC2A1"
"ACH-001182","RPMI 6666","Lymphoid","B-Lymphoblastic Leukemia/Lymphoma","B-Lymphoblastic Leukemia/Lymphoma","BLL",NA,FALSE,"SLC2A1"
"ACH-001183","RT112/84","Bladder/Urinary Tract","Bladder Urothelial Carcinoma","Bladder Urothelial Carcinoma","BLCA",-0.024449075339063,FALSE,"SLC2A1"
"ACH-001184","SCMC-RM2","Soft Tissue","Rhabdomyosarcoma","Alveolar Rhabdomyosarcoma","ARMS",-0.302267999631451,FALSE,"SLC2A1"
"ACH-001188","SH-SY5Y","Peripheral Nervous System","Neuroblastoma","Neuroblastoma","NBL",-0.761896397035634,FALSE,"SLC2A1"
"ACH-001189","SJRH-30","Soft Tissue","Rhabdomyosarcoma","Alveolar Rhabdomyosarcoma","ARMS",NA,FALSE,"SLC2A1"
"ACH-001190","SK-MEL-2","Skin","Melanoma","Melanoma","MEL",-0.275263817143484,FALSE,"SLC2A1"
"ACH-001192","SK-NEP-1","Bone","Ewing Sarcoma","Ewing Sarcoma","ES",-0.408410258046463,FALSE,"SLC2A1"
"ACH-001193","SK-PN-DW","Bone","Ewing Sarcoma","Ewing Sarcoma","ES",-0.426952873166508,FALSE,"SLC2A1"
"ACH-001194","SK-RC-31","Kidney","Renal Cell Carcinoma","Renal Cell Carcinoma","RCC",-0.145151770190416,FALSE,"SLC2A1"
"ACH-001196","SMS-CTR","Soft Tissue","Rhabdomyosarcoma","Embryonal Rhabdomyosarcoma","ERMS",-0.14730815560087,FALSE,"SLC2A1"
"ACH-001197","SMZ-1","Lymphoid","Non-Hodgkin Lymphoma","Mature T and NK Neoplasms","MTNN",-0.341536369489339,FALSE,"SLC2A1"
"ACH-001198","SNB19","CNS/Brain","Diffuse Glioma","Astrocytoma","ASTR",NA,FALSE,"SLC2A1"
"ACH-001199","SNUC2B","Bowel","Colorectal Adenocarcinoma","Colon Adenocarcinoma","COAD",NA,FALSE,"SLC2A1"
"ACH-001200","STM91-01","Kidney","Rhabdoid Cancer","Rhabdoid Cancer","MRT",NA,FALSE,"SLC2A1"
"ACH-001201","SU-MB-002","CNS/Brain","Embryonal Tumor","Medulloblastoma","MBL",NA,TRUE,"SLC2A1"
"ACH-001203","SUP-HD1","Lymphoid","Hodgkin Lymphoma","Hodgkin Lymphoma","HL",NA,FALSE,"SLC2A1"
"ACH-001205","TC-32","Bone","Ewing Sarcoma","Ewing Sarcoma","ES",-0.460113638698179,FALSE,"SLC2A1"
"ACH-001206","TTC-466","Bone","Ewing Sarcoma","Ewing Sarcoma","ES",NA,FALSE,"SLC2A1"
"ACH-001207","TIG-3 TD","Fibroblast","Non-Cancerous","Fibroblast, Lung","",NA,FALSE,"SLC2A1"
"ACH-001208","TK-10","Kidney","Renal Cell Carcinoma","Renal Clear Cell Carcinoma","CCRCC",NA,FALSE,"SLC2A1"
"ACH-001209","TOM-1","Lymphoid","B-Lymphoblastic Leukemia/Lymphoma","B-Lymphoblastic Leukemia/Lymphoma with t(9;22)(q34.1;q11.2);BCR-ABL1","BLLBCRABL1",NA,FALSE,"SLC2A1"
"ACH-001210","TTC-1240","Kidney","Rhabdoid Cancer","Rhabdoid Cancer","MRT",NA,FALSE,"SLC2A1"
"ACH-001211","TTC-549","Soft Tissue","Rhabdoid Cancer","Extrarenal Rhabdoid Cancer","",0.237715859012604,FALSE,"SLC2A1"
"ACH-001212","TTC-642","Soft Tissue","Rhabdoid Cancer","Extrarenal Rhabdoid Cancer","",NA,FALSE,"SLC2A1"
"ACH-001214","U-138 MG","CNS/Brain","Diffuse Glioma","Glioblastoma","GB",NA,FALSE,"SLC2A1"
"ACH-001224","UM-RC-2","Kidney","Renal Cell Carcinoma","Renal Clear Cell Carcinoma","CCRCC",NA,FALSE,"SLC2A1"
"ACH-001225","UM-RC-6","Kidney","Renal Cell Carcinoma","Renal Cell Carcinoma","RCC",NA,FALSE,"SLC2A1"
"ACH-001227","UPCI-SCC-090","Head and Neck","Head and Neck Squamous Cell Carcinoma","Oral Cavity Squamous Cell Carcinoma","OCSC",-0.229434746216767,FALSE,"SLC2A1"
"ACH-001228","UPCI-SCC-152","Head and Neck","Head and Neck Squamous Cell Carcinoma","Oral Cavity Squamous Cell Carcinoma","OCSC",-0.327188364373763,FALSE,"SLC2A1"
"ACH-001229","UPCI-SCC-154","Head and Neck","Head and Neck Squamous Cell Carcinoma","Oral Cavity Squamous Cell Carcinoma","OCSC",-0.38703146640229,FALSE,"SLC2A1"
"ACH-001230","UT-7","Myeloid","Acute Myeloid Leukemia","Acute Megakaryoblastic Leukemia","AMKL",NA,FALSE,"SLC2A1"
"ACH-001232","UW228","CNS/Brain","Embryonal Tumor","Medulloblastoma","MBL",-0.257271749701201,TRUE,"SLC2A1"
"ACH-001233","VMRC-LCD","Lung","Non-Small Cell Lung Cancer","Lung Adenocarcinoma","LUAD",-0.548483502504338,FALSE,"SLC2A1"
"ACH-001234","VMRC-LCP","Lung","Non-Small Cell Lung Cancer","Lung Squamous Cell Carcinoma","LUSC",NA,FALSE,"SLC2A1"
"ACH-001239","WM-266-4","Skin","Melanoma","Melanoma","MEL",-0.384282276924775,FALSE,"SLC2A1"
"ACH-001249","YMB-1","Breast","Invasive Breast Carcinoma","Breast Invasive Ductal Carcinoma","IDC",NA,FALSE,"SLC2A1"
"ACH-001270","1273/99","Soft Tissue","Synovial Sarcoma","Synovial Sarcoma","SYNS",-0.251089911033265,FALSE,"SLC2A1"
"ACH-001272","Fuji","Soft Tissue","Synovial Sarcoma","Synovial Sarcoma","SYNS",NA,FALSE,"SLC2A1"
"ACH-001274","SW982","Soft Tissue","Synovial Sarcoma","Synovial Sarcoma","SYNS",0.138683661350579,FALSE,"SLC2A1"
"ACH-001275","OSA 1777","Bone","Osteosarcoma","Osteosarcoma","OS",-0.522695020132635,FALSE,"SLC2A1"
"ACH-001277","Yamato","Soft Tissue","Synovial Sarcoma","Synovial Sarcoma","SYNS",-0.166728047419171,FALSE,"SLC2A1"
"ACH-001278","BIN-67","Ovary/Fallopian Tube","Ovarian Epithelial Tumor","Small Cell Carcinoma of the Ovary","SCCO",-0.549408971093639,FALSE,"SLC2A1"
"ACH-001279","SCCOHT-1","Ovary/Fallopian Tube","Ovarian Epithelial Tumor","Small Cell Carcinoma of the Ovary","SCCO",-0.0375494938149598,FALSE,"SLC2A1"
"ACH-001280","SCS-214","Soft Tissue","Synovial Sarcoma","Synovial Sarcoma","SYNS",-0.040522038909535,FALSE,"SLC2A1"
"ACH-001282","CHLA-258","Bone","Ewing Sarcoma","Ewing Sarcoma","ES",NA,FALSE,"SLC2A1"
"ACH-001283","TC-106","Bone","Ewing Sarcoma","Ewing Sarcoma","ES",-0.165493432507084,FALSE,"SLC2A1"
"ACH-001289","COG-AR-359","CNS/Brain","Embryonal Tumor","Atypical Teratoid/Rhabdoid Tumor","ATRT",0.115250709566374,FALSE,"SLC2A1"
"ACH-001295","Y-79","Eye","Retinoblastoma","Retinoblastoma","RBL",-1.38930032912394,FALSE,"SLC2A1"
"ACH-001300","CHLA-15","Peripheral Nervous System","Neuroblastoma","Neuroblastoma","NBL",-0.351639082889273,FALSE,"SLC2A1"
"ACH-001301","COG-N-278","Peripheral Nervous System","Neuroblastoma","Neuroblastoma","NBL",-0.3371579288167,FALSE,"SLC2A1"
"ACH-001302","COG-N-305","Peripheral Nervous System","Neuroblastoma","Neuroblastoma","NBL",-0.394178662235144,FALSE,"SLC2A1"
"ACH-001303","NB-1643","Peripheral Nervous System","Neuroblastoma","Neuroblastoma","NBL",-0.878597465570693,FALSE,"SLC2A1"
"ACH-001306","8305C","Thyroid","Anaplastic Thyroid Cancer","Anaplastic Thyroid Cancer","THAP",-0.114682240466315,FALSE,"SLC2A1"
"ACH-001307","8505C","Thyroid","Anaplastic Thyroid Cancer","Anaplastic Thyroid Cancer","THAP",-0.857603539954745,FALSE,"SLC2A1"
"ACH-001310","HA1E","Kidney","Non-Cancerous","Immortalized Embyonic Kidney Cells","",-0.136671912376801,FALSE,"SLC2A1"
"ACH-001318","PLC/PRF/5","Liver","Hepatocellular Carcinoma","Hepatocellular Carcinoma","HCC",-0.174510152782195,FALSE,"SLC2A1"
"ACH-001321","TT","Thyroid","Medullary Thyroid Cancer","Medullary Thyroid Cancer","THME",NA,FALSE,"SLC2A1"
"ACH-001322","CME-1","Soft Tissue","Synovial Sarcoma","Synovial Sarcoma","SYNS",-0.192292677030894,FALSE,"SLC2A1"
"ACH-001328","A-431","Skin","Cutaneous Squamous Cell Carcinoma","Cutaneous Squamous Cell Carcinoma","CSCC",-0.215320634913832,FALSE,"SLC2A1"
"ACH-001329","ANGM-CSS","CNS/Brain","Diffuse Glioma","Glioblastoma","GB",-0.0871916210417084,FALSE,"SLC2A1"
"ACH-001331","BICR 10","Head and Neck","Head and Neck Squamous Cell Carcinoma","Oral Cavity Squamous Cell Carcinoma","OCSC",-0.337563484997375,FALSE,"SLC2A1"
"ACH-001332","BICR 78","Head and Neck","Head and Neck Squamous Cell Carcinoma","Oral Cavity Squamous Cell Carcinoma","OCSC",-0.307080389799664,FALSE,"SLC2A1"
"ACH-001333","C-33 A","Cervix","Cervical Squamous Cell Carcinoma","Cervical Squamous Cell Carcinoma","CESC",-0.189775550403246,FALSE,"SLC2A1"
"ACH-001334","C-4 I","Cervix","Cervical Squamous Cell Carcinoma","Cervical Squamous Cell Carcinoma","CESC",-1.35663908584569,FALSE,"SLC2A1"
"ACH-001335","C-4 II","Cervix","Cervical Squamous Cell Carcinoma","Cervical Squamous Cell Carcinoma","CESC",-0.0246679528781999,FALSE,"SLC2A1"
"ACH-001336","Ca Ski","Cervix","Cervical Squamous Cell Carcinoma","Cervical Squamous Cell Carcinoma","CESC",-0.778641932987941,FALSE,"SLC2A1"
"ACH-001338","CHP-134","Peripheral Nervous System","Neuroblastoma","Neuroblastoma","NBL",-0.490738418765351,FALSE,"SLC2A1"
"ACH-001339","Colo 794","Skin","Melanoma","Cutaneous Melanoma","SKCM",NA,FALSE,"SLC2A1"
"ACH-001340","COV413A","Ovary/Fallopian Tube","Ovarian Epithelial Tumor","Serous Ovarian Cancer","SOC",0.0316505718978174,FALSE,"SLC2A1"
"ACH-001341","DoTc2 4510","Cervix","Mixed Cervical Carcinoma","Mixed Cervical Carcinoma","MCCE",-0.380892379382495,FALSE,"SLC2A1"
"ACH-001344","GI-ME-N","Peripheral Nervous System","Neuroblastoma","Neuroblastoma","NBL",-0.270398953991325,FALSE,"SLC2A1"
"ACH-001345","GP5d","Bowel","Colorectal Adenocarcinoma","Colon Adenocarcinoma","COAD",-0.666599158250009,FALSE,"SLC2A1"
"ACH-001346","H103","Head and Neck","Head and Neck Squamous Cell Carcinoma","Oral Cavity Squamous Cell Carcinoma","OCSC",-0.32946480376757,FALSE,"SLC2A1"
"ACH-001347","H157","Head and Neck","Head and Neck Squamous Cell Carcinoma","Oral Cavity Squamous Cell Carcinoma","OCSC",-0.0259942592642487,FALSE,"SLC2A1"
"ACH-001350","HTC-C3","Thyroid","Anaplastic Thyroid Cancer","Anaplastic Thyroid Cancer","THAP",NA,FALSE,"SLC2A1"
"ACH-001353","JOPACA-1","Pancreas","Pancreatic Adenocarcinoma","Pancreatic Adenocarcinoma","PAAD",-0.537966091293649,FALSE,"SLC2A1"
"ACH-001354","LAN-2","Peripheral Nervous System","Neuroblastoma","Neuroblastoma","NBL",-0.452564781490747,FALSE,"SLC2A1"
"ACH-001355","LAN-6","Peripheral Nervous System","Neuroblastoma","Neuroblastoma","NBL",NA,FALSE,"SLC2A1"
"ACH-001356","MB-1","Thyroid","Anaplastic Thyroid Cancer","Anaplastic Thyroid Cancer","THAP",-0.721218179246289,FALSE,"SLC2A1"
"ACH-001357","MCF 10A","Breast","Non-Cancerous","Immortalized Breast Cells","",NA,FALSE,"SLC2A1"
"ACH-001358","MDA-MB-330","Breast","Invasive Breast Carcinoma","Breast Invasive Lobular Carcinoma","ILC",NA,FALSE,"SLC2A1"
"ACH-001359","ME-180","Cervix","Cervical Squamous Cell Carcinoma","Cervical Squamous Cell Carcinoma","CESC",NA,FALSE,"SLC2A1"
"ACH-001360","MS751","Cervix","Cervical Squamous Cell Carcinoma","Cervical Squamous Cell Carcinoma","CESC",-0.0291507973105004,FALSE,"SLC2A1"
"ACH-001362","NCI-H1770","Lung","Non-Small Cell Lung Cancer","Non-Small Cell Lung Cancer","NSCLC",NA,FALSE,"SLC2A1"
"ACH-001363","NCI-H2135","Lung","Non-Small Cell Lung Cancer","Non-Small Cell Lung Cancer","NSCLC",NA,FALSE,"SLC2A1"
"ACH-001364","NCI-H345","Lung","Lung Neuroendocrine Tumor","Small Cell Lung Cancer","SCLC",NA,FALSE,"SLC2A1"
"ACH-001365","NCI-H847","Lung","Lung Neuroendocrine Tumor","Small Cell Lung Cancer","SCLC",NA,FALSE,"SLC2A1"
"ACH-001366","NGP","Peripheral Nervous System","Neuroblastoma","Neuroblastoma","NBL",-0.666092897240976,FALSE,"SLC2A1"
"ACH-001367","NMB","Peripheral Nervous System","Neuroblastoma","Neuroblastoma","NBL",-0.556800486715502,FALSE,"SLC2A1"
"ACH-001368","OAC-M5.1","Esophagus/Stomach","Esophagogastric Adenocarcinoma","Esophageal Adenocarcinoma","ESCA",-0.0819189006268298,FALSE,"SLC2A1"
"ACH-001369","OCI-C5x","Ovary/Fallopian Tube","Ovarian Epithelial Tumor","Clear Cell Ovarian Cancer","CCOV",NA,FALSE,"SLC2A1"
"ACH-001370","OCI-P5x","Ovary/Fallopian Tube","Ovarian Epithelial Tumor","Serous Ovarian Cancer","SOC",-0.295050721336177,FALSE,"SLC2A1"
"ACH-001373","OV17R","Ovary/Fallopian Tube","Ovarian Epithelial Tumor","Serous Ovarian Cancer","SOC",NA,FALSE,"SLC2A1"
"ACH-001374","PA-1 [PA1]","Ovary/Fallopian Tube","Ovarian Germ Cell Tumor","Mixed Germ Cell Tumor","OMGCT",-0.4245839803262,FALSE,"SLC2A1"
"ACH-001375","PACADD-119","Pancreas","Pancreatic Adenocarcinoma","Pancreatic Adenocarcinoma","PAAD",-0.407874022231662,FALSE,"SLC2A1"
"ACH-001376","PACADD-135","Pancreas","Pancreatic Adenocarcinoma","Pancreatic Adenocarcinoma","PAAD",NA,FALSE,"SLC2A1"
"ACH-001377","PACADD-137","Pancreas","Pancreatic Adenocarcinoma","Pancreatic Adenocarcinoma","PAAD",-0.280244228759982,FALSE,"SLC2A1"
"ACH-001378","PACADD-159","Pancreas","Pancreatic Adenocarcinoma","Pancreatic Adenocarcinoma","PAAD",NA,FALSE,"SLC2A1"
"ACH-001379","PACADD-161","Pancreas","Pancreatic Adenocarcinoma","Pancreatic Adenocarcinoma","PAAD",-1.3919085016903,FALSE,"SLC2A1"
"ACH-001380","PACADD-165","Pancreas","Pancreatic Adenocarcinoma","Pancreatic Adenocarcinoma","PAAD",-0.655565303725454,FALSE,"SLC2A1"
"ACH-001382","PACADD-188","Pancreas","Pancreatic Adenocarcinoma","Pancreatic Adenocarcinoma","PAAD",-0.44548684086159,FALSE,"SLC2A1"
"ACH-001383","PWR-1E","Prostate","Non-Cancerous","Immortalized Prostate Cells","",NA,FALSE,"SLC2A1"
"ACH-001384","RO82-W-1","Thyroid","Well-Differentiated Thyroid Cancer","Follicular Thyroid Cancer","THFO",NA,FALSE,"SLC2A1"
"ACH-001385","RPMI 2650","Head and Neck","Head and Neck Carcinoma, Other","NUT Midline Carcinoma of the Head and Neck","NMCHN",-1.17709343498022,FALSE,"SLC2A1"
"ACH-001386","SCLC-22H","Lung","Lung Neuroendocrine Tumor","Small Cell Lung Cancer","SCLC",-1.11207930606024,FALSE,"SLC2A1"
"ACH-001388","SUM-102PT","Breast","Invasive Breast Carcinoma","Breast Invasive Ductal Carcinoma","IDC",0.0718562411119136,FALSE,"SLC2A1"
"ACH-001389","SUM-1315MO2","Breast","Invasive Breast Carcinoma","Breast Invasive Ductal Carcinoma","IDC",-0.156202669261849,FALSE,"SLC2A1"
"ACH-001390","SUM-149PT","Breast","Invasive Breast Carcinoma","Breast Invasive Ductal Carcinoma","IDC",-0.783779895602887,FALSE,"SLC2A1"
"ACH-001391","SUM-159PT","Breast","Invasive Breast Carcinoma","Invasive Breast Carcinoma","BRCA",-0.0624364340075015,FALSE,"SLC2A1"
"ACH-001392","SUM-185PE","Breast","Invasive Breast Carcinoma","Invasive Breast Carcinoma","BRCA",-0.101634058545169,FALSE,"SLC2A1"
"ACH-001393","SUM-190PT","Breast","Invasive Breast Carcinoma","Invasive Breast Carcinoma","BRCA",-0.30522528587379,FALSE,"SLC2A1"
"ACH-001394","SUM-229PE","Breast","Invasive Breast Carcinoma","Invasive Breast Carcinoma","BRCA",-0.553116918917471,FALSE,"SLC2A1"
"ACH-001395","SUM-44PE","Breast","Invasive Breast Carcinoma","Breast Invasive Lobular Carcinoma","ILC",NA,FALSE,"SLC2A1"
"ACH-001396","SUM-52PE","Breast","Invasive Breast Carcinoma","Invasive Breast Carcinoma","BRCA",-0.551449692716132,FALSE,"SLC2A1"
"ACH-001397","SUM225CWN","Breast","Invasive Breast Carcinoma","Breast Invasive Cancer, NOS","BRCANOS",NA,FALSE,"SLC2A1"
"ACH-001398","SW 156","Kidney","Renal Cell Carcinoma","Renal Cell Carcinoma","RCC",0.0554259183162683,FALSE,"SLC2A1"
"ACH-001399","SW 626","Bowel","Colorectal Adenocarcinoma","Colon Adenocarcinoma","COAD",-0.149385195663956,FALSE,"SLC2A1"
"ACH-001400","SW 954","Vulva/Vagina","Squamous Cell Carcinoma of the Vulva/Vagina","Squamous Cell Carcinoma of the Vulva/Vagina","VSC",-0.431949339082416,FALSE,"SLC2A1"
"ACH-001401","SW-13","Adrenal Gland","Adrenocortical Carcinoma","Adrenocortical Carcinoma","ACC",-0.130841225867548,FALSE,"SLC2A1"
"ACH-001402","SW756","Cervix","Cervical Squamous Cell Carcinoma","Cervical Squamous Cell Carcinoma","CESC",0.000490027650705882,FALSE,"SLC2A1"
"ACH-001403","TO14","Ovary/Fallopian Tube","Ovarian Epithelial Tumor","Serous Ovarian Cancer","SOC",-0.26229858582194,FALSE,"SLC2A1"
"ACH-001407","UM-UC-13","Bladder/Urinary Tract","Bladder Urothelial Carcinoma","Bladder Urothelial Carcinoma","BLCA",-0.445010544145006,FALSE,"SLC2A1"
"ACH-001408","UM-UC-14","Bladder/Urinary Tract","Urethral Cancer","Urethral Urothelial Carcinoma","UCU",-0.497398639395052,FALSE,"SLC2A1"
"ACH-001409","UM-UC-16","Bladder/Urinary Tract","Bladder Urothelial Carcinoma","Bladder Urothelial Carcinoma","BLCA",-0.654466846306986,FALSE,"SLC2A1"
"ACH-001410","UM-UC-4","Bladder/Urinary Tract","Bladder Urothelial Carcinoma","Bladder Urothelial Carcinoma","BLCA",NA,FALSE,"SLC2A1"
"ACH-001411","UM-UC-5","Bladder/Urinary Tract","Bladder Squamous Cell Carcinoma","Bladder Squamous Cell Carcinoma","BLSC",-0.256832972726356,FALSE,"SLC2A1"
"ACH-001412","UM-UC-10","Bladder/Urinary Tract","Bladder Urothelial Carcinoma","Bladder Urothelial Carcinoma","BLCA",-0.754282456376506,FALSE,"SLC2A1"
"ACH-001413","UM-UC-11","Bladder/Urinary Tract","Bladder Urothelial Carcinoma","Bladder Urothelial Carcinoma","BLCA",-0.0371163805497008,FALSE,"SLC2A1"
"ACH-001414","UM-UC-6","Bladder/Urinary Tract","Bladder Urothelial Carcinoma","Bladder Urothelial Carcinoma","BLCA",-0.678779172719615,FALSE,"SLC2A1"
"ACH-001415","UM-UC7","Bladder/Urinary Tract","Bladder Urothelial Carcinoma","Bladder Urothelial Carcinoma","BLCA",-0.30289458897766,FALSE,"SLC2A1"
"ACH-001416","UM-UC9","Bladder/Urinary Tract","Bladder Urothelial Carcinoma","Bladder Urothelial Carcinoma","BLCA",-0.319556298572209,FALSE,"SLC2A1"
"ACH-001417","UMC-11","Lung","Lung Neuroendocrine Tumor","Lung Carcinoid","LUCA",NA,FALSE,"SLC2A1"
"ACH-001418","UWB1.289","Ovary/Fallopian Tube","Ovarian Epithelial Tumor","Serous Ovarian Cancer","SOC",-1.50786052950751,FALSE,"SLC2A1"
"ACH-001419","VP229","Breast","Invasive Breast Carcinoma","Breast Invasive Ductal Carcinoma","IDC",-0.679950916686848,FALSE,"SLC2A1"
"ACH-001421","WERI-Rb-1","Eye","Retinoblastoma","Retinoblastoma","RBL",-0.0743509509460884,FALSE,"SLC2A1"
"ACH-001422","WPE1-NA22","Prostate","Non-Cancerous","Immortalized Epithelial Cells, Prostate","",-0.488544784136479,FALSE,"SLC2A1"
"ACH-001423","CCLF_PEDS_0002_T","Kidney","Wilms' Tumor","Wilms' Tumor","WT",NA,FALSE,"SLC2A1"
"ACH-001427","CCLF_PEDS_0007_T","Bone","Ewing Sarcoma","Ewing Sarcoma","ES",NA,FALSE,"SLC2A1"
"ACH-001428","CCLF_PEDS_0010_T","Bone","Ewing Sarcoma","Ewing Sarcoma","ES",NA,FALSE,"SLC2A1"
"ACH-001430","TC-138","Bone","Ewing Sarcoma","Ewing Sarcoma","ES",-0.327860441381806,FALSE,"SLC2A1"
"ACH-001431","TC-205","Bone","Ewing Sarcoma","Ewing Sarcoma","ES",-0.103124096639828,FALSE,"SLC2A1"
"ACH-001433","CCLF_PEDS_0008_T","Soft Tissue","Epithelioid Sarcoma","Epithelioid Sarcoma","EPIS",-0.411704936920267,FALSE,"SLC2A1"
"ACH-001435","1156QE/8","Testis","Non-Seminomatous Germ Cell Tumor","Embryonal Carcinoma","EMBCA",NA,FALSE,"SLC2A1"
"ACH-001436","1411H","Testis","Non-Seminomatous Germ Cell Tumor","Yolk Sac Tumor","TYST",0.0709444752824466,FALSE,"SLC2A1"
"ACH-001437","1618-K","Testis","Non-Seminomatous Germ Cell Tumor","Embryonal Carcinoma","EMBCA",NA,FALSE,"SLC2A1"
"ACH-001438","1777N Rpmet","Testis","Non-Seminomatous Germ Cell Tumor","Embryonal Carcinoma","EMBCA",NA,FALSE,"SLC2A1"
"ACH-001440","833KE","Testis","Non-Seminomatous Germ Cell Tumor","Embryonal Carcinoma","EMBCA",NA,FALSE,"SLC2A1"
"ACH-001441","92-1","Eye","Ocular Melanoma","Uveal Melanoma","UM",NA,FALSE,"SLC2A1"
"ACH-001442","A388","Skin","Cutaneous Squamous Cell Carcinoma","Cutaneous Squamous Cell Carcinoma","CSCC",0.0383103866801667,FALSE,"SLC2A1"
"ACH-001443","ASH-3","Thyroid","Anaplastic Thyroid Cancer","Anaplastic Thyroid Cancer","THAP",-0.34432551988099,FALSE,"SLC2A1"
"ACH-001445","BICR 3","Head and Neck","Head and Neck Squamous Cell Carcinoma","Oral Cavity Squamous Cell Carcinoma","OCSC",NA,FALSE,"SLC2A1"
"ACH-001447","BJAB","Lymphoid","Mature B-Cell Neoplasms","Burkitt Lymphoma","BL",NA,FALSE,"SLC2A1"
"ACH-001449","BL-2","Lymphoid","Mature B-Cell Neoplasms","Burkitt Lymphoma","BL",NA,FALSE,"SLC2A1"
"ACH-001450","BLUE-1","Lymphoid","Mature B-Cell Neoplasms","Burkitt Lymphoma","BL",-1.36726859909883,FALSE,"SLC2A1"
"ACH-001451","BOKU","Cervix","Cervical Squamous Cell Carcinoma","Cervical Squamous Cell Carcinoma","CESC",-1.5619457854341,FALSE,"SLC2A1"
"ACH-001452","BONNA-12","Lymphoid","Mature B-Cell Neoplasms","Hairy Cell Leukemia","HCL",NA,FALSE,"SLC2A1"
"ACH-001453","BPH-1","Prostate","Non-Cancerous","Hyperplasia, Prostate","",-1.00800730341916,FALSE,"SLC2A1"
"ACH-001454","C10","Bowel","Colorectal Adenocarcinoma","Colon Adenocarcinoma","COAD",-0.108609416591049,FALSE,"SLC2A1"
"ACH-001456","C125PM","Bowel","Colorectal Adenocarcinoma","Colorectal Adenocarcinoma","COADREAD",NA,FALSE,"SLC2A1"
"ACH-001458","C75","Bowel","Colorectal Adenocarcinoma","Colon Adenocarcinoma","COAD",-1.21814863968527,FALSE,"SLC2A1"
"ACH-001459","C80","Bowel","Colorectal Adenocarcinoma","Rectal Adenocarcinoma","READ",-0.316884023632457,FALSE,"SLC2A1"
"ACH-001460","C84","Bowel","Colorectal Adenocarcinoma","Colon Adenocarcinoma","COAD",-0.15584472516142,FALSE,"SLC2A1"
"ACH-001461","C99","Bowel","Colorectal Adenocarcinoma","Rectal Adenocarcinoma","READ",-0.116331178821933,FALSE,"SLC2A1"
"ACH-001465","CHLA-136","Peripheral Nervous System","Neuroblastoma","Neuroblastoma","NBL",NA,FALSE,"SLC2A1"
"ACH-001481","CHLA-90","Peripheral Nervous System","Neuroblastoma","Neuroblastoma","NBL",-0.322554333960159,FALSE,"SLC2A1"
"ACH-001484","CI","Lymphoid","Mature B-Cell Neoplasms","Chronic Lymphocytic Leukemia/Small Lymphocytic Lymphoma","CLLSLL",-0.411744081081552,FALSE,"SLC2A1"
"ACH-001485","CII","Lymphoid","B-Lymphoblastic Leukemia/Lymphoma","B-Lymphoblastic Leukemia/Lymphoma","BLL",NA,FALSE,"SLC2A1"
"ACH-001489","COR-L32","Lung","Non-Small Cell Lung Cancer","Lung Squamous Cell Carcinoma","LUSC",NA,FALSE,"SLC2A1"
"ACH-001490","COR-L321","Lung","Non-Small Cell Lung Cancer","Lung Adenocarcinoma","LUAD",NA,FALSE,"SLC2A1"
"ACH-001492","DOGKIT","Lymphoid","Mature B-Cell Neoplasms","Burkitt Lymphoma","BL",NA,FALSE,"SLC2A1"
"ACH-001493","DOGUM","Lymphoid","Mature B-Cell Neoplasms","Burkitt Lymphoma","BL",NA,FALSE,"SLC2A1"
"ACH-001494","EGI-1","Biliary Tract","Intraductal Papillary Neoplasm of the Bile Duct","Extrahepatic Cholangiocarcinoma","EHCH",-0.434673094466023,FALSE,"SLC2A1"
"ACH-001495","EMTOKA","Uterus","Endometrial Carcinoma","Uterine Carcinosarcoma/Uterine Malignant Mixed Mullerian Tumor","UCS",-0.21574844451154,FALSE,"SLC2A1"
"ACH-001496","ESO26","Esophagus/Stomach","Esophagogastric Adenocarcinoma","Adenocarcinoma of the Gastroesophageal Junction","GEJ",-0.509031315587753,FALSE,"SLC2A1"
"ACH-001497","ESO51","Esophagus/Stomach","Esophagogastric Adenocarcinoma","Esophageal Adenocarcinoma","ESCA",-0.871327351124895,FALSE,"SLC2A1"
"ACH-001498","Farage","Lymphoid","Mature B-Cell Neoplasms","Germinal Center B-Cell Type","GCB",-0.0194616339107653,FALSE,"SLC2A1"
"ACH-001500","FLO-1","Esophagus/Stomach","Esophagogastric Adenocarcinoma","Esophageal Adenocarcinoma","ESCA",-0.489400131283835,FALSE,"SLC2A1"
"ACH-001502","GCT-27","Testis","Non-Seminomatous Germ Cell Tumor","Teratoma","TT",-0.466928213522195,FALSE,"SLC2A1"
"ACH-001503","GUMBUS","Lymphoid","Mature B-Cell Neoplasms","Burkitt Lymphoma","BL",NA,FALSE,"SLC2A1"
"ACH-001508","H314","Head and Neck","Head and Neck Squamous Cell Carcinoma","Oral Cavity Squamous Cell Carcinoma","OCSC",-0.82509788826462,FALSE,"SLC2A1"
"ACH-001509","H357","Head and Neck","Head and Neck Squamous Cell Carcinoma","Oral Cavity Squamous Cell Carcinoma","OCSC",-0.569654748944573,FALSE,"SLC2A1"
"ACH-001510","H376","Head and Neck","Head and Neck Squamous Cell Carcinoma","Oral Cavity Squamous Cell Carcinoma","OCSC",-0.200917998934016,FALSE,"SLC2A1"
"ACH-001511","H413","Head and Neck","Head and Neck Squamous Cell Carcinoma","Oral Cavity Squamous Cell Carcinoma","OCSC",-0.0840123626958942,FALSE,"SLC2A1"
"ACH-001513","HCA-1","Cervix","Cervical Adenocarcinoma","Endocervical Adenocarcinoma","ECAD",-0.204287161834012,FALSE,"SLC2A1"
"ACH-001514","HCC1008","Breast","Invasive Breast Carcinoma","Breast Invasive Ductal Carcinoma","IDC",NA,FALSE,"SLC2A1"
"ACH-001515","HCS-2","Cervix","Cervical Squamous Cell Carcinoma","Cervical Squamous Cell Carcinoma","CESC",-0.797943302480115,FALSE,"SLC2A1"
"ACH-001516","HCSC-1","Cervix","Cervical Adenocarcinoma","Endocervical Adenocarcinoma","ECAD",NA,FALSE,"SLC2A1"
"ACH-001517","HEC-1","Uterus","Endometrial Carcinoma","Endometrial Carcinoma","UCEC",-0.651858889410331,FALSE,"SLC2A1"
"ACH-001518","HEC-116","Uterus","Endometrial Carcinoma","Endometrial Carcinoma","UCEC",-0.327325888268441,FALSE,"SLC2A1"
"ACH-001519","H-EMC-SS","Bone","Chondrosarcoma","Extraskeletal Myxoid Chondrosarcoma","EMCHS",NA,FALSE,"SLC2A1"
"ACH-001520","HG-3","Lymphoid","B-Lymphoblastic Leukemia/Lymphoma","B-Lymphoblastic Leukemia/Lymphoma","BLL",-0.472020572142652,FALSE,"SLC2A1"
"ACH-001521","HKA-1","Skin","Cutaneous Squamous Cell Carcinoma","Cutaneous Squamous Cell Carcinoma","CSCC",0.0675428864812899,FALSE,"SLC2A1"
"ACH-001522","HMY-1","Skin","Melanoma","Melanoma","MEL",0.0748692985048664,FALSE,"SLC2A1"
"ACH-001523","HSC-1","Skin","Cutaneous Squamous Cell Carcinoma","Cutaneous Squamous Cell Carcinoma","CSCC",-0.771131988961553,FALSE,"SLC2A1"
"ACH-001524","HSC-5","Skin","Cutaneous Squamous Cell Carcinoma","Cutaneous Squamous Cell Carcinoma","CSCC",-0.0187526398630531,FALSE,"SLC2A1"
"ACH-001525","HT-3","Cervix","Cervical Adenocarcinoma","Cervical Adenocarcinoma","CEAD",-0.188278240590517,FALSE,"SLC2A1"
"ACH-001526","HuO9","Bone","Osteosarcoma","Osteosarcoma","OS",-1.0159233121719,FALSE,"SLC2A1"
"ACH-001528","IHH-4","Thyroid","Well-Differentiated Thyroid Cancer","Papillary Thyroid Cancer","THPA",0.106325620140333,FALSE,"SLC2A1"
"ACH-001529","JAR","Uterus","Gestational Trophoblastic Disease","Choriocarcinoma","UCCA",-0.0591135648695328,FALSE,"SLC2A1"
"ACH-001530","JEG-3","Uterus","Gestational Trophoblastic Disease","Choriocarcinoma","UCCA",0.0601801231760984,FALSE,"SLC2A1"
"ACH-001532","JMU-RTK-2","Kidney","Rhabdoid Cancer","Rhabdoid Cancer","MRT",0.118785224803722,FALSE,"SLC2A1"
"ACH-001533","KARPAS 1718","Lymphoid","Mature B-Cell Neoplasms","Splenic Marginal Zone Lymphoma","SMZL",-0.212770815734037,FALSE,"SLC2A1"
"ACH-001536","KKU-100","Biliary Tract","Intraductal Papillary Neoplasm of the Bile Duct","Extrahepatic Cholangiocarcinoma","EHCH",-0.282871761766496,FALSE,"SLC2A1"
"ACH-001537","KKU-055","Biliary Tract","Intraductal Papillary Neoplasm of the Bile Duct","Intrahepatic Cholangiocarcinoma","IHCH",NA,FALSE,"SLC2A1"
"ACH-001538","KKU-213","Biliary Tract","Intraductal Papillary Neoplasm of the Bile Duct","Intrahepatic Cholangiocarcinoma","IHCH",-0.257493513628774,FALSE,"SLC2A1"
"ACH-001539","KML-1","Lymphoid","Mature B-Cell Neoplasms","Germinal Center B-Cell Type","GCB",-0.332115536283614,FALSE,"SLC2A1"
"ACH-001540","KMLS-1","Soft Tissue","Liposarcoma","Liposarcoma","LIPO",NA,FALSE,"SLC2A1"
"ACH-001541","KMS-28PE","Lymphoid","Mature B-Cell Neoplasms","Plasma Cell Myeloma","PCM",NA,FALSE,"SLC2A1"
"ACH-001542","KON","Head and Neck","Head and Neck Squamous Cell Carcinoma","Oral Cavity Squamous Cell Carcinoma","OCSC",-0.919446642310758,FALSE,"SLC2A1"
"ACH-001543","KOSC-2","Head and Neck","Head and Neck Squamous Cell Carcinoma","Oral Cavity Squamous Cell Carcinoma","OCSC",-1.01613221403533,FALSE,"SLC2A1"
"ACH-001544","KYAE-1","Esophagus/Stomach","Esophagogastric Adenocarcinoma","Esophageal Adenocarcinoma","ESCA",-0.826838206812538,FALSE,"SLC2A1"
"ACH-001547","LO68","Pleura","Pleural Mesothelioma","Pleural Mesothelioma, Epithelioid Type","PLEMESO",-0.284236347845267,FALSE,"SLC2A1"
"ACH-001548","LS","Peripheral Nervous System","Neuroblastoma","Neuroblastoma","NBL",-1.02794333793317,FALSE,"SLC2A1"
"ACH-001549","Lu-135","Lung","Lung Neuroendocrine Tumor","Small Cell Lung Cancer","SCLC",-0.438464126169274,FALSE,"SLC2A1"
"ACH-001550","MCC13","Skin","Merkel Cell Carcinoma","Merkel Cell Carcinoma","MCC",-0.00411847912124586,FALSE,"SLC2A1"
"ACH-001551","MCC14/2","Skin","Merkel Cell Carcinoma","Merkel Cell Carcinoma","MCC",0.148298866808888,FALSE,"SLC2A1"
"ACH-001552","MCC26","Skin","Merkel Cell Carcinoma","Merkel Cell Carcinoma","MCC",-0.293948446492804,FALSE,"SLC2A1"
"ACH-001554","mel-202","Eye","Ocular Melanoma","Uveal Melanoma","UM",-0.316601245316764,FALSE,"SLC2A1"
"ACH-001555","Mero-14","Pleura","Pleural Mesothelioma","Pleural Mesothelioma, Epithelioid Type","PLEMESO",-0.6787552590683,FALSE,"SLC2A1"
"ACH-001556","Mero-25","Pleura","Pleural Mesothelioma","Pleural Mesothelioma, Biphasic Type","PLBMESO",-0.227031583628122,FALSE,"SLC2A1"
"ACH-001557","Mero-41","Pleura","Pleural Mesothelioma","Pleural Mesothelioma, Epithelioid Type","PLEMESO",-0.15547242282689,FALSE,"SLC2A1"
"ACH-001558","Mero-48a","Pleura","Pleural Mesothelioma","Pleural Mesothelioma, Biphasic Type","PLBMESO",-0.115552054768155,FALSE,"SLC2A1"
"ACH-001559","Mero-82","Pleura","Pleural Mesothelioma","Pleural Mesothelioma, Epithelioid Type","PLEMESO",-0.0786870235650597,FALSE,"SLC2A1"
"ACH-001560","Mero-83","Pleura","Pleural Mesothelioma","Pleural Mesothelioma, Biphasic Type","PLBMESO",-0.946194744379417,FALSE,"SLC2A1"
"ACH-001561","Mero-84","Pleura","Pleural Mesothelioma","Pleural Mesothelioma, Biphasic Type","PLBMESO",NA,FALSE,"SLC2A1"
"ACH-001562","Mero-95","Pleura","Pleural Mesothelioma","Pleural Mesothelioma, Epithelioid Type","PLEMESO",0.0516415329675045,FALSE,"SLC2A1"
"ACH-001563","MM127","Skin","Melanoma","Melanoma","MEL",0.0436181704671907,FALSE,"SLC2A1"
"ACH-001566","MM370","Skin","Melanoma","Melanoma","MEL",-0.110993324412694,FALSE,"SLC2A1"
"ACH-001567","MM383","Skin","Melanoma","Melanoma","MEL",-0.179819976581003,FALSE,"SLC2A1"
"ACH-001568","MM386","Skin","Melanoma","Melanoma","MEL",-0.0747408053091053,FALSE,"SLC2A1"
"ACH-001569","MM415","Skin","Melanoma","Melanoma","MEL",NA,FALSE,"SLC2A1"
"ACH-001570","MM426","Skin","Melanoma","Melanoma","MEL",-0.12266376366157,FALSE,"SLC2A1"
"ACH-001571","Mo","Lymphoid","Mature B-Cell Neoplasms","Hairy Cell Leukemia","HCL",NA,FALSE,"SLC2A1"
"ACH-001573","MOLM-1","Myeloid","Myeloproliferative Neoplasms","Chronic Myeloid Leukemia, BCR-ABL1+","CMLBCRABL1",NA,FALSE,"SLC2A1"
"ACH-001574","MOLM-14","Myeloid","Acute Myeloid Leukemia","Acute Myeloid Leukemia","AML",0.317208044178581,FALSE,"SLC2A1"
"ACH-001577","MUTZ-8","Myeloid","Acute Myeloid Leukemia","Acute Myeloid Leukemia","AML",-0.904749292321977,FALSE,"SLC2A1"
"ACH-001578","NCCIT","Testis","Non-Seminomatous Germ Cell Tumor","Embryonal Carcinoma","EMBCA",-0.304895018545295,FALSE,"SLC2A1"
"ACH-001591","NCI-H1417","Lung","Lung Neuroendocrine Tumor","Small Cell Lung Cancer","SCLC",NA,FALSE,"SLC2A1"
"ACH-001598","NCI-H295R","Adrenal Gland","Adrenocortical Carcinoma","Adrenocortical Carcinoma","ACC",NA,FALSE,"SLC2A1"
"ACH-001599","NCI-H64","Lung","Lung Neuroendocrine Tumor","Small Cell Lung Cancer","SCLC",NA,FALSE,"SLC2A1"
"ACH-001603","NH-12","Peripheral Nervous System","Neuroblastoma","Neuroblastoma","NBL",-0.510769594399908,FALSE,"SLC2A1"
"ACH-001605","no.10","CNS/Brain","Diffuse Glioma","Glioblastoma","GB",-0.328032223077228,FALSE,"SLC2A1"
"ACH-001606","no.11","CNS/Brain","Diffuse Glioma","Glioblastoma","GB",-0.101604229061912,FALSE,"SLC2A1"
"ACH-001607","NOZ","Biliary Tract","Intracholecystic Papillary Neoplasm","Gallbladder Adenocarcinoma, NOS","GBAD",-0.313025945430868,FALSE,"SLC2A1"
"ACH-001608","NP 2","CNS/Brain","Diffuse Glioma","Glioblastoma","GB",-0.406334954788478,FALSE,"SLC2A1"
"ACH-001609","NP 3","CNS/Brain","Diffuse Glioma","Glioblastoma","GB",-0.170749612351511,FALSE,"SLC2A1"
"ACH-001610","NP 5","CNS/Brain","Diffuse Glioma","Glioblastoma","GB",-0.104302400472744,FALSE,"SLC2A1"
"ACH-001611","NP 8","CNS/Brain","Diffuse Glioma","Glioblastoma","GB",-0.103142366934088,FALSE,"SLC2A1"
"ACH-001613","OCI-AML4","Myeloid","Acute Myeloid Leukemia","Acute Myeloid Leukemia","AML",-0.545321940865297,FALSE,"SLC2A1"
"ACH-001616","OCI-LY18","Lymphoid","Mature B-Cell Neoplasms","Diffuse Large B-Cell Lymphoma, NOS","DLBCLNOS",-0.436175549830237,FALSE,"SLC2A1"
"ACH-001617","OCI-LY7","Lymphoid","Mature B-Cell Neoplasms","Diffuse Large B-Cell Lymphoma, NOS","DLBCLNOS",NA,FALSE,"SLC2A1"
"ACH-001618","OCI-M2","Myeloid","Acute Myeloid Leukemia","Acute Myeloid Leukemia","AML",-0.0525606788515157,FALSE,"SLC2A1"
"ACH-001619","OCUG-1","Biliary Tract","Intracholecystic Papillary Neoplasm","Gallbladder Adenocarcinoma, NOS","GBAD",-0.278760265298575,FALSE,"SLC2A1"
"ACH-001622","Onda 7","CNS/Brain","Diffuse Glioma","Glioblastoma","GB",-0.0197621662110064,FALSE,"SLC2A1"
"ACH-001623","Onda 8","CNS/Brain","Diffuse Glioma","Glioblastoma","GB",-0.09023868977616,FALSE,"SLC2A1"
"ACH-001624","Onda 9","CNS/Brain","Diffuse Glioma","Glioblastoma","GB",-0.0192980967638034,FALSE,"SLC2A1"
"ACH-001625","OSC-19","Head and Neck","Head and Neck Squamous Cell Carcinoma","Oral Cavity Squamous Cell Carcinoma","OCSC",-0.314954701057484,FALSE,"SLC2A1"
"ACH-001626","OSC-20","Head and Neck","Head and Neck Squamous Cell Carcinoma","Oral Cavity Squamous Cell Carcinoma","OCSC",0.0326701260155675,FALSE,"SLC2A1"
"ACH-001627","P4E6","Prostate","Non-Cancerous","Immortalized Epithelial Cells, Prostate","",-1.22449165734693,FALSE,"SLC2A1"
"ACH-001628","PEA1","Ovary/Fallopian Tube","Ovarian Epithelial Tumor","High-Grade Serous Ovarian Cancer","HGSOC",-0.391211945463486,FALSE,"SLC2A1"
"ACH-001630","PEO1","Ovary/Fallopian Tube","Ovarian Epithelial Tumor","Serous Ovarian Cancer","SOC",-0.977702086488212,FALSE,"SLC2A1"
"ACH-001632","PEO4","Ovary/Fallopian Tube","Ovarian Epithelial Tumor","Serous Ovarian Cancer","SOC",-0.489140477512278,FALSE,"SLC2A1"
"ACH-001634","PGA-1","Lymphoid","Mature B-Cell Neoplasms","Chronic Lymphocytic Leukemia/Small Lymphocytic Lymphoma","CLLSLL",-0.436210344181962,FALSE,"SLC2A1"
"ACH-001636","Ramos","Lymphoid","Mature B-Cell Neoplasms","Burkitt Lymphoma","BL",NA,FALSE,"SLC2A1"
"ACH-001638","RC-K8","Lymphoid","Mature B-Cell Neoplasms","Germinal Center B-Cell Type","GCB",NA,FALSE,"SLC2A1"
"ACH-001639","ROS-50","Lymphoid","Mature B-Cell Neoplasms","Diffuse Large B-Cell Lymphoma, NOS","DLBCLNOS",-0.573195815306393,FALSE,"SLC2A1"
"ACH-001641","SAT","Head and Neck","Head and Neck Squamous Cell Carcinoma","Head and Neck Squamous Cell Carcinoma","HNSC",-0.388803476288144,FALSE,"SLC2A1"
"ACH-001642","SCC-3","Lymphoid","Non-Hodgkin Lymphoma","Mature B-Cell Neoplasms","MBN",0.0645034139156227,FALSE,"SLC2A1"
"ACH-001643","SCCH-196","Bone","Ewing Sarcoma","Ewing Sarcoma","ES",-0.521074534296755,FALSE,"SLC2A1"
"ACH-001645","SEKI","Skin","Melanoma","Melanoma","MEL",-0.104566344279031,FALSE,"SLC2A1"
"ACH-001647","SHI-1","Myeloid","Acute Myeloid Leukemia","Acute Monoblastic/Monocytic Leukemia","AMOL",-0.107735806847009,FALSE,"SLC2A1"
"ACH-001648","Shmac 4","Prostate","Non-Cancerous","Immortalized Epithelial Cells, Prostate","",-1.29963597226574,FALSE,"SLC2A1"
"ACH-001649","Shmac 5","Prostate","Non-Cancerous","Immortalized Epithelial Cells, Prostate","",-0.551940293155642,FALSE,"SLC2A1"
"ACH-001650","SISO","Cervix","Cervical Adenocarcinoma","Cervical Adenocarcinoma","CEAD",-1.11547931745134,FALSE,"SLC2A1"
"ACH-001651","SKG-I","Cervix","Cervical Squamous Cell Carcinoma","Cervical Squamous Cell Carcinoma","CESC",0.0345596973885554,FALSE,"SLC2A1"
"ACH-001652","SKG-II","Cervix","Cervical Squamous Cell Carcinoma","Cervical Squamous Cell Carcinoma","CESC",-0.596797614655281,FALSE,"SLC2A1"
"ACH-001653","SK-GT-2","Esophagus/Stomach","Esophagogastric Adenocarcinoma","Stomach Adenocarcinoma","STAD",-1.21884945588857,FALSE,"SLC2A1"
"ACH-001654","SK-GT-4","Esophagus/Stomach","Esophagogastric Adenocarcinoma","Esophageal Adenocarcinoma","ESCA",-0.479724945617805,FALSE,"SLC2A1"
"ACH-001655","SKN","Uterus","Uterine Sarcoma/Mesenchymal","Uterine Leiomyosarcoma","ULMS",-0.635045171563084,FALSE,"SLC2A1"
"ACH-001656","SKNO-1","Myeloid","Acute Myeloid Leukemia","AML with Maturation","AM",-0.137904911503821,FALSE,"SLC2A1"
"ACH-001662","SNU-2372","Breast","Invasive Breast Carcinoma","Breast Invasive Cancer, NOS","BRCANOS",-0.229098784534011,FALSE,"SLC2A1"
"ACH-001664","SNU-638","Esophagus/Stomach","Esophagogastric Adenocarcinoma","Stomach Adenocarcinoma","STAD",-0.276916083230254,FALSE,"SLC2A1"
"ACH-001667","SU-CCS-1","Soft Tissue","Clear Cell Sarcoma","Clear Cell Sarcoma","CCS",NA,FALSE,"SLC2A1"
"ACH-001668","SUSA","Testis","Non-Seminomatous Germ Cell Tumor","Teratoma","TT",-0.0759427866830623,FALSE,"SLC2A1"
"ACH-001669","TANOUE","Lymphoid","B-Lymphoblastic Leukemia/Lymphoma","B-Lymphoblastic Leukemia/Lymphoma","BLL",-0.951069620458531,FALSE,"SLC2A1"
"ACH-001670","TASK1","CNS/Brain","Embryonal Tumor","Primitive Neuroectodermal Tumor","PNET",-0.363560039810536,FALSE,"SLC2A1"
"ACH-001671","Tera-1","Testis","Non-Seminomatous Germ Cell Tumor","Embryonal Carcinoma","EMBCA",NA,FALSE,"SLC2A1"
"ACH-001672","Tera-2","Testis","Non-Seminomatous Germ Cell Tumor","Embryonal Carcinoma","EMBCA",NA,FALSE,"SLC2A1"
"ACH-001673","TFK-1","Biliary Tract","Intraductal Papillary Neoplasm of the Bile Duct","Extrahepatic Cholangiocarcinoma","EHCH",-1.11993178224874,FALSE,"SLC2A1"
"ACH-001674","TGW","Peripheral Nervous System","Neuroblastoma","Neuroblastoma","NBL",-1.03486107489566,FALSE,"SLC2A1"
"ACH-001675","TR146","Head and Neck","Head and Neck Squamous Cell Carcinoma","Oral Cavity Squamous Cell Carcinoma","OCSC",-0.0817836358374586,FALSE,"SLC2A1"
"ACH-001676","Ty-82","Head and Neck","Head and Neck Carcinoma, Other","NUT Midline Carcinoma of the Head and Neck","NMCHN",-0.628636511613023,FALSE,"SLC2A1"
"ACH-001677","U-2904","Lymphoid","Mature B-Cell Neoplasms","Diffuse Large B-Cell Lymphoma, NOS","DLBCLNOS",-0.737333833310639,FALSE,"SLC2A1"
"ACH-001678","U-2940","Lymphoid","Mature B-Cell Neoplasms","Diffuse Large B-Cell Lymphoma, NOS","DLBCLNOS",NA,FALSE,"SLC2A1"
"ACH-001679","U-2973","Lymphoid","Mature B-Cell Neoplasms","High-Grade B-Cell Lymphoma, with MYC and BCL2 and/or BCL6 Rearrangements","HGBCLMYCBCL2",NA,FALSE,"SLC2A1"
"ACH-001680","U-698-M","Lymphoid","B-Lymphoblastic Leukemia/Lymphoma","B-Lymphoblastic Leukemia/Lymphoma","BLL",NA,FALSE,"SLC2A1"
"ACH-001683","UACC-3133","Breast","Invasive Breast Carcinoma","Breast Invasive Lobular Carcinoma","ILC",-0.72103594913243,FALSE,"SLC2A1"
"ACH-001684","UCSD-AML1","Myeloid","Acute Myeloid Leukemia","Acute Myeloid Leukemia","AML",NA,FALSE,"SLC2A1"
"ACH-001685","U-HO1","Lymphoid","Hodgkin Lymphoma","Hodgkin Lymphoma","HL",-0.165882148649882,FALSE,"SLC2A1"
"ACH-001686","ULA","Lymphoid","Mature B-Cell Neoplasms","Diffuse Large B-Cell Lymphoma, NOS","DLBCLNOS",NA,FALSE,"SLC2A1"
"ACH-001687","UM-RC-3","Kidney","Renal Cell Carcinoma","Renal Clear Cell Carcinoma","CCRCC",-0.129535524568826,FALSE,"SLC2A1"
"ACH-001688","UM-RC-7","Kidney","Renal Cell Carcinoma","Renal Cell Carcinoma","RCC",-0.567706013110514,FALSE,"SLC2A1"
"ACH-001690","UPCI-SCC-026","Head and Neck","Head and Neck Squamous Cell Carcinoma","Oral Cavity Squamous Cell Carcinoma","OCSC",-0.0691284172569304,FALSE,"SLC2A1"
"ACH-001691","UPCI-SCC-029A","Head and Neck","Head and Neck Squamous Cell Carcinoma","Oral Cavity Squamous Cell Carcinoma","OCSC",-0.0489938431435623,FALSE,"SLC2A1"
"ACH-001692","UPCI-SCC-040","Head and Neck","Head and Neck Squamous Cell Carcinoma","Oral Cavity Squamous Cell Carcinoma","OCSC",-0.448654146458781,FALSE,"SLC2A1"
"ACH-001693","UPCI-SCC-072","Head and Neck","Head and Neck Squamous Cell Carcinoma","Oral Cavity Squamous Cell Carcinoma","OCSC",NA,FALSE,"SLC2A1"
"ACH-001694","UPCI-SCC-074","Head and Neck","Head and Neck Squamous Cell Carcinoma","Oral Cavity Squamous Cell Carcinoma","OCSC",-0.844597478124122,FALSE,"SLC2A1"
"ACH-001695","UPCI-SCC-099","Head and Neck","Head and Neck Squamous Cell Carcinoma","Oral Cavity Squamous Cell Carcinoma","OCSC",-0.0123885724454005,FALSE,"SLC2A1"
"ACH-001696","UPCI-SCC-111","Head and Neck","Head and Neck Squamous Cell Carcinoma","Oral Cavity Squamous Cell Carcinoma","OCSC",-0.352792938386402,FALSE,"SLC2A1"
"ACH-001697","UPCI-SCC-114","Head and Neck","Head and Neck Squamous Cell Carcinoma","Oral Cavity Squamous Cell Carcinoma","OCSC",NA,FALSE,"SLC2A1"
"ACH-001698","UPCI-SCC-116","Head and Neck","Head and Neck Squamous Cell Carcinoma","Oral Cavity Squamous Cell Carcinoma","OCSC",-0.118146714645859,FALSE,"SLC2A1"
"ACH-001699","UPCI-SCC-131","Head and Neck","Head and Neck Squamous Cell Carcinoma","Oral Cavity Squamous Cell Carcinoma","OCSC",-1.29988908584835,FALSE,"SLC2A1"
"ACH-001700","UPCI-SCC-172","Head and Neck","Head and Neck Squamous Cell Carcinoma","Oropharynx Squamous Cell Carcinoma","OPHSC",NA,FALSE,"SLC2A1"
"ACH-001701","UPCI-SCC-200","Head and Neck","Head and Neck Squamous Cell Carcinoma","Oral Cavity Squamous Cell Carcinoma","OCSC",-0.344088457452587,FALSE,"SLC2A1"
"ACH-001702","VA-ES-BJ","Soft Tissue","Epithelioid Sarcoma","Epithelioid Sarcoma","EPIS",0.113184640115342,FALSE,"SLC2A1"
"ACH-001703","VAL","Lymphoid","Mature B-Cell Neoplasms","Diffuse Large B-Cell Lymphoma, NOS","DLBCLNOS",NA,FALSE,"SLC2A1"
"ACH-001704","VMRC-MELG","Skin","Melanoma","Melanoma","MEL",NA,FALSE,"SLC2A1"
"ACH-001705","VP267","Breast","Invasive Breast Carcinoma","Breast Invasive Ductal Carcinoma","IDC",NA,FALSE,"SLC2A1"
"ACH-001707","WA-OSEL","Lymphoid","Mature B-Cell Neoplasms","Chronic Lymphocytic Leukemia/Small Lymphocytic Lymphoma","CLLSLL",-0.35179992400532,FALSE,"SLC2A1"
"ACH-001708","WSU-FSCCL","Lymphoid","Mature B-Cell Neoplasms","Follicular Lymphoma","FL",NA,FALSE,"SLC2A1"
"ACH-001709","WSU-NHL","Lymphoid","Mature B-Cell Neoplasms","Diffuse Large B-Cell Lymphoma, NOS","DLBCLNOS",0.136175080651622,FALSE,"SLC2A1"
"ACH-001711","PFSK-1","CNS/Brain","Embryonal Tumor","Primitive Neuroectodermal Tumor","PNET",-0.476791709369998,FALSE,"SLC2A1"
"ACH-001712","Hs 860.T","Bone","Osteosarcoma","Osteosarcoma","OS",NA,FALSE,"SLC2A1"
"ACH-001715","CAL-72","Bone","Osteosarcoma","Osteosarcoma","OS",-0.47328251150001,FALSE,"SLC2A1"
"ACH-001716","GOTO","Peripheral Nervous System","Neuroblastoma","Neuroblastoma","NBL",NA,FALSE,"SLC2A1"
"ACH-001719","OCI-C4P","Ovary/Fallopian Tube","Ovarian Epithelial Tumor","Clear Cell Ovarian Cancer","CCOV",-0.596828905336932,FALSE,"SLC2A1"
"ACH-001735","SEMK2","Lymphoid","B-Lymphoblastic Leukemia/Lymphoma","B-Lymphoblastic Leukemia/Lymphoma with t(v;11q23.3);KMT2A Rearranged","BLLKMT2A",-0.243115869389683,FALSE,"SLC2A1"
"ACH-001736","HB1119","Lymphoid","B-Lymphoblastic Leukemia/Lymphoma","B-Lymphoblastic Leukemia/Lymphoma with t(12;21)(p13.2;q22.1); ETV6-RUNX1","BLLETV6RUNX1",-0.104658101500785,FALSE,"SLC2A1"
"ACH-001737","CTV-1-DM","Lymphoid","Mature T and NK Neoplasms","Adult T-Cell Leukemia/Lymphoma","ATLL",-0.320411247593057,FALSE,"SLC2A1"
"ACH-001738","CCRF-CEM","Lymphoid","T-Lymphoblastic Leukemia/Lymphoma","T-Lymphoblastic Leukemia/Lymphoma","TLL",NA,FALSE,"SLC2A1"
"ACH-001740","RH28","Soft Tissue","Rhabdomyosarcoma","Alveolar Rhabdomyosarcoma","ARMS",-0.645286024834052,FALSE,"SLC2A1"
"ACH-001743","RC2","Soft Tissue","Rhabdomyosarcoma","Alveolar Rhabdomyosarcoma","ARMS",NA,FALSE,"SLC2A1"
"ACH-001745","RhJT","Soft Tissue","Rhabdomyosarcoma","Alveolar Rhabdomyosarcoma","ARMS",-0.299377725267788,FALSE,"SLC2A1"
"ACH-001750","TTC442","Soft Tissue","Rhabdomyosarcoma","Embryonal Rhabdomyosarcoma","ERMS",-0.059106958366158,FALSE,"SLC2A1"
"ACH-001751","Rh36","Soft Tissue","Rhabdomyosarcoma","Embryonal Rhabdomyosarcoma","ERMS",NA,FALSE,"SLC2A1"
"ACH-001765","Rh4","Soft Tissue","Rhabdomyosarcoma","Alveolar Rhabdomyosarcoma","ARMS",-0.292373436019072,FALSE,"SLC2A1"
"ACH-001767","CCLF_PEDS_0018_T","Fibroblast","Non-Cancerous","Fibroblast, Soft Tissue","",NA,FALSE,"SLC2A1"
"ACH-001786","SNU-1544","Bowel","Colorectal Adenocarcinoma","Colon Adenocarcinoma","COAD",-0.920813325676374,FALSE,"SLC2A1"
"ACH-001791","LPS6","Soft Tissue","Liposarcoma","Liposarcoma","LIPO",-1.18396679090681,FALSE,"SLC2A1"
"ACH-001793","LPS27","Soft Tissue","Liposarcoma","Liposarcoma","LIPO",-0.261858647594345,FALSE,"SLC2A1"
"ACH-001794","93T449","Soft Tissue","Liposarcoma","Well-Differentiated Liposarcoma","WDLS",0.155502484539005,FALSE,"SLC2A1"
"ACH-001795","94T778","Soft Tissue","Liposarcoma","Well-Differentiated Liposarcoma","WDLS",0.152091003957639,FALSE,"SLC2A1"
"ACH-001796","95T1000","Soft Tissue","Liposarcoma","Well-Differentiated Liposarcoma","WDLS",0.151004812848641,FALSE,"SLC2A1"
"ACH-001799","LPS141","Soft Tissue","Liposarcoma","Dedifferentiated Liposarcoma","DDLS",0.218136198378889,FALSE,"SLC2A1"
"ACH-001802","LPS853","Soft Tissue","Liposarcoma","Dedifferentiated Liposarcoma","DDLS",-0.754273904929823,FALSE,"SLC2A1"
"ACH-001804","LPS510","Soft Tissue","Liposarcoma","Dedifferentiated Liposarcoma","DDLS",-0.27022050888833,FALSE,"SLC2A1"
"ACH-001807","LPS067","Soft Tissue","Liposarcoma","Dedifferentiated Liposarcoma","DDLS",NA,FALSE,"SLC2A1"
"ACH-001813","C242","Bone","Osteosarcoma","Osteosarcoma","OS",NA,FALSE,"SLC2A1"
"ACH-001814","OS252","Bone","Osteosarcoma","Osteosarcoma","OS",-0.316716923124456,FALSE,"SLC2A1"
"ACH-001817","C393","Bone","Osteosarcoma","Osteosarcoma","OS",NA,FALSE,"SLC2A1"
"ACH-001818","C396","Bone","Osteosarcoma","Osteosarcoma","OS",NA,FALSE,"SLC2A1"
"ACH-001819","MFM-223","Breast","Invasive Breast Carcinoma","Breast Invasive Ductal Carcinoma","IDC",-0.158283178076658,FALSE,"SLC2A1"
"ACH-001820","COLO 824","Breast","Breast Neoplasm, NOS","Breast Neoplasm, NOS","BNNOS",-0.451868612786548,FALSE,"SLC2A1"
"ACH-001825","SW527","Bowel","Colorectal Adenocarcinoma","Colon Adenocarcinoma","COAD",NA,FALSE,"SLC2A1"
"ACH-001828","HCC1739 BL","Lymphoid","Non-Cancerous","Matched Normal","",NA,FALSE,"SLC2A1"
"ACH-001834","ICC10","Biliary Tract","Intraductal Papillary Neoplasm of the Bile Duct","Intrahepatic Cholangiocarcinoma","IHCH",-0.937050131423949,FALSE,"SLC2A1"
"ACH-001835","ICC10-6","Biliary Tract","Intraductal Papillary Neoplasm of the Bile Duct","Intrahepatic Cholangiocarcinoma","IHCH",-0.668142474632481,FALSE,"SLC2A1"
"ACH-001836","ICC10-8","Biliary Tract","Intraductal Papillary Neoplasm of the Bile Duct","Intrahepatic Cholangiocarcinoma","IHCH",-0.469976555679653,FALSE,"SLC2A1"
"ACH-001838","ICC12","Biliary Tract","Intraductal Papillary Neoplasm of the Bile Duct","Intrahepatic Cholangiocarcinoma","IHCH",-0.143148082197384,FALSE,"SLC2A1"
"ACH-001839","ICC13-7","Biliary Tract","Intraductal Papillary Neoplasm of the Bile Duct","Intrahepatic Cholangiocarcinoma","IHCH",-1.28615314583561,FALSE,"SLC2A1"
"ACH-001841","ICC15","Biliary Tract","Intraductal Papillary Neoplasm of the Bile Duct","Intrahepatic Cholangiocarcinoma","IHCH",-0.132343577698546,FALSE,"SLC2A1"
"ACH-001842","ICC2","Biliary Tract","Intraductal Papillary Neoplasm of the Bile Duct","Intrahepatic Cholangiocarcinoma","IHCH",-0.11852514836482,FALSE,"SLC2A1"
"ACH-001843","ICC3","Biliary Tract","Intraductal Papillary Neoplasm of the Bile Duct","Intrahepatic Cholangiocarcinoma","IHCH",-0.33450762590797,FALSE,"SLC2A1"
"ACH-001844","ICC4","Biliary Tract","Intraductal Papillary Neoplasm of the Bile Duct","Intrahepatic Cholangiocarcinoma","IHCH",-0.388367314474662,FALSE,"SLC2A1"
"ACH-001845","ICC5","Biliary Tract","Intraductal Papillary Neoplasm of the Bile Duct","Intrahepatic Cholangiocarcinoma","IHCH",NA,FALSE,"SLC2A1"
"ACH-001846","ICC6","Biliary Tract","Intraductal Papillary Neoplasm of the Bile Duct","Intrahepatic Cholangiocarcinoma","IHCH",NA,FALSE,"SLC2A1"
"ACH-001847","ICC7","Biliary Tract","Intraductal Papillary Neoplasm of the Bile Duct","Intrahepatic Cholangiocarcinoma","IHCH",NA,FALSE,"SLC2A1"
"ACH-001848","ICC8","Biliary Tract","Intraductal Papillary Neoplasm of the Bile Duct","Intrahepatic Cholangiocarcinoma","IHCH",-1.30721201010127,FALSE,"SLC2A1"
"ACH-001849","ICC9","Biliary Tract","Intraductal Papillary Neoplasm of the Bile Duct","Intrahepatic Cholangiocarcinoma","IHCH",-0.0415397836954757,FALSE,"SLC2A1"
"ACH-001850","G415","Biliary Tract","Intracholecystic Papillary Neoplasm","Gallbladder Adenocarcinoma, NOS","GBAD",-0.251770252141951,FALSE,"SLC2A1"
"ACH-001852","HKGZ-CC","Biliary Tract","Intraductal Papillary Neoplasm of the Bile Duct","Intrahepatic Cholangiocarcinoma","IHCH",-0.141005119121704,FALSE,"SLC2A1"
"ACH-001853","KMCH-1","Liver","Hepatocellular Carcinoma plus Intrahepatic Cholangiocarcinoma","Hepatocellular Carcinoma plus Intrahepatic Cholangiocarcinoma","HCCIHCH",-0.655079913587397,FALSE,"SLC2A1"
"ACH-001854","MMNK-1","Biliary Tract","Non-Cancerous","Immortalized Cholangiocyte, Highly Differentiated","",NA,FALSE,"SLC2A1"
"ACH-001855","OZ","Biliary Tract","Intraductal Papillary Neoplasm of the Bile Duct","Intrahepatic Cholangiocarcinoma","IHCH",NA,FALSE,"SLC2A1"
"ACH-001856","RBE","Biliary Tract","Intraductal Papillary Neoplasm of the Bile Duct","Intrahepatic Cholangiocarcinoma","IHCH",-0.301963865858814,FALSE,"SLC2A1"
"ACH-001857","SG231","Biliary Tract","Intraductal Papillary Neoplasm of the Bile Duct","Intrahepatic Cholangiocarcinoma","IHCH",-0.00924303216024347,FALSE,"SLC2A1"
"ACH-001858","SSP-25","Biliary Tract","Intraductal Papillary Neoplasm of the Bile Duct","Intrahepatic Cholangiocarcinoma","IHCH",-1.34121947757015,FALSE,"SLC2A1"
"ACH-001861","TGBC1TKB","Biliary Tract","Intracholecystic Papillary Neoplasm","Gallbladder Cancer","GBC",-0.95230894420552,FALSE,"SLC2A1"
"ACH-001862","TGBC52TKB","Ampulla of Vater","Ampullary Carcinoma","Ampullary Carcinoma","AMPCA",-1.03410379198245,FALSE,"SLC2A1"
"ACH-001863","TKKK","Biliary Tract","Intraductal Papillary Neoplasm of the Bile Duct","Intrahepatic Cholangiocarcinoma","IHCH",0.027650784297495,FALSE,"SLC2A1"
"ACH-001864","YSCCC","Biliary Tract","Intraductal Papillary Neoplasm of the Bile Duct","Intrahepatic Cholangiocarcinoma","IHCH",-1.17327367688805,FALSE,"SLC2A1"
"ACH-001949","MA-MEL-46","Skin","Melanoma","Melanoma","MEL",NA,FALSE,"SLC2A1"
"ACH-001953","MA-MEL-27","Skin","Melanoma","Melanoma","MEL",NA,FALSE,"SLC2A1"
"ACH-001958","MS1","Lung","Lung Neuroendocrine Tumor","Small Cell Lung Cancer","SCLC",NA,FALSE,"SLC2A1"
"ACH-001959","CC-LP-1","Biliary Tract","Intraductal Papillary Neoplasm of the Bile Duct","Intrahepatic Cholangiocarcinoma","IHCH",-0.693889910218786,FALSE,"SLC2A1"
"ACH-001960","CC-SW-1","Biliary Tract","Intraductal Papillary Neoplasm of the Bile Duct","Intrahepatic Cholangiocarcinoma","IHCH",-0.302597265677985,FALSE,"SLC2A1"
"ACH-001961","GB2","Biliary Tract","Intracholecystic Papillary Neoplasm","Gallbladder Adenocarcinoma, NOS","GBAD",-0.432871544899932,FALSE,"SLC2A1"
"ACH-001970","MM253","Skin","Melanoma","Melanoma","MEL",-0.167701188627656,FALSE,"SLC2A1"
"ACH-001971","MM466","Skin","Melanoma","Melanoma","MEL",NA,FALSE,"SLC2A1"
"ACH-001972","MM473","Skin","Melanoma","Melanoma","MEL",-0.355933586288383,FALSE,"SLC2A1"
"ACH-001973","MM485","Skin","Melanoma","Melanoma","MEL",0.193074541041792,FALSE,"SLC2A1"
"ACH-001974","MM537","Skin","Melanoma","Melanoma","MEL",NA,FALSE,"SLC2A1"
"ACH-001975","MM576","Skin","Melanoma","Melanoma","MEL",-0.453308367534368,FALSE,"SLC2A1"
"ACH-001976","MM603","Skin","Melanoma","Melanoma","MEL",NA,FALSE,"SLC2A1"
"ACH-001977","NO36","Pleura","Pleural Mesothelioma","Pleural Mesothelioma, Epithelioid Type","PLEMESO",-0.553821901198082,FALSE,"SLC2A1"
"ACH-001978","NZM1","Skin","Melanoma","Melanoma","MEL",NA,FALSE,"SLC2A1"
"ACH-001979","NZM11","Skin","Melanoma","Melanoma","MEL",NA,FALSE,"SLC2A1"
"ACH-001980","NZM12","Skin","Melanoma","Melanoma","MEL",NA,FALSE,"SLC2A1"
"ACH-001981","NZM2","Skin","Melanoma","Melanoma","MEL",NA,FALSE,"SLC2A1"
"ACH-001982","NZM3","Skin","Melanoma","Melanoma","MEL",-0.0456675358600907,FALSE,"SLC2A1"
"ACH-001983","NZM30","Skin","Melanoma","Melanoma","MEL",NA,FALSE,"SLC2A1"
"ACH-001984","NZM4","Skin","Melanoma","Melanoma","MEL",NA,FALSE,"SLC2A1"
"ACH-001985","NZM40","Skin","Melanoma","Melanoma","MEL",NA,FALSE,"SLC2A1"
"ACH-001986","NZM42","Skin","Melanoma","Melanoma","MEL",-0.0966163961193879,FALSE,"SLC2A1"
"ACH-001987","NZM43","Skin","Melanoma","Melanoma","MEL",NA,FALSE,"SLC2A1"
"ACH-001988","NZM5","Skin","Melanoma","Melanoma","MEL",NA,FALSE,"SLC2A1"
"ACH-001989","NZM6","Skin","Melanoma","Melanoma","MEL",NA,FALSE,"SLC2A1"
"ACH-001990","NZM7","Skin","Melanoma","Melanoma","MEL",-0.277864760094319,FALSE,"SLC2A1"
"ACH-001991","NZOV9","Ovary/Fallopian Tube","Ovarian Epithelial Tumor","Endometrioid Ovarian Cancer","EOV",-0.945430746296449,FALSE,"SLC2A1"
"ACH-001992","ONE58","Pleura","Pleural Mesothelioma","Pleural Mesothelioma, Epithelioid Type","PLEMESO",-0.381117533208577,FALSE,"SLC2A1"
"ACH-001993","NALM-16","Lymphoid","B-Lymphoblastic Leukemia/Lymphoma","B-Lymphoblastic Leukemia/Lymphoma with Hypodiploidy","BLLHYPO",-0.0938695722224487,FALSE,"SLC2A1"
"ACH-001994","ICC16","Biliary Tract","Intraductal Papillary Neoplasm of the Bile Duct","Intrahepatic Cholangiocarcinoma","IHCH",NA,FALSE,"SLC2A1"
"ACH-001996","ICC18","Biliary Tract","Intraductal Papillary Neoplasm of the Bile Duct","Intrahepatic Cholangiocarcinoma","IHCH",NA,FALSE,"SLC2A1"
"ACH-001997","ECC2","Biliary Tract","Intraductal Papillary Neoplasm of the Bile Duct","Extrahepatic Cholangiocarcinoma","EHCH",-0.0617312447458039,FALSE,"SLC2A1"
"ACH-001999","950-5-BIK","Pancreas","Pancreatic Adenocarcinoma","Pancreatic Adenocarcinoma","PAAD",-0.958508294929788,FALSE,"SLC2A1"
"ACH-002001","A375 SKIN CJ1","Skin","Melanoma","Melanoma","MEL",-0.166122763822926,FALSE,"SLC2A1"
"ACH-002002","A375 SKIN CJ2","Skin","Melanoma","Melanoma","MEL",-0.0420987535148794,FALSE,"SLC2A1"
"ACH-002003","A375 SKIN CJ3","Skin","Melanoma","Melanoma","MEL",-0.0870543764314775,FALSE,"SLC2A1"
"ACH-002004","UACC62 SKIN CJ1","Skin","Melanoma","Melanoma","MEL",-0.298382212348995,FALSE,"SLC2A1"
"ACH-002005","SK-MEL-19","Skin","Melanoma","Cutaneous Melanoma","SKCM",0.297564735548597,FALSE,"SLC2A1"
"ACH-002010","MP41","Eye","Ocular Melanoma","Uveal Melanoma","UM",NA,FALSE,"SLC2A1"
"ACH-002011","MP46","Eye","Ocular Melanoma","Uveal Melanoma","UM",NA,FALSE,"SLC2A1"
"ACH-002013","MM28","Eye","Ocular Melanoma","Uveal Melanoma","UM",NA,FALSE,"SLC2A1"
"ACH-002014","Mel270","Eye","Ocular Melanoma","Uveal Melanoma","UM",-0.16613685375948,FALSE,"SLC2A1"
"ACH-002015","Mel285","Eye","Ocular Melanoma","Uveal Melanoma","UM",-0.16055708083384,FALSE,"SLC2A1"
"ACH-002016","Mel290","Eye","Ocular Melanoma","Uveal Melanoma","UM",-0.00370614450262474,FALSE,"SLC2A1"
"ACH-002017","Omm1","Eye","Ocular Melanoma","Uveal Melanoma","UM",NA,FALSE,"SLC2A1"
"ACH-002018","Omm2.5","Eye","Ocular Melanoma","Uveal Melanoma","UM",-0.144158866813771,FALSE,"SLC2A1"
"ACH-002019","HOKUG","Cervix","Glassy Cell Carcinoma of the Cervix","Glassy Cell Carcinoma of the Cervix","CEGCC",-0.225663429069755,FALSE,"SLC2A1"
"ACH-002020","SKG-IIIa","Cervix","Cervical Squamous Cell Carcinoma","Cervical Squamous Cell Carcinoma","CESC",-0.332811181025329,FALSE,"SLC2A1"
"ACH-002021","T3M-3","Uterus","Gestational Trophoblastic Disease","Choriocarcinoma","UCCA",0.180790436997439,FALSE,"SLC2A1"
"ACH-002023","TGBC18TKB","Ampulla of Vater","Ampullary Carcinoma","Ampullary Carcinoma","AMPCA",-0.971911954394218,FALSE,"SLC2A1"
"ACH-002024","ECC4","Bowel","Colorectal Adenocarcinoma","Rectal Adenocarcinoma","READ",-0.638021559404515,FALSE,"SLC2A1"
"ACH-002025","TT1TKB","Bowel","Colorectal Adenocarcinoma","Rectal Adenocarcinoma","READ",-0.244242818178989,FALSE,"SLC2A1"
"ACH-002026","HHUA","Uterus","Endometrial Carcinoma","Endometrial Carcinoma","UCEC",-0.155078906302379,FALSE,"SLC2A1"
"ACH-002027","HOUA-I","Uterus","Endometrial Carcinoma","Endometrial Carcinoma","UCEC",-0.364861072515482,FALSE,"SLC2A1"
"ACH-002029","SAS","Head and Neck","Head and Neck Squamous Cell Carcinoma","Oral Cavity Squamous Cell Carcinoma","OCSC",-0.333392628831738,FALSE,"SLC2A1"
"ACH-002030","Sa3","Head and Neck","Head and Neck Squamous Cell Carcinoma","Oral Cavity Squamous Cell Carcinoma","OCSC",-0.39526889108365,FALSE,"SLC2A1"
"ACH-002033","HMMME","Pleura","Pleural Mesothelioma","Pleural Mesothelioma, Epithelioid Type","PLEMESO",-0.144473220143769,FALSE,"SLC2A1"
"ACH-002034","T3M-11","Lung","Non-Small Cell Lung Cancer","NUT Carcinoma of the Lung","NUTCL",NA,FALSE,"SLC2A1"
"ACH-002035","LCAM1","Lung","Non-Small Cell Lung Cancer","Poorly Differentiated Non-Small Cell Lung Cancer","NSCLCPD",-0.597488870341489,FALSE,"SLC2A1"
"ACH-002036","WA-hT","Lung","Lung Neuroendocrine Tumor","Small Cell Lung Cancer","SCLC",NA,FALSE,"SLC2A1"
"ACH-002038","HSKTC","Ovary/Fallopian Tube","Ovarian Cancer, Other","Ovarian Cancer, Other","OOVC",NA,FALSE,"SLC2A1"
"ACH-002039","PK-8","Pancreas","Pancreatic Adenocarcinoma","Pancreatic Adenocarcinoma","PAAD",-0.331346983235591,FALSE,"SLC2A1"
"ACH-002040","HMV-II","Vulva/Vagina","Mucosal Melanoma of the Vulva/Vagina","Mucosal Melanoma of the Vulva/Vagina","VMM",-0.289575101912326,FALSE,"SLC2A1"
"ACH-002041","HOTHC","Thyroid","Anaplastic Thyroid Cancer","Anaplastic Thyroid Cancer","THAP",-0.10430066772895,FALSE,"SLC2A1"
"ACH-002042","T3M-5","Head and Neck","Head and Neck Squamous Cell Carcinoma","Head and Neck Squamous Cell Carcinoma","HNSC",-0.446782466684272,FALSE,"SLC2A1"
"ACH-002043","Ca9-22","Head and Neck","Head and Neck Squamous Cell Carcinoma","Oral Cavity Squamous Cell Carcinoma","OCSC",-0.909009892255504,FALSE,"SLC2A1"
"ACH-002044","HSQ-89","Head and Neck","Head and Neck Squamous Cell Carcinoma","Sinonasal Squamous Cell Carcinoma","SNSC",-1.27447067196154,FALSE,"SLC2A1"
"ACH-002045","HO-1-u-1","Head and Neck","Head and Neck Squamous Cell Carcinoma","Oral Cavity Squamous Cell Carcinoma","OCSC",-0.395201741614143,FALSE,"SLC2A1"
"ACH-002046","HTMMT","Uterus","Endometrial Carcinoma","Uterine Carcinosarcoma/Uterine Malignant Mixed Mullerian Tumor","UCS",0.11709393622831,FALSE,"SLC2A1"
"ACH-002047","HIRS-BM","Uterus","Endometrial Carcinoma","Uterine Carcinosarcoma/Uterine Malignant Mixed Mullerian Tumor","UCS",NA,FALSE,"SLC2A1"
"ACH-002048","RMS-YM","Soft Tissue","Rhabdomyosarcoma","Embryonal Rhabdomyosarcoma","ERMS",-0.20375226537644,FALSE,"SLC2A1"
"ACH-002050","HTST","Other","Extra Gonadal Germ Cell Tumor","Extra Gonadal Germ Cell Tumor","EGCT",NA,FALSE,"SLC2A1"
"ACH-002051","Lu-134-A","Lung","Lung Neuroendocrine Tumor","Small Cell Lung Cancer","SCLC",-0.215114950239171,FALSE,"SLC2A1"
"ACH-002052","Lu-139","Lung","Lung Neuroendocrine Tumor","Small Cell Lung Cancer","SCLC",-0.7299359954275,FALSE,"SLC2A1"
"ACH-002055","TL-1","Lymphoid","Mature B-Cell Neoplasms","Burkitt Lymphoma","BL",-0.479322491520615,FALSE,"SLC2A1"
"ACH-002058","ATN-1","Lymphoid","Mature T and NK Neoplasms","Adult T-Cell Leukemia/Lymphoma","ATLL",NA,FALSE,"SLC2A1"
"ACH-002059","P30/OHK","Lymphoid","B-Lymphoblastic Leukemia/Lymphoma","B-Lymphoblastic Leukemia/Lymphoma","BLL",-0.573639042704869,FALSE,"SLC2A1"
"ACH-002060","MY","Myeloid","Acute Leukemias of Ambiguous Lineage","Acute Leukemias of Ambiguous Lineage","ALAL",NA,FALSE,"SLC2A1"
"ACH-002061","P2UR/K-562","Myeloid","Myeloproliferative Neoplasms","Chronic Myeloid Leukemia, BCR-ABL1+","CMLBCRABL1",-0.0570398331522486,FALSE,"SLC2A1"
"ACH-002062","SLVL","Lymphoid","Mature B-Cell Neoplasms","Splenic Marginal Zone Lymphoma","SMZL",-0.759762746112887,FALSE,"SLC2A1"
"ACH-002065","HS-PSS","Peripheral Nervous System","Nerve Sheath Tumor","Malignant Peripheral Nerve Sheath Tumor","MPNST",NA,FALSE,"SLC2A1"
"ACH-002066","HS-Sch-2","Peripheral Nervous System","Nerve Sheath Tumor","Malignant Peripheral Nerve Sheath Tumor","MPNST",-0.484517008990274,FALSE,"SLC2A1"
"ACH-002067","NOS-1","Bone","Osteosarcoma","Osteosarcoma","OS",-0.148472528863583,FALSE,"SLC2A1"
"ACH-002069","HS-Os-1","Bone","Osteosarcoma","Osteosarcoma","OS",-0.184898486952185,FALSE,"SLC2A1"
"ACH-002070","HKBMM","CNS/Brain","Meningothelial Tumor","Meningioma","MNG",-0.101153533450576,FALSE,"SLC2A1"
"ACH-002074","Lu-143","Lung","Lung Neuroendocrine Tumor","Small Cell Lung Cancer","SCLC",NA,FALSE,"SLC2A1"
"ACH-002075","Lu-138","Lung","Lung Neuroendocrine Tumor","Small Cell Lung Cancer","SCLC",NA,FALSE,"SLC2A1"
"ACH-002077","Lu-165","Lung","Lung Neuroendocrine Tumor","Small Cell Lung Cancer","SCLC",-0.320885116585185,FALSE,"SLC2A1"
"ACH-002080","TN-2","Peripheral Nervous System","Neuroblastoma","Neuroblastoma","NBL",-0.638131865246429,FALSE,"SLC2A1"
"ACH-002083","NB69","Peripheral Nervous System","Neuroblastoma","Neuroblastoma","NBL",-0.11526147705907,FALSE,"SLC2A1"
"ACH-002084","MMAc","Skin","Melanoma","Melanoma","MEL",-0.0870890367440076,FALSE,"SLC2A1"
"ACH-002085","HS-SY-II","Soft Tissue","Synovial Sarcoma","Synovial Sarcoma","SYNS",NA,FALSE,"SLC2A1"
"ACH-002089","201T","Lung","Non-Small Cell Lung Cancer","Lung Adenocarcinoma","LUAD",NA,FALSE,"SLC2A1"
"ACH-002090","BB65-RCC","Kidney","Renal Cell Carcinoma","Renal Cell Carcinoma","RCC",NA,FALSE,"SLC2A1"
"ACH-002091","CAL-39","Vulva/Vagina","Squamous Cell Carcinoma of the Vulva/Vagina","Squamous Cell Carcinoma of the Vulva/Vagina","VSC",NA,FALSE,"SLC2A1"
"ACH-002092","CHSA0011","Bone","Chondrosarcoma","Chondrosarcoma","CHS",NA,FALSE,"SLC2A1"
"ACH-002093","CHSA0108","Bone","Chondrosarcoma","Chondrosarcoma","CHS",NA,FALSE,"SLC2A1"
"ACH-002094","CHSA8926","Bone","Chondrosarcoma","Chondrosarcoma","CHS",NA,FALSE,"SLC2A1"
"ACH-002095","COR-L303","Lung","Lung Neuroendocrine Tumor","Small Cell Lung Cancer","SCLC",NA,FALSE,"SLC2A1"
"ACH-002096","CP50-MEL-B","Skin","Melanoma","Melanoma","MEL",NA,FALSE,"SLC2A1"
"ACH-002097","CP66-MEL","Skin","Melanoma","Melanoma","MEL",NA,FALSE,"SLC2A1"
"ACH-002098","CP67-MEL","Skin","Melanoma","Melanoma","MEL",NA,FALSE,"SLC2A1"
"ACH-002099","CS1","Bone","Chondrosarcoma","Chondrosarcoma","CHS",NA,FALSE,"SLC2A1"
"ACH-002100","DJM-1","Skin","Cutaneous Squamous Cell Carcinoma","Cutaneous Squamous Cell Carcinoma","CSCC",NA,FALSE,"SLC2A1"
"ACH-002101","EMC-BAC-1","Lung","Non-Small Cell Lung Cancer","Non-Small Cell Lung Cancer","NSCLC",NA,FALSE,"SLC2A1"
"ACH-002102","EMC-BAC-2","Lung","Non-Small Cell Lung Cancer","Non-Small Cell Lung Cancer","NSCLC",NA,FALSE,"SLC2A1"
"ACH-002103","ES1","Bone","Ewing Sarcoma","Ewing Sarcoma","ES",NA,FALSE,"SLC2A1"
"ACH-002104","ES3","Bone","Ewing Sarcoma","Ewing Sarcoma","ES",NA,FALSE,"SLC2A1"
"ACH-002105","ES4","Bone","Ewing Sarcoma","Ewing Sarcoma","ES",-0.059952923372914,FALSE,"SLC2A1"
"ACH-002106","ES5","Bone","Ewing Sarcoma","Ewing Sarcoma","ES",-0.742516170806894,FALSE,"SLC2A1"
"ACH-002107","ES6","Bone","Ewing Sarcoma","Ewing Sarcoma","ES",NA,FALSE,"SLC2A1"
"ACH-002108","ES7","Bone","Ewing Sarcoma","Ewing Sarcoma","ES",NA,FALSE,"SLC2A1"
"ACH-002109","ES8","Bone","Ewing Sarcoma","Ewing Sarcoma","ES",-0.68847802896683,FALSE,"SLC2A1"
"ACH-002110","EW-1","Bone","Ewing Sarcoma","Ewing Sarcoma","ES",-0.409145137575199,FALSE,"SLC2A1"
"ACH-002111","EW-11","Bone","Ewing Sarcoma","Ewing Sarcoma","ES",NA,FALSE,"SLC2A1"
"ACH-002112","EW-12","Bone","Ewing Sarcoma","Ewing Sarcoma","ES",NA,FALSE,"SLC2A1"
"ACH-002113","EW-13","Bone","Ewing Sarcoma","Ewing Sarcoma","ES",NA,FALSE,"SLC2A1"
"ACH-002114","EW-16","Bone","Ewing Sarcoma","Ewing Sarcoma","ES",-0.230369296561545,FALSE,"SLC2A1"
"ACH-002115","EW-18","Bone","Ewing Sarcoma","Ewing Sarcoma","ES",NA,FALSE,"SLC2A1"
"ACH-002116","EW-22","Bone","Ewing Sarcoma","Ewing Sarcoma","ES",-0.395676504157119,FALSE,"SLC2A1"
"ACH-002117","EW-24","Bone","Ewing Sarcoma","Ewing Sarcoma","ES",NA,FALSE,"SLC2A1"
"ACH-002118","EW-3","Bone","Ewing Sarcoma","Ewing Sarcoma","ES",NA,FALSE,"SLC2A1"
"ACH-002119","EW-7","Bone","Ewing Sarcoma","Ewing Sarcoma","ES",-0.148817972478133,FALSE,"SLC2A1"
"ACH-002120","GAK","Vulva/Vagina","Mucosal Melanoma of the Vulva/Vagina","Mucosal Melanoma of the Vulva/Vagina","VMM",NA,FALSE,"SLC2A1"
"ACH-002121","G-MEL","Skin","Melanoma","Cutaneous Melanoma","SKCM",NA,FALSE,"SLC2A1"
"ACH-002122","GT3TKB","Lung","Non-Small Cell Lung Cancer","Lung Squamous Cell Carcinoma","LUSC",NA,FALSE,"SLC2A1"
"ACH-002123","H2369","Pleura","Pleural Mesothelioma","Pleural Mesothelioma","PLMESO",NA,FALSE,"SLC2A1"
"ACH-002124","H2373","Pleura","Pleural Mesothelioma","Pleural Mesothelioma, Sarcomatoid Type","PLSMESO",NA,FALSE,"SLC2A1"
"ACH-002125","H2461","Pleura","Pleural Mesothelioma","Pleural Mesothelioma, Epithelioid Type","PLEMESO",NA,FALSE,"SLC2A1"
"ACH-002126","H2591","Pleura","Pleural Mesothelioma","Pleural Mesothelioma, Epithelioid Type","PLEMESO",NA,FALSE,"SLC2A1"
"ACH-002127","H2595","Pleura","Pleural Mesothelioma","Pleural Mesothelioma, Epithelioid Type","PLEMESO",NA,FALSE,"SLC2A1"
"ACH-002128","H2722","Pleura","Pleural Mesothelioma","Pleural Mesothelioma","PLMESO",NA,FALSE,"SLC2A1"
"ACH-002129","H2731","Pleura","Pleural Mesothelioma","Pleural Mesothelioma, Sarcomatoid Type","PLSMESO",NA,FALSE,"SLC2A1"
"ACH-002130","H2795","Pleura","Pleural Mesothelioma","Pleural Mesothelioma, Epithelioid Type","PLEMESO",NA,FALSE,"SLC2A1"
"ACH-002131","H2803","Pleura","Pleural Mesothelioma","Pleural Mesothelioma","PLMESO",NA,FALSE,"SLC2A1"
"ACH-002132","H2804","Pleura","Pleural Mesothelioma","Pleural Mesothelioma","PLMESO",NA,FALSE,"SLC2A1"
"ACH-002133","H2810","Pleura","Pleural Mesothelioma","Pleural Mesothelioma, Epithelioid Type","PLEMESO",NA,FALSE,"SLC2A1"
"ACH-002134","H2818","Pleura","Pleural Mesothelioma","Pleural Mesothelioma, Epithelioid Type","PLEMESO",NA,FALSE,"SLC2A1"
"ACH-002135","H2869","Pleura","Pleural Mesothelioma","Pleural Mesothelioma, Biphasic Type","PLBMESO",NA,FALSE,"SLC2A1"
"ACH-002136","H290","Pleura","Pleural Mesothelioma","Pleural Mesothelioma","PLMESO",NA,FALSE,"SLC2A1"
"ACH-002138","H513","Lung","Non-Small Cell Lung Cancer","Lung Adenosquamous Carcinoma","LUAS",NA,FALSE,"SLC2A1"
"ACH-002139","HA7-RCC","Kidney","Renal Cell Carcinoma","Renal Cell Carcinoma","RCC",NA,FALSE,"SLC2A1"
"ACH-002140","Hey","Ovary/Fallopian Tube","Ovarian Epithelial Tumor","High-Grade Serous Ovarian Cancer","HGSOC",-0.398380742378477,FALSE,"SLC2A1"
"ACH-002141","HSC-39","Esophagus/Stomach","Esophagogastric Adenocarcinoma","Signet Ring Cell Carcinoma of the Stomach","SSRCC",-1.57296006369684,FALSE,"SLC2A1"
"ACH-002142","HuO-3N1","Bone","Osteosarcoma","Osteosarcoma","OS",NA,FALSE,"SLC2A1"
"ACH-002143","IST-MEL1","Skin","Melanoma","Melanoma","MEL",0.0153534313690814,FALSE,"SLC2A1"
"ACH-002144","IST-SL1","Lung","Lung Neuroendocrine Tumor","Small Cell Lung Cancer","SCLC",NA,FALSE,"SLC2A1"
"ACH-002145","IST-SL2","Lung","Lung Neuroendocrine Tumor","Small Cell Lung Cancer","SCLC",NA,FALSE,"SLC2A1"
"ACH-002146","JHOS-3","Ovary/Fallopian Tube","Ovarian Epithelial Tumor","Serous Ovarian Cancer","SOC",NA,FALSE,"SLC2A1"
"ACH-002147","K2","Skin","Melanoma","Melanoma","MEL",NA,FALSE,"SLC2A1"
"ACH-002148","K5","Thyroid","Well-Differentiated Thyroid Cancer","Papillary Thyroid Cancer","THPA",NA,FALSE,"SLC2A1"
"ACH-002149","KGN","Ovary/Fallopian Tube","Sex Cord Stromal Tumor","Granulosa Cell Tumor","GRCT",NA,FALSE,"SLC2A1"
"ACH-002150","LB1047-RCC","Kidney","Renal Cell Carcinoma","Renal Cell Carcinoma","RCC",-0.397612479855022,FALSE,"SLC2A1"
"ACH-002151","LB2241-RCC","Kidney","Renal Cell Carcinoma","Renal Cell Carcinoma","RCC",NA,FALSE,"SLC2A1"
"ACH-002152","LB2518-MEL","Skin","Melanoma","Melanoma","MEL",NA,FALSE,"SLC2A1"
"ACH-002153","LB373-MEL-D","Skin","Melanoma","Melanoma","MEL",NA,FALSE,"SLC2A1"
"ACH-002154","LB647-SCLC","Lung","Lung Neuroendocrine Tumor","Small Cell Lung Cancer","SCLC",NA,FALSE,"SLC2A1"
"ACH-002155","LB996-RCC","Kidney","Renal Cell Carcinoma","Renal Cell Carcinoma","RCC",NA,FALSE,"SLC2A1"
"ACH-002156","LC-1-sq","Lung","Non-Small Cell Lung Cancer","Lung Squamous Cell Carcinoma","LUSC",-0.731941579561954,FALSE,"SLC2A1"
"ACH-002157","LC-2-ad","Lung","Non-Small Cell Lung Cancer","Lung Adenocarcinoma","LUAD",NA,FALSE,"SLC2A1"
"ACH-002158","LU-99A","Lung","Non-Small Cell Lung Cancer","Giant Cell Carcinoma of the Lung","GCLC",NA,FALSE,"SLC2A1"
"ACH-002159","M14","Skin","Melanoma","Melanoma","MEL",NA,FALSE,"SLC2A1"
"ACH-002160","MC-IXC","Bone","Ewing Sarcoma","Ewing Sarcoma","ES",-0.181547119846139,FALSE,"SLC2A1"
"ACH-002161","MKN28","Esophagus/Stomach","Esophagogastric Adenocarcinoma","Tubular Stomach Adenocarcinoma","TSTAD",-0.173000518995953,FALSE,"SLC2A1"
"ACH-002162","MMAC-SF","Skin","Melanoma","Melanoma","MEL",NA,FALSE,"SLC2A1"
"ACH-002163","MRK-nu-1","Breast","Invasive Breast Carcinoma","Breast Invasive Lobular Carcinoma","ILC",NA,FALSE,"SLC2A1"
"ACH-002164","MZ1-PC","Pancreas","Pancreatic Adenocarcinoma","Pancreatic Adenocarcinoma","PAAD",NA,FALSE,"SLC2A1"
"ACH-002165","MZ2-MEL","Skin","Melanoma","Melanoma","MEL",NA,FALSE,"SLC2A1"
"ACH-002166","MZ7-mel","Skin","Melanoma","Melanoma","MEL",NA,FALSE,"SLC2A1"
"ACH-002167","NCC010","Kidney","Renal Cell Carcinoma","Renal Cell Carcinoma","RCC",NA,FALSE,"SLC2A1"
"ACH-002168","NCC021","Kidney","Renal Cell Carcinoma","Renal Cell Carcinoma","RCC",NA,FALSE,"SLC2A1"
"ACH-002169","NCI-H1304","Lung","Lung Neuroendocrine Tumor","Small Cell Lung Cancer","SCLC",NA,FALSE,"SLC2A1"
"ACH-002170","NCI-H1688","Lung","Lung Neuroendocrine Tumor","Small Cell Lung Cancer","SCLC",NA,FALSE,"SLC2A1"
"ACH-002171","NCI-H250","Lung","Lung Neuroendocrine Tumor","Small Cell Lung Cancer","SCLC",NA,FALSE,"SLC2A1"
"ACH-002172","NCI-H322M","Lung","Non-Small Cell Lung Cancer","Lung Adenocarcinoma","LUAD",NA,FALSE,"SLC2A1"
"ACH-002173","NCI-H378","Lung","Lung Neuroendocrine Tumor","Small Cell Lung Cancer","SCLC",NA,FALSE,"SLC2A1"
"ACH-002174","NCI-H720","Lung","Lung Neuroendocrine Tumor","Lung Carcinoid","LUCA",NA,FALSE,"SLC2A1"
"ACH-002175","NCI-H740","Lung","Lung Neuroendocrine Tumor","Small Cell Lung Cancer","SCLC",NA,FALSE,"SLC2A1"
"ACH-002177","NCI-H835","Lung","Lung Neuroendocrine Tumor","Lung Carcinoid","LUCA",NA,FALSE,"SLC2A1"
"ACH-002178","NY","Bone","Osteosarcoma","Osteosarcoma","OS",NA,FALSE,"SLC2A1"
"ACH-002179","OCUB-M","Breast","Invasive Breast Carcinoma","Invasive Breast Carcinoma","BRCA",-0.703258164735253,FALSE,"SLC2A1"
"ACH-002180","OMC-1","Cervix","Cervical Squamous Cell Carcinoma","Cervical Squamous Cell Carcinoma","CESC",NA,FALSE,"SLC2A1"
"ACH-002181","OVCA420","Ovary/Fallopian Tube","Ovarian Epithelial Tumor","Serous Ovarian Cancer","SOC",-0.429642710653218,FALSE,"SLC2A1"
"ACH-002182","OVCA433","Ovary/Fallopian Tube","Ovarian Epithelial Tumor","Serous Ovarian Cancer","SOC",NA,FALSE,"SLC2A1"
"ACH-002183","OVMIU","Ovary/Fallopian Tube","Ovarian Epithelial Tumor","High-Grade Serous Ovarian Cancer","HGSOC",-0.107440528518087,FALSE,"SLC2A1"
"ACH-002184","PC-3 [JPC-3]","Lung","Non-Small Cell Lung Cancer","Lung Adenocarcinoma","LUAD",NA,FALSE,"SLC2A1"
"ACH-002186","PL4","Pancreas","Pancreatic Adenocarcinoma","Pancreatic Adenocarcinoma","PAAD",0.00101435591682048,FALSE,"SLC2A1"
"ACH-002187","RCC-AB","Kidney","Renal Cell Carcinoma","Renal Clear Cell Carcinoma","CCRCC",NA,FALSE,"SLC2A1"
"ACH-002188","RCC-ER","Kidney","Renal Cell Carcinoma","Renal Clear Cell Carcinoma","CCRCC",NA,FALSE,"SLC2A1"
"ACH-002189","RCC-FG2","Kidney","Renal Cell Carcinoma","Renal Clear Cell Carcinoma","CCRCC",-0.339535124338996,FALSE,"SLC2A1"
"ACH-002190","RCC-JF","Kidney","Renal Cell Carcinoma","Renal Clear Cell Carcinoma","CCRCC",NA,FALSE,"SLC2A1"
"ACH-002191","RCC-JW","Kidney","Renal Cell Carcinoma","Renal Clear Cell Carcinoma","CCRCC",NA,FALSE,"SLC2A1"
"ACH-002192","RCC-MF","Kidney","Renal Cell Carcinoma","Renal Clear Cell Carcinoma","CCRCC",NA,FALSE,"SLC2A1"
"ACH-002193","RERF-LC-FM","Lung","Lung Neuroendocrine Tumor","Small Cell Lung Cancer","SCLC",NA,FALSE,"SLC2A1"
"ACH-002195","RXF393","Kidney","Renal Cell Carcinoma","Renal Cell Carcinoma","RCC",NA,FALSE,"SLC2A1"
"ACH-002196","SBC-1","Lung","Lung Neuroendocrine Tumor","Small Cell Lung Cancer","SCLC",NA,FALSE,"SLC2A1"
"ACH-002197","SBC-3","Lung","Lung Neuroendocrine Tumor","Small Cell Lung Cancer","SCLC",NA,FALSE,"SLC2A1"
"ACH-002198","SCH","Other","Extra Gonadal Germ Cell Tumor","Extra Gonadal Germ Cell Tumor","EGCT",-0.275348380041304,FALSE,"SLC2A1"
"ACH-002199","SN12C","Kidney","Renal Cell Carcinoma","Renal Cell Carcinoma","RCC",NA,FALSE,"SLC2A1"
"ACH-002200","SW962","Vulva/Vagina","Mucosal Melanoma of the Vulva/Vagina","Mucosal Melanoma of the Vulva/Vagina","VMM",NA,FALSE,"SLC2A1"
"ACH-002201","TC-YIK","Cervix","Small Cell Carcinoma of the Cervix","Small Cell Carcinoma of the Cervix","SCCE",NA,FALSE,"SLC2A1"
"ACH-002202","TMK-1","Esophagus/Stomach","Esophagogastric Adenocarcinoma","Stomach Adenocarcinoma","STAD",-1.27815672399758,FALSE,"SLC2A1"
"ACH-002204","U-CH2","Bone","Chordoma","Chordoma","CHDM",-0.338716793207985,FALSE,"SLC2A1"
"ACH-002205","WM1552C","Skin","Melanoma","Cutaneous Melanoma","SKCM",NA,FALSE,"SLC2A1"
"ACH-002206","WM278","Skin","Melanoma","Melanoma","MEL",NA,FALSE,"SLC2A1"
"ACH-002207","WM35","Skin","Melanoma","Melanoma","MEL",NA,FALSE,"SLC2A1"
"ACH-002208","YMB-1-E","Breast","Invasive Breast Carcinoma","Breast Invasive Ductal Carcinoma","IDC",NA,FALSE,"SLC2A1"
"ACH-002209","ALL-PO","Lymphoid","B-Lymphoblastic Leukemia/Lymphoma","B-Lymphoblastic Leukemia/Lymphoma with t(v;11q23.3);KMT2A Rearranged","BLLKMT2A",NA,FALSE,"SLC2A1"
"ACH-002210","ARH-77","Myeloid","Non-Cancerous","Immortalized Blood","",-0.124278659875441,FALSE,"SLC2A1"
"ACH-002211","BALL-1","Lymphoid","B-Lymphoblastic Leukemia/Lymphoma","B-Lymphoblastic Leukemia/Lymphoma","BLL",NA,FALSE,"SLC2A1"
"ACH-002212","BB30-HNC","Head and Neck","Head and Neck Squamous Cell Carcinoma","Head and Neck Squamous Cell Carcinoma","HNSC",-0.706843602405774,FALSE,"SLC2A1"
"ACH-002213","BB49-HNC","Head and Neck","Head and Neck Squamous Cell Carcinoma","Oral Cavity Squamous Cell Carcinoma","OCSC",NA,FALSE,"SLC2A1"
"ACH-002214","BC-1","Lymphoid","Mature B-Cell Neoplasms","Primary Effusion Lymphoma","PEL",-0.902871368150835,FALSE,"SLC2A1"
"ACH-002215","BC-3","Lymphoid","Mature B-Cell Neoplasms","Primary Effusion Lymphoma","PEL",-0.386671539985585,FALSE,"SLC2A1"
"ACH-002216","BE-13","Lymphoid","T-Lymphoblastic Leukemia/Lymphoma","T-Lymphoblastic Leukemia/Lymphoma","TLL",NA,FALSE,"SLC2A1"
"ACH-002217","BE2-M17","Peripheral Nervous System","Neuroblastoma","Neuroblastoma","NBL",NA,FALSE,"SLC2A1"
"ACH-002218","CESS","Myeloid","Acute Myeloid Leukemia","Acute Myeloid Leukemia","AML",NA,FALSE,"SLC2A1"
"ACH-002219","COLO-320-HSR","Bowel","Colorectal Adenocarcinoma","Colon Adenocarcinoma","COAD",NA,FALSE,"SLC2A1"
"ACH-002220","CRO-AP2","Lymphoid","Mature B-Cell Neoplasms","Primary Effusion Lymphoma","PEL",NA,FALSE,"SLC2A1"
"ACH-002221","CTB-1","Lymphoid","Mature B-Cell Neoplasms","Diffuse Large B-Cell Lymphoma, NOS","DLBCLNOS",NA,FALSE,"SLC2A1"
"ACH-002222","CTV-1","Lymphoid","Mature T and NK Neoplasms","Adult T-Cell Leukemia/Lymphoma","ATLL",NA,FALSE,"SLC2A1"
"ACH-002223","D-245MG","CNS/Brain","Diffuse Glioma","Glioblastoma","GB",NA,FALSE,"SLC2A1"
"ACH-002224","D-247MG","CNS/Brain","Diffuse Glioma","Gliosarcoma","GSARC",NA,FALSE,"SLC2A1"
"ACH-002225","D-263MG","CNS/Brain","Diffuse Glioma","Glioblastoma","GB",NA,FALSE,"SLC2A1"
"ACH-002226","D-336MG","CNS/Brain","Diffuse Glioma","Gliosarcoma","GSARC",NA,FALSE,"SLC2A1"
"ACH-002227","D-392MG","CNS/Brain","Diffuse Glioma","Glioblastoma","GB",NA,FALSE,"SLC2A1"
"ACH-002228","D-423MG","CNS/Brain","Diffuse Glioma","Glioblastoma","GB",0.044068879294608,FALSE,"SLC2A1"
"ACH-002229","D-502MG","CNS/Brain","Diffuse Glioma","Glioblastoma","GB",-0.0547017227424728,FALSE,"SLC2A1"
"ACH-002230","D-542MG","CNS/Brain","Diffuse Glioma","Glioblastoma","GB",-0.203408481691631,FALSE,"SLC2A1"
"ACH-002231","D-566MG","CNS/Brain","Diffuse Glioma","Glioblastoma","GB",NA,FALSE,"SLC2A1"
"ACH-002232","DG-75","Lymphoid","Mature B-Cell Neoplasms","Burkitt Lymphoma","BL",NA,FALSE,"SLC2A1"
"ACH-002233","DIFI","Bowel","Colorectal Adenocarcinoma","Colorectal Adenocarcinoma","COADREAD",-0.711607768517818,FALSE,"SLC2A1"
"ACH-002234","DOK","Head and Neck","Head and Neck Carcinoma, Other","Head and Neck Carcinoma, Other","OHNCA",-0.430863573048958,FALSE,"SLC2A1"
"ACH-002235","DSH1","Bladder/Urinary Tract","Bladder Urothelial Carcinoma","Bladder Urothelial Carcinoma","BLCA",NA,FALSE,"SLC2A1"
"ACH-002236","EB-3","Lymphoid","Mature B-Cell Neoplasms","Burkitt Lymphoma","BL",NA,FALSE,"SLC2A1"
"ACH-002237","ETK-1","Biliary Tract","Intraductal Papillary Neoplasm of the Bile Duct","Intrahepatic Cholangiocarcinoma","IHCH",NA,FALSE,"SLC2A1"
"ACH-002238","GR-ST","Lymphoid","B-Lymphoblastic Leukemia/Lymphoma","B-Lymphoblastic Leukemia/Lymphoma","BLL",NA,FALSE,"SLC2A1"
"ACH-002239","H3118","Head and Neck","Salivary Carcinoma","Mucoepidermoid Carcinoma","MUCC",-0.325682658797617,FALSE,"SLC2A1"
"ACH-002240","H9","Lymphoid","Mature T and NK Neoplasms","Sezary Syndrome","SS",NA,FALSE,"SLC2A1"
"ACH-002241","HAL-01","Lymphoid","B-Lymphoblastic Leukemia/Lymphoma","B-Lymphoblastic Leukemia/Lymphoma","BLL",NA,FALSE,"SLC2A1"
"ACH-002242","HC-1","Lymphoid","Mature B-Cell Neoplasms","Hairy Cell Leukemia","HCL",NA,FALSE,"SLC2A1"
"ACH-002243","HCE-4","Esophagus/Stomach","Esophageal Squamous Cell Carcinoma","Esophageal Squamous Cell Carcinoma","ESCC",-0.326747370813843,FALSE,"SLC2A1"
"ACH-002244","HO-1-N-1","Head and Neck","Head and Neck Squamous Cell Carcinoma","Oral Cavity Squamous Cell Carcinoma","OCSC",NA,FALSE,"SLC2A1"
"ACH-002245","Hs-445","Lymphoid","Hodgkin Lymphoma","Hodgkin Lymphoma","HL",NA,FALSE,"SLC2A1"
"ACH-002246","Hs 633.T","Soft Tissue","Fibrosarcoma","Fibrosarcoma","FIBS",NA,FALSE,"SLC2A1"
"ACH-002247","IM-9","Myeloid","Non-Cancerous","Immortalized Blood","",-0.382568894486415,FALSE,"SLC2A1"
"ACH-002248","IMR-5","Peripheral Nervous System","Neuroblastoma","Neuroblastoma","NBL",NA,FALSE,"SLC2A1"
"ACH-002249","JHU-011","Head and Neck","Head and Neck Squamous Cell Carcinoma","Larynx Squamous Cell Carcinoma","LXSC",-0.946866550913325,FALSE,"SLC2A1"
"ACH-002250","JHU-022","Head and Neck","Head and Neck Squamous Cell Carcinoma","Larynx Squamous Cell Carcinoma","LXSC",-0.266923242680727,FALSE,"SLC2A1"
"ACH-002251","JHU-029","Head and Neck","Head and Neck Squamous Cell Carcinoma","Larynx Squamous Cell Carcinoma","LXSC",-0.908072525065098,FALSE,"SLC2A1"
"ACH-002252","JiyoyeP-2003","Lymphoid","Mature B-Cell Neoplasms","Burkitt Lymphoma","BL",NA,FALSE,"SLC2A1"
"ACH-002253","JSC-1","Lymphoid","Mature B-Cell Neoplasms","Primary Effusion Lymphoma","PEL",NA,FALSE,"SLC2A1"
"ACH-002254","KARPAS-1106P","Lymphoid","Mature B-Cell Neoplasms","Primary Mediastinal (Thymic) Large B-Cell Lymphoma (PMBL)","PMBL",NA,FALSE,"SLC2A1"
"ACH-002255","KARPAS-231","Lymphoid","Mature B-Cell Neoplasms","Diffuse Large B-Cell Lymphoma, NOS","DLBCLNOS",NA,FALSE,"SLC2A1"
"ACH-002256","KARPAS-45","Lymphoid","T-Lymphoblastic Leukemia/Lymphoma","T-Lymphoblastic Leukemia/Lymphoma","TLL",NA,FALSE,"SLC2A1"
"ACH-002257","KINGS-1","CNS/Brain","Diffuse Glioma","Anaplastic Astrocytoma","AASTR",-0.218795349432077,FALSE,"SLC2A1"
"ACH-002258","KMOE-2","Myeloid","Acute Myeloid Leukemia","Acute Myeloid Leukemia","AML",NA,FALSE,"SLC2A1"
"ACH-002259","KNS-81-FD","CNS/Brain","Diffuse Glioma","Glioblastoma","GB",NA,FALSE,"SLC2A1"
"ACH-002261","KP-N-YS","Peripheral Nervous System","Neuroblastoma","Neuroblastoma","NBL",-0.657642242754198,FALSE,"SLC2A1"
"ACH-002262","KY821","Myeloid","Acute Myeloid Leukemia","Acute Myelomonocytic Leukemia","AMML",NA,FALSE,"SLC2A1"
"ACH-002263","KYSE-220","Esophagus/Stomach","Esophageal Squamous Cell Carcinoma","Esophageal Squamous Cell Carcinoma","ESCC",-0.267815297386144,FALSE,"SLC2A1"
"ACH-002264","KYSE-50","Esophagus/Stomach","Esophageal Squamous Cell Carcinoma","Esophageal Squamous Cell Carcinoma","ESCC",NA,FALSE,"SLC2A1"
"ACH-002265","LB771-HNC","Head and Neck","Head and Neck Squamous Cell Carcinoma","Head and Neck Squamous Cell Carcinoma","HNSC",-0.173123081854727,FALSE,"SLC2A1"
"ACH-002266","LB831-BLC","Bladder/Urinary Tract","Bladder Urothelial Carcinoma","Bladder Urothelial Carcinoma","BLCA",NA,FALSE,"SLC2A1"
"ACH-002267","LC4-1","Lymphoid","B-Lymphoblastic Leukemia/Lymphoma","B-Lymphoblastic Leukemia/Lymphoma","BLL",NA,FALSE,"SLC2A1"
"ACH-002268","LN-405","CNS/Brain","Diffuse Glioma","Glioblastoma","GB",NA,FALSE,"SLC2A1"
"ACH-002269","LNZTA3WT4","CNS/Brain","Diffuse Glioma","Astrocytoma","ASTR",-0.242329336809234,FALSE,"SLC2A1"
"ACH-002270","MC-CAR","B lymphoblast","Non-Cancerous","B lymphoblast","",NA,FALSE,"SLC2A1"
"ACH-002271","MFH-ino","Soft Tissue","Undifferentiated Pleomorphic Sarcoma/Malignant Fibrous Histiocytoma/High-Grade Spindle Cell Sarcoma","Undifferentiated Pleomorphic Sarcoma/Malignant Fibrous Histiocytoma/High-Grade Spindle Cell Sarcoma","MFH",NA,FALSE,"SLC2A1"
"ACH-002272","MHH-PREB-1","Lymphoid","Non-Hodgkin Lymphoma","Mature B-Cell Neoplasms","MBN",NA,FALSE,"SLC2A1"
"ACH-002273","ML-2","Myeloid","Acute Myeloid Leukemia","Acute Myeloid Leukemia","AML",NA,FALSE,"SLC2A1"
"ACH-002274","MLMA","Lymphoid","Mature B-Cell Neoplasms","Hairy Cell Leukemia","HCL",NA,FALSE,"SLC2A1"
"ACH-002275","MN-60","Lymphoid","Mature B-Cell Neoplasms","Burkitt Lymphoma","BL",NA,FALSE,"SLC2A1"
"ACH-002276","MY-M12","Myeloid","Acute Leukemias of Ambiguous Lineage","Acute Leukemias of Ambiguous Lineage","ALAL",NA,FALSE,"SLC2A1"
"ACH-002277","NB(TU)1-10","Peripheral Nervous System","Neuroblastoma","Neuroblastoma","NBL",NA,FALSE,"SLC2A1"
"ACH-002278","NB10","Peripheral Nervous System","Neuroblastoma","Neuroblastoma","NBL",-0.116273791767356,FALSE,"SLC2A1"
"ACH-002279","NB12","Peripheral Nervous System","Neuroblastoma","Neuroblastoma","NBL",NA,FALSE,"SLC2A1"
"ACH-002280","NB13","Peripheral Nervous System","Neuroblastoma","Neuroblastoma","NBL",-0.517221797417468,FALSE,"SLC2A1"
"ACH-002281","NB14","Peripheral Nervous System","Neuroblastoma","Neuroblastoma","NBL",NA,FALSE,"SLC2A1"
"ACH-002282","NB17","Peripheral Nervous System","Neuroblastoma","Neuroblastoma","NBL",-0.45556769769085,FALSE,"SLC2A1"
"ACH-002283","NB5","Peripheral Nervous System","Neuroblastoma","Neuroblastoma","NBL",-0.253722804318595,FALSE,"SLC2A1"
"ACH-002284","NB6","Peripheral Nervous System","Neuroblastoma","Neuroblastoma","NBL",-0.659148688660829,FALSE,"SLC2A1"
"ACH-002285","NB7","Peripheral Nervous System","Neuroblastoma","Neuroblastoma","NBL",-0.424241358810297,FALSE,"SLC2A1"
"ACH-002286","NCI-H128","Lung","Lung Neuroendocrine Tumor","Small Cell Lung Cancer","SCLC",NA,FALSE,"SLC2A1"
"ACH-002287","NCI-H630","Bowel","Colorectal Adenocarcinoma","Colorectal Adenocarcinoma","COADREAD",NA,FALSE,"SLC2A1"
"ACH-002288","NEC8","Testis","Non-Seminomatous Germ Cell Tumor","Embryonal Carcinoma","EMBCA",NA,FALSE,"SLC2A1"
"ACH-002289","NK-92MI","Lymphoid","T-Lymphoblastic Leukemia/Lymphoma","Natural Killer (NK) Cell Lymphoblastic Leukemia/Lymphoma (NKCLL)","NKCLL",NA,FALSE,"SLC2A1"
"ACH-002290","NKM-1","Myeloid","Acute Myeloid Leukemia","Acute Myeloid Leukemia","AML",NA,FALSE,"SLC2A1"
"ACH-002291","NTERA-2 cl.D1","Testis","Non-Seminomatous Germ Cell Tumor","Embryonal Carcinoma","EMBCA",0.160927759812978,FALSE,"SLC2A1"
"ACH-002292","OACp4C","Esophagus/Stomach","Esophagogastric Adenocarcinoma","Esophageal Adenocarcinoma","ESCA",NA,FALSE,"SLC2A1"
"ACH-002293","P32-ISH","Lymphoid","Mature B-Cell Neoplasms","Burkitt Lymphoma","BL",NA,FALSE,"SLC2A1"
"ACH-002294","PCI-15A","Head and Neck","Head and Neck Squamous Cell Carcinoma","Hypopharynx Squamous Cell Carcinoma","HPHSC",-0.847634795893222,FALSE,"SLC2A1"
"ACH-002295","PCI-30","Head and Neck","Head and Neck Squamous Cell Carcinoma","Oral Cavity Squamous Cell Carcinoma","OCSC",-0.172085028410106,FALSE,"SLC2A1"
"ACH-002296","PCI-38","Head and Neck","Head and Neck Squamous Cell Carcinoma","Oral Cavity Squamous Cell Carcinoma","OCSC",-0.754314954472494,FALSE,"SLC2A1"
"ACH-002297","PCI-4B","Head and Neck","Head and Neck Squamous Cell Carcinoma","Larynx Squamous Cell Carcinoma","LXSC",-0.247797817449126,FALSE,"SLC2A1"
"ACH-002298","PCI-6A","Head and Neck","Head and Neck Squamous Cell Carcinoma","Oral Cavity Squamous Cell Carcinoma","OCSC",-0.839285825081378,FALSE,"SLC2A1"
"ACH-002299","QIMR-WIL","Myeloid","Acute Myeloid Leukemia","Acute Myeloid Leukemia","AML",NA,FALSE,"SLC2A1"
"ACH-002300","Ramos-2G6-4C10","Lymphoid","Mature B-Cell Neoplasms","Burkitt Lymphoma","BL",NA,FALSE,"SLC2A1"
"ACH-002301","RF-48","Lymphoid","Non-Hodgkin Lymphoma","Non-Hodgkin Lymphoma","NHL",NA,FALSE,"SLC2A1"
"ACH-002302","RPMI-8866","Myeloid","Myeloproliferative Neoplasms","Chronic Myeloid Leukemia, BCR-ABL1+","CMLBCRABL1",NA,FALSE,"SLC2A1"
"ACH-002304","SK-MG-1","CNS/Brain","Diffuse Glioma","Astrocytoma","ASTR",-0.295416078195818,FALSE,"SLC2A1"
"ACH-002305","SKN-3","Head and Neck","Head and Neck Squamous Cell Carcinoma","Oral Cavity Squamous Cell Carcinoma","OCSC",-0.00657895869169361,FALSE,"SLC2A1"
"ACH-002306","STS-0421","Esophagus/Stomach","Esophagogastric Adenocarcinoma","Stomach Adenocarcinoma","STAD",NA,FALSE,"SLC2A1"
"ACH-002307","SU-DHL-16","Lymphoid","Non-Hodgkin Lymphoma","Mature B-Cell Neoplasms","MBN",NA,FALSE,"SLC2A1"
"ACH-002308","SUP-B8","Lymphoid","B-Lymphoblastic Leukemia/Lymphoma","B-Lymphoblastic Leukemia/Lymphoma","BLL",NA,FALSE,"SLC2A1"
"ACH-002309","SW684","Soft Tissue","Fibrosarcoma","Fibrosarcoma","FIBS",NA,FALSE,"SLC2A1"
"ACH-002310","SW872","Soft Tissue","Liposarcoma","Liposarcoma","LIPO",NA,FALSE,"SLC2A1"
"ACH-002311","TE-12","Esophagus/Stomach","Esophageal Squamous Cell Carcinoma","Esophageal Squamous Cell Carcinoma","ESCC",NA,FALSE,"SLC2A1"
"ACH-002312","TGBC24TKB","Biliary Tract","Intracholecystic Papillary Neoplasm","Gallbladder Adenocarcinoma, NOS","GBAD",NA,FALSE,"SLC2A1"
"ACH-002313","TK","Lymphoid","Non-Hodgkin Lymphoma","Mature B-Cell Neoplasms","MBN",NA,FALSE,"SLC2A1"
"ACH-002314","TUR","Myeloid","Acute Myeloid Leukemia","Acute Monoblastic/Monocytic Leukemia","AMOL",NA,FALSE,"SLC2A1"
"ACH-002316","WIL2-NS","Myeloid","Hereditary Spherocytosis","Spherocytosis","",NA,FALSE,"SLC2A1"
"ACH-002317","YT","Lymphoid","T-Lymphoblastic Leukemia/Lymphoma","Natural Killer (NK) Cell Lymphoblastic Leukemia/Lymphoma (NKCLL)","NKCLL",NA,FALSE,"SLC2A1"
"ACH-002320","600MPE","Breast","Invasive Breast Carcinoma","Breast Invasive Carcinoma, NOS","BRCNOS",NA,FALSE,"SLC2A1"
"ACH-002321","HBL-100","Breast","Non-Cancerous","Immortalized Breast Cells","",NA,FALSE,"SLC2A1"
"ACH-002322","HCC2185","Breast","Invasive Breast Carcinoma","Breast Invasive Lobular Carcinoma","ILC",NA,FALSE,"SLC2A1"
"ACH-002323","HCC2688","Breast","Breast Ductal Carcinoma In Situ","Breast Ductal Carcinoma In Situ","DCIS",NA,FALSE,"SLC2A1"
"ACH-002324","HCC3153","Breast","Invasive Breast Carcinoma","Breast Invasive Ductal Carcinoma","IDC",NA,FALSE,"SLC2A1"
"ACH-002326","MACLS2","Breast","Invasive Breast Carcinoma","Breast Invasive Ductal Carcinoma","IDC",NA,FALSE,"SLC2A1"
"ACH-002327","MCF12A","Breast","Non-Cancerous","Immortalized Breast Cells","",NA,FALSE,"SLC2A1"
"ACH-002328","MX1","Breast","Breast Neoplasm, NOS","Breast Neoplasm, NOS","BNNOS",NA,FALSE,"SLC2A1"
"ACH-002329","SKBR5","Breast","Breast Neoplasm, NOS","Breast Neoplasm, NOS","BNNOS",NA,FALSE,"SLC2A1"
"ACH-002330","SKBR7","Breast","Breast Neoplasm, NOS","Breast Neoplasm, NOS","BNNOS",NA,FALSE,"SLC2A1"
"ACH-002331","ZR75B","Breast","Invasive Breast Carcinoma","Breast Invasive Carcinoma, NOS","BRCNOS",NA,FALSE,"SLC2A1"
"ACH-002332","GISTT1","Soft Tissue","Gastrointestinal Stromal Tumor","Gastrointestinal Stromal Tumor","GIST",NA,FALSE,"SLC2A1"
"ACH-002333","HCC-827-GR","Lung","Non-Small Cell Lung Cancer","Lung Adenocarcinoma","LUAD",NA,FALSE,"SLC2A1"
"ACH-002334","SS1A","Soft Tissue","Synovial Sarcoma","Synovial Sarcoma","SYNS",NA,FALSE,"SLC2A1"
"ACH-002336","HCET","Eye","Non-Cancerous","Immortalized Epithelial Cells, Corneal, Differentiated","",NA,FALSE,"SLC2A1"
"ACH-002337","JHU-028","Lung","Non-Small Cell Lung Cancer","Lung Adenocarcinoma","LUAD",NA,FALSE,"SLC2A1"
"ACH-002338","M980513","Skin","Melanoma","Melanoma","MEL",NA,FALSE,"SLC2A1"
"ACH-002339","MOT","Lymphoid","Mature B-Cell Neoplasms","Hairy Cell Leukemia","HCL",NA,FALSE,"SLC2A1"
"ACH-002340","NBSUSSR","Peripheral Nervous System","Neuroblastoma","Neuroblastoma","NBL",NA,FALSE,"SLC2A1"
"ACH-002342","BB30P BL","Lymphoid","Non-Cancerous","Matched Normal","",NA,FALSE,"SLC2A1"
"ACH-002343","BB49EBV","Normal","Non-Cancerous","Matched Normal","",NA,FALSE,"SLC2A1"
"ACH-002344","BB65EBV","Normal","Non-Cancerous","Matched Normal","",NA,FALSE,"SLC2A1"
"ACH-002345","CaR-1","Bowel","Colorectal Adenocarcinoma","Rectal Adenocarcinoma","READ",NA,FALSE,"SLC2A1"
"ACH-002346","CP50EBV","Normal","Non-Cancerous","Matched Normal","",NA,FALSE,"SLC2A1"
"ACH-002347","CP66EBV","Normal","Non-Cancerous","Matched Normal","",NA,FALSE,"SLC2A1"
"ACH-002348","HSJD-DIPG-007","CNS/Brain","Diffuse Glioma","Diffuse Intrinsic Pontine Glioma","DIPG",NA,FALSE,"SLC2A1"
"ACH-002349","GBM001","CNS/Brain","Diffuse Glioma","Glioblastoma","GB",NA,FALSE,"SLC2A1"
"ACH-002350","HA7EBV","Normal","Non-Cancerous","Matched Normal","",NA,FALSE,"SLC2A1"
"ACH-002351","L542","Normal","Non-Cancerous","Matched Normal","",NA,FALSE,"SLC2A1"
"ACH-002352","LB1047EBV","Normal","Non-Cancerous","Matched Normal","",NA,FALSE,"SLC2A1"
"ACH-002353","LB2241EBV","Normal","Non-Cancerous","Matched Normal","",NA,FALSE,"SLC2A1"
"ACH-002354","LB2518EBV","Normal","Non-Cancerous","Matched Normal","",NA,FALSE,"SLC2A1"
"ACH-002355","LB373EBV","Normal","Non-Cancerous","Matched Normal","",NA,FALSE,"SLC2A1"
"ACH-002356","LB647P BL","Lymphoid","Non-Cancerous","Matched Normal","",NA,FALSE,"SLC2A1"
"ACH-002357","LB771P BL","Lymphoid","Non-Cancerous","Matched Normal","",NA,FALSE,"SLC2A1"
"ACH-002358","LB831-EBV","Lymphoid","Non-Cancerous","Matched Normal","",NA,FALSE,"SLC2A1"
"ACH-002360","MZ1B","Normal","Non-Cancerous","Matched Normal","",NA,FALSE,"SLC2A1"
"ACH-002361","MZ7B","Normal","Non-Cancerous","Matched Normal","",NA,FALSE,"SLC2A1"
"ACH-002362","NCI-BL128","Lymphoid","Non-Cancerous","Matched Normal","",NA,FALSE,"SLC2A1"
"ACH-002363","NCI-BL1395","Lymphoid","Non-Cancerous","Matched Normal","",NA,FALSE,"SLC2A1"
"ACH-002364","NCI-BL1437","Lymphoid","Non-Cancerous","Matched Normal","",NA,FALSE,"SLC2A1"
"ACH-002365","NCI-BL1770","Lymphoid","Non-Cancerous","Matched Normal","",NA,FALSE,"SLC2A1"
"ACH-002366","NCI-BL2009","Lymphoid","Non-Cancerous","Matched Normal","",NA,FALSE,"SLC2A1"
"ACH-002367","NCI-BL2052","Lymphoid","Non-Cancerous","Matched Normal","",NA,FALSE,"SLC2A1"
"ACH-002368","NCI-BL2087","Lymphoid","Non-Cancerous","Matched Normal","",NA,FALSE,"SLC2A1"
"ACH-002369","NCI-BL209","Lymphoid","Non-Cancerous","Matched Normal","",NA,FALSE,"SLC2A1"
"ACH-002370","NCI-BL2122","Lymphoid","Non-Cancerous","Matched Normal","",NA,FALSE,"SLC2A1"
"ACH-002371","NCI-BL2126","Lymphoid","Non-Cancerous","Matched Normal","",NA,FALSE,"SLC2A1"
"ACH-002372","NCI-BL2171","Lymphoid","Non-Cancerous","Matched Normal","",NA,FALSE,"SLC2A1"
"ACH-002373","HCC1187 BL","Lymphoid","Non-Cancerous","Matched Normal","",NA,FALSE,"SLC2A1"
"ACH-002374","HCC1599BL","Lymphoid","Non-Cancerous","Matched Normal","",NA,FALSE,"SLC2A1"
"ACH-002375","HCC1937 BL","Lymphoid","Non-Cancerous","Matched Normal","",NA,FALSE,"SLC2A1"
"ACH-002376","LS1034-PBL","Lymphoid","Non-Cancerous","Matched Normal","",NA,FALSE,"SLC2A1"
"ACH-002377","HCC38 BL","Lymphoid","Non-Cancerous","Matched Normal","",NA,FALSE,"SLC2A1"
"ACH-002378","HCC1143 BL","Lymphoid","Non-Cancerous","Matched Normal","",NA,FALSE,"SLC2A1"
"ACH-002379","J82EBV","Normal","Non-Cancerous","Matched Normal","",NA,FALSE,"SLC2A1"
"ACH-002380","COLO829 BL","Lymphoid","Non-Cancerous","Matched Normal","",NA,FALSE,"SLC2A1"
"ACH-002381","HCC2157 BL","Lymphoid","Non-Cancerous","Matched Normal","",NA,FALSE,"SLC2A1"
"ACH-002382","HCC1395 BL","Lymphoid","Non-Cancerous","Matched Normal","",NA,FALSE,"SLC2A1"
"ACH-002383","HCC2218 BL","Lymphoid","Non-Cancerous","Matched Normal","",NA,FALSE,"SLC2A1"
"ACH-002384","HCC1954 BL","Lymphoid","Non-Cancerous","Matched Normal","",NA,FALSE,"SLC2A1"
"ACH-002386","M00921","Skin","Melanoma","Melanoma","MEL",NA,FALSE,"SLC2A1"
"ACH-002387","M1203273","Skin","Melanoma","Melanoma","MEL",NA,FALSE,"SLC2A1"
"ACH-002388","MET2B","Skin","Melanoma","Melanoma","MEL",NA,FALSE,"SLC2A1"
"ACH-002389","ACN","Peripheral Nervous System","Neuroblastoma","Neuroblastoma","NBL",NA,FALSE,"SLC2A1"
"ACH-002392","SC-1","Lymphoid","Mature B-Cell Neoplasms","Follicular Lymphoma","FL",NA,FALSE,"SLC2A1"
"ACH-002397","KMH-2","Thyroid","Anaplastic Thyroid Cancer","Anaplastic Thyroid Cancer","THAP",NA,FALSE,"SLC2A1"
"ACH-002399","21NT","Breast","Invasive Breast Carcinoma","Breast Invasive Ductal Carcinoma","IDC",-0.448158119780935,FALSE,"SLC2A1"
"ACH-002400","21MT1","Breast","Invasive Breast Carcinoma","Breast Invasive Ductal Carcinoma","IDC",-0.82608776672604,FALSE,"SLC2A1"
"ACH-002401","21MT2","Breast","Invasive Breast Carcinoma","Breast Invasive Ductal Carcinoma","IDC",-0.87231740348205,FALSE,"SLC2A1"
"ACH-002403","CCLF_MELM_0001_T","Skin","Melanoma","Melanoma","MEL",NA,FALSE,"SLC2A1"
"ACH-002404","CCLF_MELM_0002_T","Skin","Melanoma","Melanoma","MEL",NA,FALSE,"SLC2A1"
"ACH-002405","CCLF_MELM_0003_T","Skin","Melanoma","Melanoma","MEL",NA,FALSE,"SLC2A1"
"ACH-002407","CCLF_MELM_0005_T","Skin","Melanoma","Melanoma","MEL",NA,FALSE,"SLC2A1"
"ACH-002409","CCLF_NEURO_0006_T","CNS/Brain","Diffuse Glioma","Glioblastoma","GB",NA,FALSE,"SLC2A1"
"ACH-002419","CCLF_OVPA_0001_T","Uterus","Endometrial Carcinoma","Uterine Carcinosarcoma/Uterine Malignant Mixed Mullerian Tumor","UCS",NA,FALSE,"SLC2A1"
"ACH-002431","CCLF_PEDS_0014_T1","Peripheral Nervous System","Neuroblastoma","Neuroblastoma","NBL",NA,FALSE,"SLC2A1"
"ACH-002433","CCLF_PEDS_0019_T","Bone","Osteosarcoma","Osteosarcoma","OS",NA,FALSE,"SLC2A1"
"ACH-002435","CCLF_PEDS_0022_T","Kidney","Wilms' Tumor","Wilms' Tumor","WT",NA,FALSE,"SLC2A1"
"ACH-002438","CCLF_PEDS_0026_T","Kidney","Wilms' Tumor","Wilms' Tumor","WT",NA,FALSE,"SLC2A1"
"ACH-002440","CCLF_THYR_0008_T","Thyroid","Well-Differentiated Thyroid Cancer","Papillary Thyroid Cancer","THPA",NA,FALSE,"SLC2A1"
"ACH-002444","CCLF_UPGI_0003_T","Esophagus/Stomach","Esophagogastric Adenocarcinoma","Stomach Adenocarcinoma","STAD",NA,FALSE,"SLC2A1"
"ACH-002445","CCLF_UPGI_0004_T","Esophagus/Stomach","Esophagogastric Adenocarcinoma","Stomach Adenocarcinoma","STAD",NA,FALSE,"SLC2A1"
"ACH-002446","CCLF_UPGI_0005_T","Esophagus/Stomach","Esophagogastric Adenocarcinoma","Stomach Adenocarcinoma","STAD",-0.945160098854885,FALSE,"SLC2A1"
"ACH-002458","HT144 SKIN FV1","Skin","Melanoma","Melanoma","MEL",-0.0831172268506114,FALSE,"SLC2A1"
"ACH-002459","HT144 SKIN FV3","Skin","Melanoma","Melanoma","MEL",NA,FALSE,"SLC2A1"
"ACH-002460","HT144 SKIN FV2","Skin","Melanoma","Melanoma","MEL",0.0387332459193314,FALSE,"SLC2A1"
"ACH-002461","RVH421 SKIN FV1","Skin","Melanoma","Melanoma","MEL",0.0408104299917022,FALSE,"SLC2A1"
"ACH-002462","RPE1-ss48","Eye","Non-Cancerous","Immortalized Epithelial Cells, Retinal","",-0.466162400912182,FALSE,"SLC2A1"
"ACH-002463","RPE1-ss77","Eye","Non-Cancerous","Immortalized Epithelial Cells, Retinal","",-0.0412254985889354,FALSE,"SLC2A1"
"ACH-002464","RPE1-ss6","Eye","Non-Cancerous","Immortalized Epithelial Cells, Retinal","",0.0571086727296648,FALSE,"SLC2A1"
"ACH-002465","RPE1-ss119","Eye","Non-Cancerous","Immortalized Epithelial Cells, Retinal","",-0.646845748850808,FALSE,"SLC2A1"
"ACH-002466","RPE1-ss111","Eye","Non-Cancerous","Immortalized Epithelial Cells, Retinal","",NA,FALSE,"SLC2A1"
"ACH-002467","RPE1-ss51","Eye","Non-Cancerous","Immortalized Epithelial Cells, Retinal","",-0.212202343738665,FALSE,"SLC2A1"
"ACH-002470","OS186","Bone","Osteosarcoma","Osteosarcoma","OS",-0.367416285432056,FALSE,"SLC2A1"
"ACH-002471","OS052","Bone","Osteosarcoma","Osteosarcoma","OS",-0.181941574670717,FALSE,"SLC2A1"
"ACH-002475","HAP1","Myeloid","Myeloproliferative Neoplasms","Chronic Myeloid Leukemia, BCR-ABL1+","CMLBCRABL1",-0.267984284487158,FALSE,"SLC2A1"
"ACH-002478","BC-2","Lymphoid","Mature B-Cell Neoplasms","Primary Effusion Lymphoma","PEL",-0.901957757699103,FALSE,"SLC2A1"
"ACH-002485","MAVER-1","Lymphoid","Mature B-Cell Neoplasms","Mantle Cell Lymphoma","MCL",-0.0909552864645597,FALSE,"SLC2A1"
"ACH-002486","MES-OV","Ovary/Fallopian Tube","Ovarian Epithelial Tumor","Serous Ovarian Cancer","SOC",-0.0693613843696028,FALSE,"SLC2A1"
"ACH-002490","NCI-H1882","Lung","Lung Neuroendocrine Tumor","Small Cell Lung Cancer","SCLC",-0.511767103229837,FALSE,"SLC2A1"
"ACH-002497","NCI-H920","Lung","Non-Small Cell Lung Cancer","Lung Adenocarcinoma","LUAD",NA,FALSE,"SLC2A1"
"ACH-002499","UACC-3199","Breast","Invasive Breast Carcinoma","Breast Invasive Ductal Carcinoma","IDC",-1.36622326985552,FALSE,"SLC2A1"
"ACH-002500","Z-138","Lymphoid","Mature B-Cell Neoplasms","Mantle Cell Lymphoma","MCL",-0.889190812872739,FALSE,"SLC2A1"
"ACH-002501","RMZ","Soft Tissue","Rhabdomyosarcoma","Alveolar Rhabdomyosarcoma","ARMS",NA,FALSE,"SLC2A1"
"ACH-002508","WM3211","Skin","Melanoma","Acral Melanoma","ACRM",-0.123203623859873,FALSE,"SLC2A1"
"ACH-002509","WM4235","Skin","Melanoma","Acral Melanoma","ACRM",NA,FALSE,"SLC2A1"
"ACH-002510","M040416","Skin","Melanoma","Acral Melanoma","ACRM",0.248447762442339,FALSE,"SLC2A1"
"ACH-002511","M140325","Skin","Melanoma","Melanoma","MEL",-0.530670613348728,FALSE,"SLC2A1"
"ACH-002512","MM160113","Skin","Melanoma","Acral Melanoma","ACRM",0.187196279870459,FALSE,"SLC2A1"
"ACH-002522","SNU-2292","Lung","Non-Small Cell Lung Cancer","Lung Adenocarcinoma","LUAD",-0.498895298391092,FALSE,"SLC2A1"
"ACH-002523","SNU-739","Liver","Hepatocellular Carcinoma","Hepatocellular Carcinoma","HCC",-0.132022322759708,FALSE,"SLC2A1"
"ACH-002524","SNU-251","Ovary/Fallopian Tube","Ovarian Epithelial Tumor","Endometrioid Ovarian Cancer","EOV",-0.784685439440061,FALSE,"SLC2A1"
"ACH-002526","SNU-1327","Lung","Non-Small Cell Lung Cancer","Lung Adenocarcinoma","LUAD",0.0346845721060201,FALSE,"SLC2A1"
"ACH-002528","SNU-267","Kidney","Renal Cell Carcinoma","Renal Clear Cell Carcinoma","CCRCC",0.0776527282439124,FALSE,"SLC2A1"
"ACH-002530","SNU-977","Bowel","Colorectal Adenocarcinoma","Rectal Adenocarcinoma","READ",-0.130911331663995,FALSE,"SLC2A1"
"ACH-002531","SNU-2535","Lung","Non-Small Cell Lung Cancer","Lung Adenocarcinoma","LUAD",-0.657657394653675,FALSE,"SLC2A1"
"ACH-002532","SNU-1411","Bowel","Colorectal Adenocarcinoma","Rectal Adenocarcinoma","READ",NA,FALSE,"SLC2A1"
"ACH-002533","SNU-482","Kidney","Renal Cell Carcinoma","Renal Cell Carcinoma","RCC",-0.55274324989145,FALSE,"SLC2A1"
"ACH-002535","SNU-254","Bowel","Colorectal Adenocarcinoma","Rectal Adenocarcinoma","READ",0.343062228110101,FALSE,"SLC2A1"
"ACH-002538","SNU-1235","Bowel","Colorectal Adenocarcinoma","Colon Adenocarcinoma","COAD",-0.898990267921101,FALSE,"SLC2A1"
"ACH-002539","SNU-1460","Bowel","Colorectal Adenocarcinoma","Colon Adenocarcinoma","COAD",NA,FALSE,"SLC2A1"
"ACH-002543","SNU-1406","Bowel","Colorectal Adenocarcinoma","Colon Adenocarcinoma","COAD",NA,FALSE,"SLC2A1"
"ACH-002544","SNU-1750","Esophagus/Stomach","Esophagogastric Adenocarcinoma","Tubular Stomach Adenocarcinoma","TSTAD",0.133863870935415,FALSE,"SLC2A1"
"ACH-002643","GRANTA-452","Lymphoid","B-Lymphoblastic Leukemia/Lymphoma","B-Lymphoblastic Leukemia/Lymphoma","BLL",NA,FALSE,"SLC2A1"
"ACH-002647","CCC-5","Biliary Tract","Intraductal Papillary Neoplasm of the Bile Duct","Cholangiocarcinoma","CHOL",0.341831383367414,FALSE,"SLC2A1"
"ACH-002648","CX-03","Uterus","Endometrial Carcinoma","Uterine Carcinosarcoma/Uterine Malignant Mixed Mullerian Tumor","UCS",NA,FALSE,"SLC2A1"
"ACH-002650","ETCC-016","Lung","Non-Small Cell Lung Cancer","Lung Adenocarcinoma","LUAD",-0.0330117404914687,FALSE,"SLC2A1"
"ACH-002651","FKH-1","Myeloid","Acute Myeloid Leukemia","Acute Myeloid Leukemia","AML",NA,FALSE,"SLC2A1"
"ACH-002653","JIH-5","Myeloid","Acute Leukemias of Ambiguous Lineage","Acute Leukemias of Ambiguous Lineage","ALAL",NA,FALSE,"SLC2A1"
"ACH-002654","JVE-015","Bowel","Colorectal Adenocarcinoma","Colon Adenocarcinoma","COAD",0.257868770364314,FALSE,"SLC2A1"
"ACH-002659","JVE-127","Bowel","Colorectal Adenocarcinoma","Mucinous Adenocarcinoma of the Colon and Rectum","MACR",-0.481421926918963,FALSE,"SLC2A1"
"ACH-002660","JVE-187","Bowel","Colorectal Adenocarcinoma","Colon Adenocarcinoma","COAD",-0.13328468523984,FALSE,"SLC2A1"
"ACH-002662","JVE-207","Bowel","Colorectal Adenocarcinoma","Colon Adenocarcinoma","COAD",-0.464344916818144,FALSE,"SLC2A1"
"ACH-002664","JVE-253","Bowel","Colorectal Adenocarcinoma","Mucinous Adenocarcinoma of the Colon and Rectum","MACR",0.0969433469532119,FALSE,"SLC2A1"
"ACH-002665","JVE-367","Bowel","Gastrointestinal Neuroendocrine Tumors","High-Grade Neuroendocrine Carcinoma of the Colon and Rectum","HGNEC",NA,FALSE,"SLC2A1"
"ACH-002667","JVE-528","Bowel","Colorectal Adenocarcinoma","Colon Adenocarcinoma","COAD",NA,FALSE,"SLC2A1"
"ACH-002668","KASUMI-3","Myeloid","Acute Myeloid Leukemia","AML with Minimal Differentiation","AMLMD",NA,FALSE,"SLC2A1"
"ACH-002669","KP-363T","Bowel","Colorectal Adenocarcinoma","Colon Adenocarcinoma","COAD",-1.05655621795239,FALSE,"SLC2A1"
"ACH-002672","MAPAC-HS-77","Pancreas","Pancreatic Adenocarcinoma","Pancreatic Adenocarcinoma","PAAD",-0.547784043270843,FALSE,"SLC2A1"
"ACH-002675","SH-2","Myeloid","Acute Myeloid Leukemia","Acute Myeloid Leukemia","AML",NA,FALSE,"SLC2A1"
"ACH-002676","TK-6","Myeloid","Myeloproliferative Neoplasms","Chronic Myeloid Leukemia, BCR-ABL1+","CMLBCRABL1",NA,FALSE,"SLC2A1"
"ACH-002677","U-2946","Lymphoid","Mature B-Cell Neoplasms","Diffuse Large B-Cell Lymphoma, NOS","DLBCLNOS",-1.32622384832308,FALSE,"SLC2A1"
"ACH-002678","WILL-1","Lymphoid","Mature B-Cell Neoplasms","Diffuse Large B-Cell Lymphoma, NOS","DLBCLNOS",-0.686360702004483,FALSE,"SLC2A1"
"ACH-002680","170-MG-BA","CNS/Brain","Diffuse Glioma","Glioblastoma","GB",-0.104672786887263,FALSE,"SLC2A1"
"ACH-002681","538-MG-BA","CNS/Brain","Diffuse Glioma","Glioblastoma","GB",-0.325753494594659,FALSE,"SLC2A1"
"ACH-002687","WM3772F","Eye","Ocular Melanoma","Uveal Melanoma","UM",0.034292291183375,FALSE,"SLC2A1"
"ACH-002688","OS457","Bone","Osteosarcoma","Osteosarcoma","OS",NA,FALSE,"SLC2A1"
"ACH-002689","OS525","Bone","Osteosarcoma","Osteosarcoma","OS",NA,FALSE,"SLC2A1"
"ACH-002690","OS526","Bone","Osteosarcoma","Osteosarcoma","OS",-0.503693006785036,FALSE,"SLC2A1"
"ACH-002693","S462","Peripheral Nervous System","Nerve Sheath Tumor","Malignant Peripheral Nerve Sheath Tumor","MPNST",-0.130229055671578,FALSE,"SLC2A1"
"ACH-002695","STS26T","Peripheral Nervous System","Nerve Sheath Tumor","Malignant Peripheral Nerve Sheath Tumor","MPNST",NA,FALSE,"SLC2A1"
"ACH-002703","OANC1","Esophagus/Stomach","Esophagogastric Adenocarcinoma","Esophageal Adenocarcinoma","ESCA",NA,FALSE,"SLC2A1"
"ACH-002705","IS076P","Esophagus/Stomach","Esophagogastric Adenocarcinoma","Esophageal Adenocarcinoma","ESCA",-0.0547067387715156,FALSE,"SLC2A1"
"ACH-002706","IS076A","Esophagus/Stomach","Esophagogastric Adenocarcinoma","Esophageal Adenocarcinoma","ESCA",0.0449709095755015,FALSE,"SLC2A1"
"ACH-002709","CMS","Myeloid","Acute Myeloid Leukemia","Acute Megakaryoblastic Leukemia","AMKL",-0.303962830452998,FALSE,"SLC2A1"
"ACH-002710","MPNST-724","Peripheral Nervous System","Nerve Sheath Tumor","Malignant Peripheral Nerve Sheath Tumor","MPNST",-0.0782982678603075,FALSE,"SLC2A1"
"ACH-002711","UM-HACC-2A","Head and Neck","Salivary Carcinoma","Adenoid Cystic Carcinoma","ACYC",-0.161643501718063,FALSE,"SLC2A1"
"ACH-002716","MO-91","Myeloid","Acute Myeloid Leukemia","AML with Minimal Differentiation","AMLMD",NA,FALSE,"SLC2A1"
"ACH-002730","CCLF_UPGI_0009_T","Esophagus/Stomach","Esophagogastric Adenocarcinoma","Stomach Adenocarcinoma","STAD",NA,FALSE,"SLC2A1"
"ACH-002733","CCLF_UPGI_0040_T","Esophagus/Stomach","Esophagogastric Adenocarcinoma","Stomach Adenocarcinoma","STAD",NA,FALSE,"SLC2A1"
"ACH-002736","CCLF_UPGI_0052_T","Esophagus/Stomach","Esophagogastric Adenocarcinoma","Diffuse Type Stomach Adenocarcinoma","DSTAD",NA,FALSE,"SLC2A1"
"ACH-002738","PANFR0420","Pancreas","Pancreatic Adenocarcinoma","Pancreatic Adenocarcinoma","PAAD",NA,FALSE,"SLC2A1"
"ACH-002742","PANFR0233","Pancreas","Pancreatic Adenocarcinoma","Pancreatic Adenocarcinoma","PAAD",NA,FALSE,"SLC2A1"
"ACH-002743","PANFR0368","Pancreas","Pancreatic Adenocarcinoma","Pancreatic Adenocarcinoma","PAAD",NA,FALSE,"SLC2A1"
"ACH-002744","PANFR0402","Pancreas","Pancreatic Adenocarcinoma","Pancreatic Adenocarcinoma","PAAD",NA,FALSE,"SLC2A1"
"ACH-002745","PANFR0069","Pancreas","Pancreatic Adenocarcinoma","Pancreatic Adenocarcinoma","PAAD",NA,FALSE,"SLC2A1"
"ACH-002757","CCLF_UPGI_0068_T","Esophagus/Stomach","Esophagogastric Adenocarcinoma","Stomach Adenocarcinoma","STAD",NA,FALSE,"SLC2A1"
"ACH-002778","NCC-OS1-X2-C1","Bone","Osteosarcoma","Osteosarcoma","OS",-0.145834172767214,FALSE,"SLC2A1"
"ACH-002780","NCC-ES1-C1","Bone","Ewing Sarcoma","Ewing Sarcoma","ES",-0.3804168092739,FALSE,"SLC2A1"
"ACH-002781","NCC-dCS1-C1","Bone","Chondrosarcoma","Dedifferentiated Chondrosarcoma","DDCHS",NA,FALSE,"SLC2A1"
"ACH-002782","NCC-UPS1-C1","Soft Tissue","Undifferentiated Pleomorphic Sarcoma/Malignant Fibrous Histiocytoma/High-Grade Spindle Cell Sarcoma","Undifferentiated Pleomorphic Sarcoma/Malignant Fibrous Histiocytoma/High-Grade Spindle Cell Sarcoma","MFH",0.037933081184627,FALSE,"SLC2A1"
"ACH-002784","NCC-UPS2-C1","Soft Tissue","Undifferentiated Pleomorphic Sarcoma/Malignant Fibrous Histiocytoma/High-Grade Spindle Cell Sarcoma","Undifferentiated Pleomorphic Sarcoma/Malignant Fibrous Histiocytoma/High-Grade Spindle Cell Sarcoma","MFH",-0.0991231527182856,FALSE,"SLC2A1"
"ACH-002785","NCC-LMS1-C1","Soft Tissue","Leiomyosarcoma","Leiomyosarcoma","LMS",-0.0949038934380176,FALSE,"SLC2A1"
"ACH-002787","NCC-pRMS1-C1","Soft Tissue","Rhabdomyosarcoma","Pleomorphic Rhabdomyosarcoma","PLRMS",NA,FALSE,"SLC2A1"
"ACH-002790","NCC-SS2-C1","Soft Tissue","Synovial Sarcoma","Synovial Sarcoma","SYNS",NA,FALSE,"SLC2A1"
"ACH-002792","NCC-CCS1B-C1","Soft Tissue","Clear Cell Sarcoma","Clear Cell Sarcoma","CCS",-0.900789419241653,FALSE,"SLC2A1"
"ACH-002794","NCC-MFS1-C1","Soft Tissue","Myxofibrosarcoma","Myxofibrosarcoma","MFS",NA,FALSE,"SLC2A1"
"ACH-002795","NCC-CDS1-X1-C1","Soft Tissue","CIC-DUX4 Sarcoma","CIC-DUX4 Sarcoma","",NA,FALSE,"SLC2A1"
"ACH-002796","NCC-CDS1-X3-C1","Soft Tissue","CIC-DUX4 Sarcoma","CIC-DUX4 Sarcoma","",NA,FALSE,"SLC2A1"
"ACH-002798","NCC-DFSP2-C1","Skin","Dermatofibrosarcoma Protuberans","Dermatofibrosarcoma Protuberans","DFSP",NA,FALSE,"SLC2A1"
"ACH-002799","NCC-MPNST1-C1","Peripheral Nervous System","Nerve Sheath Tumor","Malignant Peripheral Nerve Sheath Tumor","MPNST",-0.144341404981114,FALSE,"SLC2A1"
"ACH-002800","NCC-MPNST2-C1","Peripheral Nervous System","Nerve Sheath Tumor","Malignant Peripheral Nerve Sheath Tumor","MPNST",0.00163953072471812,FALSE,"SLC2A1"
"ACH-002801","NCC-MPNST3-C1","Peripheral Nervous System","Nerve Sheath Tumor","Malignant Peripheral Nerve Sheath Tumor","MPNST",NA,FALSE,"SLC2A1"
"ACH-002802","NCC-MPNST3-X2-C1","Peripheral Nervous System","Nerve Sheath Tumor","Malignant Peripheral Nerve Sheath Tumor","MPNST",NA,FALSE,"SLC2A1"
"ACH-002806","TB096","CNS/Brain","Diffuse Glioma","Anaplastic Astrocytoma","AASTR",0.0472942761710879,FALSE,"SLC2A1"
"ACH-002834","OS384","Bone","Osteosarcoma","Osteosarcoma","OS",-0.155388467869732,FALSE,"SLC2A1"
"ACH-002835","CCLF_UPGI_0011_T","Esophagus/Stomach","Esophagogastric Adenocarcinoma","Esophageal Adenocarcinoma","ESCA",NA,FALSE,"SLC2A1"
"ACH-002837","CCLF_UPGI_0015_T","Esophagus/Stomach","Esophagogastric Adenocarcinoma","Esophageal Adenocarcinoma","ESCA",NA,FALSE,"SLC2A1"
"ACH-002839","CCLF_CORE_0002_T","Bowel","Colorectal Adenocarcinoma","Colon Adenocarcinoma","COAD",NA,FALSE,"SLC2A1"
"ACH-002843","CCLF_RARE_0020_T","Soft Tissue","Desmoid/Aggressive Fibromatosis","Desmoid/Aggressive Fibromatosis","DES",NA,FALSE,"SLC2A1"
"ACH-002844","CCLF_RARE_0025_T","Soft Tissue","Desmoid/Aggressive Fibromatosis","Desmoid/Aggressive Fibromatosis","DES",NA,FALSE,"SLC2A1"
"ACH-002846","YUSEEP-M 16-3517","Skin","Melanoma","Acral Melanoma","ACRM",NA,FALSE,"SLC2A1"
"ACH-002847","YUHOIN","Skin","Melanoma","Melanoma","MEL",-0.0392850187063356,FALSE,"SLC2A1"
"ACH-002871","CCLF_UPGI_0054_T","Esophagus/Stomach","Esophagogastric Adenocarcinoma","Esophageal Adenocarcinoma","ESCA",NA,FALSE,"SLC2A1"
"ACH-002883","IPM-BO-053","Breast","Invasive Breast Carcinoma","Breast Invasive Lobular Carcinoma","ILC",NA,FALSE,"SLC2A1"
"ACH-002884","IPM-BO-055","Breast","Invasive Breast Carcinoma","Breast Invasive Lobular Carcinoma","ILC",NA,FALSE,"SLC2A1"
"ACH-002885","IPM-BO-056","Breast","Invasive Breast Carcinoma","Breast Invasive Ductal Carcinoma","IDC",NA,FALSE,"SLC2A1"
"ACH-002886","VACO 432","Bowel","Colorectal Adenocarcinoma","Colon Adenocarcinoma","COAD",NA,FALSE,"SLC2A1"
"ACH-002921","BCK4","Breast","Invasive Breast Carcinoma","Breast Invasive Lobular Carcinoma","ILC",NA,FALSE,"SLC2A1"
"ACH-002922","SK-N-MM","Peripheral Nervous System","Neuroblastoma","Neuroblastoma","NBL",0.0701595543882731,FALSE,"SLC2A1"
"ACH-002924","UPMM2","Eye","Ocular Melanoma","Uveal Melanoma","UM",NA,FALSE,"SLC2A1"
"ACH-002925","UPMM3","Eye","Ocular Melanoma","Uveal Melanoma","UM",-0.129764844473043,FALSE,"SLC2A1"
"ACH-002926","UPMD1","Eye","Ocular Melanoma","Uveal Melanoma","UM",-0.107972613358728,FALSE,"SLC2A1"
"ACH-002927","UPMD2","Eye","Ocular Melanoma","Uveal Melanoma","UM",NA,FALSE,"SLC2A1"
"ACH-002928","MM100511","Skin","Melanoma","Acral Melanoma","ACRM",-0.477048906148099,FALSE,"SLC2A1"
"ACH-002932","CCLF_NEURO_0001_T","Bowel","Colorectal Adenocarcinoma","Colorectal Adenocarcinoma","COADREAD",NA,FALSE,"SLC2A1"
"ACH-002936","CCLF_PEDS_0043_T","Soft Tissue","Rhabdomyosarcoma","Alveolar Rhabdomyosarcoma","ARMS",NA,FALSE,"SLC2A1"
"ACH-002937","CCLF_PEDS_0020_T","Kidney","Wilms' Tumor","Wilms' Tumor","WT",NA,FALSE,"SLC2A1"
"ACH-002942","CCLF_RARE_0004_T","Soft Tissue","Leiomyosarcoma","Leiomyosarcoma","LMS",NA,FALSE,"SLC2A1"
"ACH-002946","UKE-1","Myeloid","Acute Myeloid Leukemia","Acute Myeloid Leukemia","AML",NA,FALSE,"SLC2A1"
"ACH-002950","NH93T","Breast","Invasive Breast Carcinoma","Invasive Breast Carcinoma","BRCA",NA,FALSE,"SLC2A1"
"ACH-002951","NH84T","Breast","Invasive Breast Carcinoma","Invasive Breast Carcinoma","BRCA",NA,FALSE,"SLC2A1"
"ACH-002954","CCLF_UPGI_0012_T","Esophagus/Stomach","Esophagogastric Adenocarcinoma","Esophageal Adenocarcinoma","ESCA",NA,FALSE,"SLC2A1"
"ACH-002967","CCLF_UPGI_0036_T","Esophagus/Stomach","Esophagogastric Adenocarcinoma","Stomach Adenocarcinoma","STAD",NA,FALSE,"SLC2A1"
"ACH-002968","CCLF_UPGI_0041_T","Esophagus/Stomach","Esophagogastric Adenocarcinoma","Stomach Adenocarcinoma","STAD",NA,FALSE,"SLC2A1"
"ACH-002972","CCLF_UPGI_0085_T","Esophagus/Stomach","Esophagogastric Adenocarcinoma","Stomach Adenocarcinoma","STAD",NA,FALSE,"SLC2A1"
"ACH-002979","CCLF_UPGI_0101_T","Esophagus/Stomach","Esophagogastric Adenocarcinoma","Diffuse Type Stomach Adenocarcinoma","DSTAD",NA,FALSE,"SLC2A1"
"ACH-002981","CCLF_UPGI_0027_T","Esophagus/Stomach","Esophagogastric Adenocarcinoma","Esophageal Adenocarcinoma","ESCA",NA,FALSE,"SLC2A1"
"ACH-002994","WSU-AML","Myeloid","Acute Myeloid Leukemia","Acute Myeloid Leukemia","AML",NA,FALSE,"SLC2A1"
"ACH-002996","CI34601","Lung","Non-Small Cell Lung Cancer","Non-Small Cell Lung Cancer","NSCLC",NA,FALSE,"SLC2A1"
"ACH-003012","A549_CRAF_KD","Lung","Non-Small Cell Lung Cancer","Lung Adenocarcinoma","LUAD",-0.132388546705859,FALSE,"SLC2A1"
"ACH-003019","LASCPC-01","Prostate","Prostate Neuroendocrine Carcinoma","Prostate Neuroendocrine Carcinoma","PRNE",NA,FALSE,"SLC2A1"
"ACH-003061","NCI-H774","Lung","Lung Neuroendocrine Tumor","Small Cell Lung Cancer","SCLC",NA,FALSE,"SLC2A1"
"ACH-003071","NCI-H748","Lung","Lung Neuroendocrine Tumor","Small Cell Lung Cancer","SCLC",NA,FALSE,"SLC2A1"
"ACH-003099","UCSF-OT-1109","Head and Neck","Head and Neck Squamous Cell Carcinoma","Oral Cavity Squamous Cell Carcinoma","OCSC",NA,FALSE,"SLC2A1"
"ACH-003100","EJ-1","Lymphoid","Mature B-Cell Neoplasms","Diffuse Large B-Cell Lymphoma, NOS","DLBCLNOS",NA,FALSE,"SLC2A1"
"ACH-003101","Z-119","Lymphoid","B-Lymphoblastic Leukemia/Lymphoma","B-Lymphoblastic Leukemia/Lymphoma with t(9;22)(q34.1;q11.2);BCR-ABL1","BLLBCRABL1",NA,FALSE,"SLC2A1"
"ACH-003103","Z-181","Lymphoid","B-Lymphoblastic Leukemia/Lymphoma","B-Lymphoblastic Leukemia/Lymphoma with t(9;22)(q34.1;q11.2);BCR-ABL1","BLLBCRABL1",NA,FALSE,"SLC2A1"
"ACH-003105","VMM917","Skin","Melanoma","Melanoma","MEL",NA,FALSE,"SLC2A1"
"ACH-003106","RC","Lymphoid","Mature B-Cell Neoplasms","Germinal Center B-Cell Type","GCB",NA,FALSE,"SLC2A1"
"ACH-003107","JMP-1","Lymphoid","Mature B-Cell Neoplasms","Mantle Cell Lymphoma","MCL",NA,FALSE,"SLC2A1"
"ACH-003108","HF","Lymphoid","Mature B-Cell Neoplasms","Germinal Center B-Cell Type","GCB",NA,FALSE,"SLC2A1"
"ACH-003111","Hs 856.T","Soft Tissue","Undifferentiated Pleomorphic Sarcoma/Malignant Fibrous Histiocytoma/High-Grade Spindle Cell Sarcoma","Undifferentiated Pleomorphic Sarcoma/Malignant Fibrous Histiocytoma/High-Grade Spindle Cell Sarcoma","MFH",NA,FALSE,"SLC2A1"
"ACH-003119","NCI-H1450","Lung","Lung Neuroendocrine Tumor","Small Cell Lung Cancer","SCLC",NA,FALSE,"SLC2A1"
"ACH-003120","NCI-H1607","Lung","Lung Neuroendocrine Tumor","Small Cell Lung Cancer","SCLC",NA,FALSE,"SLC2A1"
"ACH-003121","NCI-H2679","Lung","Lung Neuroendocrine Tumor","Small Cell Lung Cancer","SCLC",NA,FALSE,"SLC2A1"
"ACH-003125","ASPS-KY","Soft Tissue","Alveolar Soft Part Sarcoma","Alveolar Soft Part Sarcoma","ASPS",NA,FALSE,"SLC2A1"
"ACH-003132","ABM-T0009","","Non-Cancerous","Immortalized Human Intervertebral Disc Cartilage Endplate-derived Stem Cells","",NA,FALSE,"SLC2A1"
"ACH-003133","ABM-T0021","","Non-Cancerous","Immortalized Human Chondrocytes","",NA,FALSE,"SLC2A1"
"ACH-003134","ABM-T0168","","Non-Cancerous","Immortalized Human Pancreatic Mesenchymal Stem Cells - hTERT","",NA,FALSE,"SLC2A1"
"ACH-003135","ABM-T0280","CNS/Brain","Non-Cancerous","Immortalized Astrocytes, Fetal","",NA,FALSE,"SLC2A1"
"ACH-003136","ABM-T0023","","Non-Cancerous","Immortalized Human Chondrocytes – hTERT","",NA,FALSE,"SLC2A1"
"ACH-003137","ABM-T0281","CNS/Brain","Non-Cancerous","Immortalized Astrocytes, Fetal","",NA,FALSE,"SLC2A1"
"ACH-003138","ABM-T0292","CNS/Brain","Non-Cancerous","Immortalized Endothelial Cells, Endoneurial","",NA,FALSE,"SLC2A1"
"ACH-003139","ABM-T0457","Muscle","Non-Cancerous","Immortalized Cardiomyocytes","",NA,FALSE,"SLC2A1"
"ACH-003141","ABM-T0557","Muscle","Non-Cancerous","immortalized Smooth Muscle Cells, Coronary artery","",NA,FALSE,"SLC2A1"
"ACH-003142","ABM-T0558","Muscle","Non-Cancerous","Immortalized Smooth Muscle Cells, Pulmonary artery","",NA,FALSE,"SLC2A1"
"ACH-003143","ABM-T0616","Kidney","Non-Cancerous","Immortalized Epithelial Cells, Renal","",NA,FALSE,"SLC2A1"
"ACH-003145","ABM-T0725","Embryonal","Non-Cancerous","Immortalized Endothelial Cells, Umbilical Vein","",NA,FALSE,"SLC2A1"
"ACH-003147","ABM-T0732","","Non-Cancerous","Immortalized Submandibular Gland Cells","",NA,FALSE,"SLC2A1"
"ACH-003148","ABM-T0781","CNS/Brain","Non-Cancerous","Immortalized Neuronal Progenitor Cells","",NA,FALSE,"SLC2A1"
"ACH-003149","ABM-T0782","Muscle","Non-Cancerous","Immortalized Skeletal Muscle Cells","",NA,FALSE,"SLC2A1"
"ACH-003150","ABM-T0783","CNS/Brain","Non-Cancerous","Immortalized Astrocytes, Adult","",NA,FALSE,"SLC2A1"
"ACH-003152","ABM-T0796","Lung","Non-Cancerous","Immortalized Epithelial Cells, Lung","",NA,FALSE,"SLC2A1"
"ACH-003153","ABM-T0794","Lung","Non-Cancerous","Immortalized Epithelial Cells, Lung","",NA,FALSE,"SLC2A1"
"ACH-003154","ABM-T0795","Lung","Non-Cancerous","Immortalized Epithelial Cells, Lung","",NA,FALSE,"SLC2A1"
"ACH-003155","ABM-T0789","Liver","Non-Cancerous","Immortalized Liver Cells, Fetal","",NA,FALSE,"SLC2A1"
"ACH-003156","ABM-T0797","Lung","Non-Cancerous","Immortalized Epithelial Cells, Lung","",NA,FALSE,"SLC2A1"
"ACH-003157","ABM-T0822","Lung","Non-Cancerous","Immortalized MPLC Cells","",NA,FALSE,"SLC2A1"
"ACH-003158","ABM-T9220","Muscle","Non-Cancerous","Immortalized Smooth Muscle Cells, Intestinal","",NA,FALSE,"SLC2A1"
"ACH-003159","ABM-T9233","Hair","Non-Cancerous","Immortalized Hair Follicle Inner Root Sheath Cells","",NA,FALSE,"SLC2A1"
"ACH-003160","ABM-T9249","Hair","Non-Cancerous","Immortalized Hair Germinal Matrix Cells","",NA,FALSE,"SLC2A1"
"ACH-003161","ABM-T9430","Pancreas","Non-Cancerous","Immortalized Pancreatic Stromal Cells","",NA,FALSE,"SLC2A1"
"ACH-003177","NRH-UPS1","Soft Tissue","Undifferentiated Pleomorphic Sarcoma/Malignant Fibrous Histiocytoma/High-Grade Spindle Cell Sarcoma","Undifferentiated Pleomorphic Sarcoma/Malignant Fibrous Histiocytoma/High-Grade Spindle Cell Sarcoma","MFH",-0.218442951213397,FALSE,"SLC2A1"
"ACH-003180","NRH-UPS2","Soft Tissue","Undifferentiated Pleomorphic Sarcoma/Malignant Fibrous Histiocytoma/High-Grade Spindle Cell Sarcoma","Undifferentiated Pleomorphic Sarcoma/Malignant Fibrous Histiocytoma/High-Grade Spindle Cell Sarcoma","MFH",-0.229285836577919,FALSE,"SLC2A1"
"ACH-003181","NRH-LMS1","Soft Tissue","Leiomyosarcoma","Leiomyosarcoma","LMS",NA,FALSE,"SLC2A1"
"ACH-003183","NRH-MFS3","Soft Tissue","Myxofibrosarcoma","Myxofibrosarcoma","MFS",NA,FALSE,"SLC2A1"
"ACH-003184","NRH-LMS2","Soft Tissue","Leiomyosarcoma","Leiomyosarcoma","LMS",NA,FALSE,"SLC2A1"
"ACH-003191","NRH-GCT2","Bone","Giant Cell Tumor of Bone","Giant Cell Tumor of Bone","GCTB",NA,FALSE,"SLC2A1"
"ACH-003265","CCLF_RARE_0010_T","Soft Tissue","Leiomyosarcoma","Leiomyosarcoma","LMS",NA,FALSE,"SLC2A1"
"ACH-003266","CCLF_RARE_0021_T","Soft Tissue","Leiomyosarcoma","Leiomyosarcoma","LMS",NA,FALSE,"SLC2A1"
"ACH-003267","CCLF_RARE_0009_T","Soft Tissue","Leiomyosarcoma","Leiomyosarcoma","LMS",NA,FALSE,"SLC2A1"
"ACH-003268","CCLF_RARE_0022_T","Soft Tissue","Leiomyosarcoma","Leiomyosarcoma","LMS",NA,FALSE,"SLC2A1"
"ACH-003269","CCLF_RARE_0019_T","Soft Tissue","Leiomyosarcoma","Leiomyosarcoma","LMS",NA,FALSE,"SLC2A1"
"ACH-003273","CHRF-288-11","Myeloid","Acute Myeloid Leukemia","Acute Megakaryoblastic Leukemia","AMKL",NA,FALSE,"SLC2A1"
"ACH-003308","THLE-3","","Non-Cancerous","Transformed cell line","",NA,FALSE,"SLC2A1"
"ACH-003426","CCLF_NEURO_0046_T","Esophagus/Stomach","Esophagogastric Adenocarcinoma","Esophageal Adenocarcinoma","ESCA",NA,FALSE,"SLC2A1"
"ACH-003429","CCLF_PANC_0074_T","Pancreas","Pancreatic Adenocarcinoma","Pancreatic Adenocarcinoma","PAAD",NA,FALSE,"SLC2A1"
"ACH-003430","CCLF_PANC_0002_T","Pancreas","Pancreatic Adenocarcinoma","Pancreatic Adenocarcinoma","PAAD",NA,FALSE,"SLC2A1"
"ACH-003433","CCLF_PANC_0019_T","Pancreas","Pancreatic Adenocarcinoma","Pancreatic Adenocarcinoma","PAAD",NA,FALSE,"SLC2A1"
"ACH-003437","CCLF_UPGI_0078_T","Esophagus/Stomach","Esophagogastric Adenocarcinoma","Stomach Adenocarcinoma","STAD",NA,FALSE,"SLC2A1"
"ACH-003438","CCLF_NEURO_0005_T","CNS/Brain","Diffuse Glioma","Glioblastoma","GB",NA,FALSE,"SLC2A1"
"ACH-003451","CCLF_PEDS_0048_T","Kidney","Wilms' Tumor","Wilms' Tumor","WT",NA,FALSE,"SLC2A1"
"ACH-003455","CCLF_MELM_0004_T","Skin","Melanoma","Melanoma","MEL",NA,FALSE,"SLC2A1"
"ACH-003456","CCLF_MELM_0006_T","Skin","Melanoma","Melanoma","MEL",NA,FALSE,"SLC2A1"
"ACH-003457","CCLF_MELM_0038_T","Skin","Melanoma","Melanoma","MEL",NA,FALSE,"SLC2A1"
"ACH-003458","CCLF_MELM_0010_T","Skin","Melanoma","Melanoma","MEL",NA,FALSE,"SLC2A1"
"ACH-003459","CCLF_MELM_0011_T","Skin","Melanoma","Melanoma","MEL",NA,FALSE,"SLC2A1"
"ACH-003460","CCLF_HEME_0001_T","Lymphoid","Mature B-Cell Neoplasms","Diffuse Large B-Cell Lymphoma, NOS","DLBCLNOS",NA,FALSE,"SLC2A1"
"ACH-003463","CCLF_HEME_0004_T","Lymphoid","Mature T and NK Neoplasms","T-Cell Prolymphocytic Leukemia","TPLL",NA,FALSE,"SLC2A1"
"ACH-003464","CCLF_NPDX_0008_T","Soft Tissue","Liposarcoma","Liposarcoma","LIPO",NA,FALSE,"SLC2A1"
"ACH-003465","CCLF_HNSC_0004_T","Head and Neck","Head and Neck Squamous Cell Carcinoma","Head and Neck Squamous Cell Carcinoma","HNSC",NA,FALSE,"SLC2A1"
"ACH-003468","CCLF_THYR_0003_T","Thyroid","Anaplastic Thyroid Cancer","Anaplastic Thyroid Cancer","THAP",NA,FALSE,"SLC2A1"
"ACH-003469","CCLF_THYR_0004_T","Thyroid","Anaplastic Thyroid Cancer","Anaplastic Thyroid Cancer","THAP",NA,FALSE,"SLC2A1"
"ACH-003470","CCLF_THYR_0005_T","Thyroid","Anaplastic Thyroid Cancer","Anaplastic Thyroid Cancer","THAP",NA,FALSE,"SLC2A1"
"ACH-003471","CCLF_THYR_0006_T","Thyroid","Well-Differentiated Thyroid Cancer","Papillary Thyroid Cancer","THPA",NA,FALSE,"SLC2A1"
"ACH-003472","CCLF_THYR_0009_T","Thyroid","Medullary Thyroid Cancer","Medullary Thyroid Cancer","THME",NA,FALSE,"SLC2A1"
"ACH-003473","CCLF_PEDS_0013_T","Soft Tissue","Rhabdomyosarcoma","Embryonal Rhabdomyosarcoma","ERMS",NA,FALSE,"SLC2A1"
"ACH-003474","CCLF_HNSC_0001_T","Head and Neck","Head and Neck Squamous Cell Carcinoma","Head and Neck Squamous Cell Carcinoma","HNSC",NA,FALSE,"SLC2A1"
"ACH-003475","CCLF_HNSC_0003_T","Head and Neck","Head and Neck Squamous Cell Carcinoma","Head and Neck Squamous Cell Carcinoma","HNSC",NA,FALSE,"SLC2A1"
"ACH-003476","CCLF_HNSC_0002_T","Head and Neck","Head and Neck Squamous Cell Carcinoma","Head and Neck Squamous Cell Carcinoma","HNSC",NA,FALSE,"SLC2A1"
"ACH-003480","CCLF_THYR_0001_T","Thyroid","Anaplastic Thyroid Cancer","Anaplastic Thyroid Cancer","THAP",NA,FALSE,"SLC2A1"
