ModelID,CellLineName,OncotreeLineage,OncotreePrimaryDisease,OncotreeSubtype,OncotreeCode,gene_effect,is_medulloblastoma,gene
"ACH-000001","NIH:OVCAR-3","Ovary/Fallopian Tube","Ovarian Epithelial Tumor","High-Grade Serous Ovarian Cancer","HGSOC",-0.728742064558863,FALSE,"HMGCR"
"ACH-000002","HL-60","Myeloid","Acute Myeloid Leukemia","Acute Myeloid Leukemia","AML",NA,FALSE,"HMGCR"
"ACH-000003","CACO2","Bowel","Colorectal Adenocarcinoma","Colon Adenocarcinoma","COAD",NA,FALSE,"HMGCR"
"ACH-000004","HEL","Myeloid","Acute Myeloid Leukemia","Acute Myeloid Leukemia","AML",-1.35944887540402,FALSE,"HMGCR"
"ACH-000005","HEL 92.1.7","Myeloid","Acute Myeloid Leukemia","Acute Myeloid Leukemia","AML",-1.31592446378612,FALSE,"HMGCR"
"ACH-000006","MONO-MAC-6","Myeloid","Acute Myeloid Leukemia","Acute Monoblastic/Monocytic Leukemia","AMOL",NA,FALSE,"HMGCR"
"ACH-000007","LS513","Bowel","Colorectal Adenocarcinoma","Colon Adenocarcinoma","COAD",-1.03204967183676,FALSE,"HMGCR"
"ACH-000008","A101D","Skin","Melanoma","Melanoma","MEL",NA,FALSE,"HMGCR"
"ACH-000009","C2BBe1","Bowel","Colorectal Adenocarcinoma","Colon Adenocarcinoma","COAD",-0.839565347268784,FALSE,"HMGCR"
"ACH-000011","253J","Bladder/Urinary Tract","Bladder Urothelial Carcinoma","Bladder Urothelial Carcinoma","BLCA",-0.969654948966267,FALSE,"HMGCR"
"ACH-000012","HCC-827","Lung","Non-Small Cell Lung Cancer","Lung Adenocarcinoma","LUAD",-1.08730295543551,FALSE,"HMGCR"
"ACH-000013","ONCO-DG-1","Ovary/Fallopian Tube","Ovarian Epithelial Tumor","High-Grade Serous Ovarian Cancer","HGSOC",-0.75729968913839,FALSE,"HMGCR"
"ACH-000014","Hs 294T","Skin","Melanoma","Melanoma","MEL",-1.11285944008513,FALSE,"HMGCR"
"ACH-000015","NCI-H1581","Lung","Non-Small Cell Lung Cancer","Large Cell Lung Carcinoma","LCLC",-1.09915045761505,FALSE,"HMGCR"
"ACH-000016","SLR 21","Kidney","Renal Cell Carcinoma","Renal Clear Cell Carcinoma","CCRCC",NA,FALSE,"HMGCR"
"ACH-000017","SK-BR-3","Breast","Invasive Breast Carcinoma","Invasive Breast Carcinoma","BRCA",-1.42981487020365,FALSE,"HMGCR"
"ACH-000018","T24","Bladder/Urinary Tract","Bladder Urothelial Carcinoma","Bladder Urothelial Carcinoma","BLCA",-1.31906766526278,FALSE,"HMGCR"
"ACH-000019","MCF7","Breast","Invasive Breast Carcinoma","Invasive Breast Carcinoma","BRCA",-1.11583569712706,FALSE,"HMGCR"
"ACH-000020","MHH-CALL-2","Lymphoid","B-Lymphoblastic Leukemia/Lymphoma","B-Lymphoblastic Leukemia/Lymphoma with Hypodiploidy","BLLHYPO",NA,FALSE,"HMGCR"
"ACH-000021","NCI-H1693","Lung","Non-Small Cell Lung Cancer","Lung Adenocarcinoma","LUAD",-1.03666777670468,FALSE,"HMGCR"
"ACH-000022","PA-TU-8988S","Pancreas","Pancreatic Adenocarcinoma","Pancreatic Adenocarcinoma","PAAD",-0.932556821077542,FALSE,"HMGCR"
"ACH-000023","PA-TU-8988T","Pancreas","Pancreatic Adenocarcinoma","Pancreatic Adenocarcinoma","PAAD",-0.820732956011905,FALSE,"HMGCR"
"ACH-000024","OPM-2","Lymphoid","Mature B-Cell Neoplasms","Plasma Cell Myeloma","PCM",-1.02155430573589,FALSE,"HMGCR"
"ACH-000025","CH-157MN","CNS/Brain","Meningothelial Tumor","Meningioma","MNG",-1.2175459883697,FALSE,"HMGCR"
"ACH-000026","253J-BV","Bladder/Urinary Tract","Bladder Urothelial Carcinoma","Bladder Urothelial Carcinoma","BLCA",-1.16396203134941,FALSE,"HMGCR"
"ACH-000027","GOS-3","CNS/Brain","Diffuse Glioma","Glioblastoma","GB",NA,FALSE,"HMGCR"
"ACH-000028","KPL-1","Breast","Invasive Breast Carcinoma","Invasive Breast Carcinoma","BRCA",-0.7981059322416,FALSE,"HMGCR"
"ACH-000029","HCC-827-GR5","Lung","Non-Small Cell Lung Cancer","Lung Adenocarcinoma","LUAD",-1.41424547174238,FALSE,"HMGCR"
"ACH-000030","PC-14","Lung","Non-Small Cell Lung Cancer","Lung Adenocarcinoma","LUAD",-1.4333852448225,FALSE,"HMGCR"
"ACH-000031","Panc 02.13","Pancreas","Pancreatic Adenocarcinoma","Pancreatic Adenocarcinoma","PAAD",NA,FALSE,"HMGCR"
"ACH-000032","MHH-CALL-3","Lymphoid","B-Lymphoblastic Leukemia/Lymphoma","B-Lymphoblastic Leukemia/Lymphoma with t(1;19)(q23;p13.3);TCF3-PBX1","BLLTCF3PBX1",NA,FALSE,"HMGCR"
"ACH-000033","NCI-H1819","Lung","Non-Small Cell Lung Cancer","Lung Adenocarcinoma","LUAD",NA,FALSE,"HMGCR"
"ACH-000034","PLB-985","Myeloid","Acute Myeloid Leukemia","Acute Myeloid Leukemia","AML",NA,FALSE,"HMGCR"
"ACH-000035","NCI-H1650","Lung","Non-Small Cell Lung Cancer","Non-Small Cell Lung Cancer","NSCLC",-1.44591874765651,FALSE,"HMGCR"
"ACH-000036","U343","CNS/Brain","Diffuse Glioma","Glioblastoma","GB",-0.917655276025171,FALSE,"HMGCR"
"ACH-000037","S-117","Soft Tissue","Sarcoma, NOS","Sarcoma, NOS","SARCNOS",-1.01715055518749,FALSE,"HMGCR"
"ACH-000038","EHEB","Lymphoid","B-Lymphoblastic Leukemia/Lymphoma","B-Lymphoblastic Leukemia/Lymphoma","BLL",NA,FALSE,"HMGCR"
"ACH-000039","SK-N-MC","Bone","Ewing Sarcoma","Ewing Sarcoma","ES",-0.543438876779153,FALSE,"HMGCR"
"ACH-000040","U-118 MG","CNS/Brain","Diffuse Glioma","Astrocytoma","ASTR",-1.19376187373725,FALSE,"HMGCR"
"ACH-000041","RD-ES","Bone","Ewing Sarcoma","Ewing Sarcoma","ES",-0.704705873619081,FALSE,"HMGCR"
"ACH-000042","Panc 02.03","Pancreas","Pancreatic Adenocarcinoma","Pancreatic Adenocarcinoma","PAAD",-1.39686521307167,FALSE,"HMGCR"
"ACH-000043","Hs 895.T","Fibroblast","Non-Cancerous","Fibroblast, Skin","",NA,FALSE,"HMGCR"
"ACH-000044","MDA-MB-134-VI","Breast","Invasive Breast Carcinoma","Breast Invasive Lobular Carcinoma","ILC",NA,FALSE,"HMGCR"
"ACH-000045","MV4-11","Myeloid","Acute Myeloid Leukemia","Acute Myeloid Leukemia","AML",-0.910537350548092,FALSE,"HMGCR"
"ACH-000046","ACHN","Kidney","Renal Cell Carcinoma","Papillary Renal Cell Carcinoma","PRCC",NA,FALSE,"HMGCR"
"ACH-000047","GCIY","Esophagus/Stomach","Esophagogastric Adenocarcinoma","Stomach Adenocarcinoma","STAD",-0.982838454881848,FALSE,"HMGCR"
"ACH-000048","TOV-112D","Ovary/Fallopian Tube","Ovarian Epithelial Tumor","Endometrioid Ovarian Cancer","EOV",-0.920455274091233,FALSE,"HMGCR"
"ACH-000049","HEK TE","Kidney","Non-Cancerous","Immortalized Embyonic Kidney Cells","",NA,FALSE,"HMGCR"
"ACH-000050","NCI-H929","Lymphoid","Mature B-Cell Neoplasms","Plasma Cell Myeloma","PCM",NA,FALSE,"HMGCR"
"ACH-000051","TE 617.T","Soft Tissue","Rhabdomyosarcoma","Rhabdomyosarcoma","RMS",NA,FALSE,"HMGCR"
"ACH-000052","A-673","Bone","Ewing Sarcoma","Ewing Sarcoma","ES",-0.782487394958617,FALSE,"HMGCR"
"ACH-000053","KARPAS-299","Lymphoid","Mature T and NK Neoplasms","Anaplastic Large-Cell Lymphoma ALK Positive","ALCLALKP",-1.20385189933752,FALSE,"HMGCR"
"ACH-000054","HT-1080","Soft Tissue","Fibrosarcoma","Fibrosarcoma","FIBS",-1.02140743191165,FALSE,"HMGCR"
"ACH-000055","D283 Med","CNS/Brain","Embryonal Tumor","Medulloblastoma","MBL",-0.743007875513013,TRUE,"HMGCR"
"ACH-000056","DOHH-2","Lymphoid","Mature B-Cell Neoplasms","Diffuse Large B-Cell Lymphoma, NOS","DLBCLNOS",NA,FALSE,"HMGCR"
"ACH-000057","OPM-1","Lymphoid","Mature B-Cell Neoplasms","Plasma Cell Myeloma","PCM",NA,FALSE,"HMGCR"
"ACH-000058","ML-1","Thyroid","Well-Differentiated Thyroid Cancer","Follicular Thyroid Cancer","THFO",NA,FALSE,"HMGCR"
"ACH-000059","SUP-B15","Lymphoid","B-Lymphoblastic Leukemia/Lymphoma","B-Lymphoblastic Leukemia/Lymphoma with t(9;22)(q34.1;q11.2);BCR-ABL1","BLLBCRABL1",NA,FALSE,"HMGCR"
"ACH-000060","Panc 10.05","Pancreas","Pancreatic Adenocarcinoma","Pancreatic Adenocarcinoma","PAAD",-1.29647598442056,FALSE,"HMGCR"
"ACH-000061","HH","Lymphoid","Non-Hodgkin Lymphoma","Mature T and NK Neoplasms","MTNN",NA,FALSE,"HMGCR"
"ACH-000062","RERF-LC-MS","Lung","Non-Small Cell Lung Cancer","Lung Adenocarcinoma","LUAD",NA,FALSE,"HMGCR"
"ACH-000063","Hs 616.T","Fibroblast","Non-Cancerous","Fibroblast","",NA,FALSE,"HMGCR"
"ACH-000064","SALE","Lung","Non-Cancerous","Immortalized Lung Cells","",NA,FALSE,"HMGCR"
"ACH-000065","OCI-AML5","Myeloid","Acute Myeloid Leukemia","Acute Myeloid Leukemia","AML",NA,FALSE,"HMGCR"
"ACH-000066","HCC4006","Lung","Non-Small Cell Lung Cancer","Lung Adenocarcinoma","LUAD",NA,FALSE,"HMGCR"
"ACH-000067","Hs 683","CNS/Brain","Diffuse Glioma","Oligodendroglioma","ODG",-1.61005274120374,FALSE,"HMGCR"
"ACH-000068","REC-1","Lymphoid","Mature B-Cell Neoplasms","Mantle Cell Lymphoma","MCL",NA,FALSE,"HMGCR"
"ACH-000069","Hs 611.T","Lymphoid","Hodgkin Lymphoma","Hodgkin Lymphoma","HL",NA,FALSE,"HMGCR"
"ACH-000070","697","Lymphoid","B-Lymphoblastic Leukemia/Lymphoma","B-Lymphoblastic Leukemia/Lymphoma with t(1;19)(q23;p13.3);TCF3-PBX1","BLLTCF3PBX1",-1.03787754174491,FALSE,"HMGCR"
"ACH-000071","Hs 706.T","Fibroblast","Non-Cancerous","Fibroblast, Bone","",NA,FALSE,"HMGCR"
"ACH-000072","MEG-01","Myeloid","Myeloproliferative Neoplasms","Chronic Myeloid Leukemia, BCR-ABL1+","CMLBCRABL1",NA,FALSE,"HMGCR"
"ACH-000073","GRANTA-519","Lymphoid","Mature B-Cell Neoplasms","Mantle Cell Lymphoma","MCL",NA,FALSE,"HMGCR"
"ACH-000074","KU812","Myeloid","Myeloproliferative Neoplasms","Chronic Myeloid Leukemia, BCR-ABL1+","CMLBCRABL1",-0.851418560680241,FALSE,"HMGCR"
"ACH-000075","U-87 MG","CNS/Brain","Diffuse Glioma","Glioblastoma","GB",-0.168926219514044,FALSE,"HMGCR"
"ACH-000076","NCO2","Myeloid","Myeloproliferative Neoplasms","Chronic Myeloid Leukemia, BCR-ABL1+","CMLBCRABL1",-1.09237695635842,FALSE,"HMGCR"
"ACH-000077","MJ","Lymphoid","Non-Hodgkin Lymphoma","Mature T and NK Neoplasms","MTNN",-1.18206392510083,FALSE,"HMGCR"
"ACH-000078","MHH-NB-11","Peripheral Nervous System","Neuroblastoma","Neuroblastoma","NBL",-0.701840638091321,FALSE,"HMGCR"
"ACH-000079","TE 125.T","Fibroblast","Non-Cancerous","Fibroblast, Soft Tissue","",NA,FALSE,"HMGCR"
"ACH-000080","BDCM","Myeloid","Acute Myeloid Leukemia","Acute Monoblastic/Monocytic Leukemia","AMOL",NA,FALSE,"HMGCR"
"ACH-000081","GDM-1","Myeloid","Acute Myeloid Leukemia","Acute Myeloid Leukemia","AML",NA,FALSE,"HMGCR"
"ACH-000082","G-292, clone A141B1","Bone","Osteosarcoma","Osteosarcoma","OS",-1.05446139872387,FALSE,"HMGCR"
"ACH-000083","Hs 281.T","Fibroblast","Non-Cancerous","Fibroblast, Breast","",NA,FALSE,"HMGCR"
"ACH-000084","MUTZ-3","Myeloid","Acute Myeloid Leukemia","AML with inv(3)(q21.3q26.2) or t(3;3)(q21.3;q26.2); GATA2, MECOM","AMLGATA2MECOM",NA,FALSE,"HMGCR"
"ACH-000085","T3M-4","Pancreas","Pancreatic Adenocarcinoma","Pancreatic Adenocarcinoma","PAAD",-1.38160489270237,FALSE,"HMGCR"
"ACH-000086","ACC-MESO-1","Pleura","Pleural Mesothelioma","Pleural Mesothelioma, Epithelioid Type","PLEMESO",-0.902670331638865,FALSE,"HMGCR"
"ACH-000087","SK-ES-1","Bone","Ewing Sarcoma","Ewing Sarcoma","ES",-1.01804059581851,FALSE,"HMGCR"
"ACH-000088","Hs 172.T","Fibroblast","Non-Cancerous","Fibroblast, Urinary Tract","",NA,FALSE,"HMGCR"
"ACH-000089","NCI-H684","Bowel","Colorectal Adenocarcinoma","Colon Adenocarcinoma","COAD",NA,FALSE,"HMGCR"
"ACH-000090","PC-3","Prostate","Prostate Adenocarcinoma","Prostate Adenocarcinoma","PRAD",-0.955443622035358,FALSE,"HMGCR"
"ACH-000091","OV56","Ovary/Fallopian Tube","Ovarian Epithelial Tumor","Serous Ovarian Cancer","SOC",NA,FALSE,"HMGCR"
"ACH-000092","NCI-H2452","Pleura","Pleural Mesothelioma","Pleural Mesothelioma, Biphasic Type","PLBMESO",-1.35549010960899,FALSE,"HMGCR"
"ACH-000093","Panc 05.04","Pancreas","Pancreatic Adenocarcinoma","Pancreatic Adenocarcinoma","PAAD",-0.996022285034113,FALSE,"HMGCR"
"ACH-000094","HPAF-II","Pancreas","Pancreatic Adenocarcinoma","Pancreatic Adenocarcinoma","PAAD",-1.20866956227305,FALSE,"HMGCR"
"ACH-000095","D341 Med","CNS/Brain","Embryonal Tumor","Medulloblastoma","MBL",-1.01040531857205,TRUE,"HMGCR"
"ACH-000096","G-401","Kidney","Rhabdoid Cancer","Rhabdoid Cancer","MRT",-0.771653862755667,FALSE,"HMGCR"
"ACH-000097","ZR-75-1","Breast","Invasive Breast Carcinoma","Breast Invasive Ductal Carcinoma","IDC",-0.957247678063459,FALSE,"HMGCR"
"ACH-000098","GAMG","CNS/Brain","Diffuse Glioma","Glioblastoma","GB",-0.89626112580857,FALSE,"HMGCR"
"ACH-000099","SIMA","Peripheral Nervous System","Neuroblastoma","Neuroblastoma","NBL",-0.745355897111519,FALSE,"HMGCR"
"ACH-000100","RH-41","Soft Tissue","Rhabdomyosarcoma","Alveolar Rhabdomyosarcoma","ARMS",-1.08385713864043,FALSE,"HMGCR"
"ACH-000101","KE-37","Lymphoid","Mature T and NK Neoplasms","Adult T-Cell Leukemia/Lymphoma","ATLL",-0.744475541450978,FALSE,"HMGCR"
"ACH-000102","GMS-10","CNS/Brain","Diffuse Glioma","Glioblastoma","GB",NA,FALSE,"HMGCR"
"ACH-000103","Caov-4","Ovary/Fallopian Tube","Ovarian Epithelial Tumor","High-Grade Serous Ovarian Cancer","HGSOC",-1.02903031360359,FALSE,"HMGCR"
"ACH-000104","Loucy","Lymphoid","T-Lymphoblastic Leukemia/Lymphoma","Early T-Cell Precursor Lymphoblastic Leukemia","ETPLL",NA,FALSE,"HMGCR"
"ACH-000105","ALL-SIL","Lymphoid","Mature T and NK Neoplasms","Adult T-Cell Leukemia/Lymphoma","ATLL",NA,FALSE,"HMGCR"
"ACH-000106","JVM-2","Lymphoid","Mature B-Cell Neoplasms","Mantle Cell Lymphoma","MCL",-1.33385788475916,FALSE,"HMGCR"
"ACH-000107","Capan-2","Pancreas","Pancreatic Adenocarcinoma","Pancreatic Adenocarcinoma","PAAD",NA,FALSE,"HMGCR"
"ACH-000108","KP-3","Pancreas","Adenosquamous Carcinoma of the Pancreas","Adenosquamous Carcinoma of the Pancreas","PAASC",-1.67955512977795,FALSE,"HMGCR"
"ACH-000109","NCI-H3255","Lung","Non-Small Cell Lung Cancer","Lung Adenocarcinoma","LUAD",NA,FALSE,"HMGCR"
"ACH-000110","NCC-StC-K140","Esophagus/Stomach","Esophagogastric Adenocarcinoma","Stomach Adenocarcinoma","STAD",NA,FALSE,"HMGCR"
"ACH-000111","HCC1187","Breast","Invasive Breast Carcinoma","Breast Invasive Ductal Carcinoma","IDC",-0.984870458321893,FALSE,"HMGCR"
"ACH-000112","SIG-M5","Myeloid","Acute Myeloid Leukemia","Acute Monoblastic/Monocytic Leukemia","AMOL",NA,FALSE,"HMGCR"
"ACH-000113","OCI-AML2","Myeloid","Acute Myeloid Leukemia","Acute Myeloid Leukemia","AML",-0.892224563144255,FALSE,"HMGCR"
"ACH-000114","SU.86.86","Pancreas","Pancreatic Adenocarcinoma","Pancreatic Adenocarcinoma","PAAD",-1.08157401746749,FALSE,"HMGCR"
"ACH-000115","VCaP","Prostate","Prostate Adenocarcinoma","Prostate Adenocarcinoma","PRAD",-1.95474101966592,FALSE,"HMGCR"
"ACH-000116","OAW28","Ovary/Fallopian Tube","Ovarian Epithelial Tumor","High-Grade Serous Ovarian Cancer","HGSOC",-0.679165811269709,FALSE,"HMGCR"
"ACH-000117","EFM-192A","Breast","Invasive Breast Carcinoma","Invasive Breast Carcinoma","BRCA",NA,FALSE,"HMGCR"
"ACH-000118","HUP-T3","Pancreas","Pancreatic Adenocarcinoma","Pancreatic Adenocarcinoma","PAAD",-1.22669682137571,FALSE,"HMGCR"
"ACH-000119","Hs 863.T","Fibroblast","Non-Cancerous","Fibroblast, Bone","",NA,FALSE,"HMGCR"
"ACH-000120","CHP-212","Peripheral Nervous System","Neuroblastoma","Neuroblastoma","NBL",-1.14967297745504,FALSE,"HMGCR"
"ACH-000121","NCI-H2405","Lung","Non-Small Cell Lung Cancer","Lung Adenocarcinoma","LUAD",NA,FALSE,"HMGCR"
"ACH-000122","SUP-T11","Lymphoid","Mature T and NK Neoplasms","Adult T-Cell Leukemia/Lymphoma","ATLL",NA,FALSE,"HMGCR"
"ACH-000123","COV434","Ovary/Fallopian Tube","Ovarian Epithelial Tumor","Small Cell Carcinoma of the Ovary","SCCO",-1.3484475988486,FALSE,"HMGCR"
"ACH-000124","OCI-LY-19","Lymphoid","Mature B-Cell Neoplasms","Diffuse Large B-Cell Lymphoma, NOS","DLBCLNOS",-0.939073939483524,FALSE,"HMGCR"
"ACH-000125","TO 175.T","Fibroblast","Non-Cancerous","Fibroblast","",NA,FALSE,"HMGCR"
"ACH-000126","KG-1-C","CNS/Brain","Diffuse Glioma","Oligodendroglioma","ODG",NA,FALSE,"HMGCR"
"ACH-000127","SLR 20","Bladder/Urinary Tract","Bladder Urothelial Carcinoma","Bladder Urothelial Carcinoma","BLCA",-1.15418721434489,FALSE,"HMGCR"
"ACH-000128","LN-319","CNS/Brain","Diffuse Glioma","Astrocytoma","ASTR",-1.00759330482609,FALSE,"HMGCR"
"ACH-000129","NCI-H1341","Lung","SMARCA4-deficient undifferentiated tumor","SMARCA4-deficient undifferentiated tumor","",NA,FALSE,"HMGCR"
"ACH-000130","NALM-19","Lymphoid","B-Lymphoblastic Leukemia/Lymphoma","B-Lymphoblastic Leukemia/Lymphoma","BLL",NA,FALSE,"HMGCR"
"ACH-000131","Hs 229.T","Fibroblast","Non-Cancerous","Fibroblast, Lung","",NA,FALSE,"HMGCR"
"ACH-000132","JHOS-2","Ovary/Fallopian Tube","Ovarian Epithelial Tumor","High-Grade Serous Ovarian Cancer","HGSOC",-1.53885999454573,FALSE,"HMGCR"
"ACH-000133","Hs 729","Fibroblast","Non-Cancerous","Fibroblast","",-1.22182805110349,FALSE,"HMGCR"
"ACH-000134","Hs 274.T","Fibroblast","Non-Cancerous","Fibroblast, Breast","",NA,FALSE,"HMGCR"
"ACH-000135","Hs 940.T","Fibroblast","Non-Cancerous","Fibroblast, Skin","",NA,FALSE,"HMGCR"
"ACH-000136","CHP-126","Peripheral Nervous System","Neuroblastoma","Neuroblastoma","NBL",NA,FALSE,"HMGCR"
"ACH-000137","8-MG-BA","CNS/Brain","Diffuse Glioma","Glioblastoma","GB",-0.68214213907346,FALSE,"HMGCR"
"ACH-000138","CFPAC-1","Pancreas","Pancreatic Adenocarcinoma","Pancreatic Adenocarcinoma","PAAD",-1.06061501788826,FALSE,"HMGCR"
"ACH-000139","Panc 03.27","Pancreas","Pancreatic Adenocarcinoma","Pancreatic Adenocarcinoma","PAAD",-1.02829715816965,FALSE,"HMGCR"
"ACH-000140","Pfeiffer","Lymphoid","Mature B-Cell Neoplasms","Diffuse Large B-Cell Lymphoma, NOS","DLBCLNOS",NA,FALSE,"HMGCR"
"ACH-000141","SNU-308","Biliary Tract","Intracholecystic Papillary Neoplasm","Gallbladder Adenocarcinoma, NOS","GBAD",-1.74473130355765,FALSE,"HMGCR"
"ACH-000142","CAL-29","Bladder/Urinary Tract","Bladder Urothelial Carcinoma","Bladder Urothelial Carcinoma","BLCA",-1.00184598737332,FALSE,"HMGCR"
"ACH-000143","HCC2429","Lung","Non-Small Cell Lung Cancer","NUT Carcinoma of the Lung","NUTCL",-1.21712266517913,FALSE,"HMGCR"
"ACH-000144","RERF-GC-1B","Esophagus/Stomach","Esophagogastric Adenocarcinoma","Stomach Adenocarcinoma","STAD",-0.985063180013461,FALSE,"HMGCR"
"ACH-000145","SK-LMS-1","Soft Tissue","Leiomyosarcoma","Leiomyosarcoma","LMS",-1.06716193052602,FALSE,"HMGCR"
"ACH-000146","THP-1","Myeloid","Acute Myeloid Leukemia","Acute Myeloid Leukemia","AML",-1.35915725694823,FALSE,"HMGCR"
"ACH-000147","T-47D","Breast","Invasive Breast Carcinoma","Breast Invasive Ductal Carcinoma","IDC",-1.25673703126424,FALSE,"HMGCR"
"ACH-000148","Hs 578T","Breast","Invasive Breast Carcinoma","Breast Invasive Carcinoma, NOS","BRCNOS",-0.663776162548724,FALSE,"HMGCR"
"ACH-000149","SK-N-SH","Peripheral Nervous System","Neuroblastoma","Neuroblastoma","NBL",-0.939326137043229,FALSE,"HMGCR"
"ACH-000150","HCC2935","Lung","Non-Small Cell Lung Cancer","Lung Adenocarcinoma","LUAD",NA,FALSE,"HMGCR"
"ACH-000151","JM1","Lymphoid","B-Lymphoblastic Leukemia/Lymphoma","B-Lymphoblastic Leukemia/Lymphoma","BLL",-1.24459390606016,FALSE,"HMGCR"
"ACH-000152","M059K","CNS/Brain","Diffuse Glioma","Glioblastoma","GB",-1.16791362713117,FALSE,"HMGCR"
"ACH-000153","NCI-H2052","Pleura","Pleural Mesothelioma","Pleural Mesothelioma, Sarcomatoid Type","PLSMESO",-0.94971932034749,FALSE,"HMGCR"
"ACH-000154","Hs 888.T","Fibroblast","Non-Cancerous","Fibroblast, Bone","",NA,FALSE,"HMGCR"
"ACH-000155","SW 1990","Pancreas","Pancreatic Adenocarcinoma","Pancreatic Adenocarcinoma","PAAD",-1.85440557077592,FALSE,"HMGCR"
"ACH-000156","MHH-CALL-4","Lymphoid","B-Lymphoblastic Leukemia/Lymphoma","B-Lymphoblastic Leukemia/Lymphoma, BCR-ABL1 Like","BLLBCRABL1L",NA,FALSE,"HMGCR"
"ACH-000157","A4/Fuk","Lymphoid","Mature B-Cell Neoplasms","Diffuse Large B-Cell Lymphoma, NOS","DLBCLNOS",NA,FALSE,"HMGCR"
"ACH-000158","OCI-LY3","Lymphoid","Mature B-Cell Neoplasms","Activated B-cell Type","ABC",NA,FALSE,"HMGCR"
"ACH-000159","OS-RC-2","Kidney","Renal Cell Carcinoma","Renal Clear Cell Carcinoma","CCRCC",-1.23159147422006,FALSE,"HMGCR"
"ACH-000160","BT-12","CNS/Brain","Embryonal Tumor","Atypical Teratoid/Rhabdoid Tumor","ATRT",-0.925685191487897,FALSE,"HMGCR"
"ACH-000161","COR-L105","Lung","Non-Small Cell Lung Cancer","Lung Adenocarcinoma","LUAD",-0.985075160532291,FALSE,"HMGCR"
"ACH-000162","GA-10","Lymphoid","Mature B-Cell Neoplasms","Burkitt Lymphoma","BL",NA,FALSE,"HMGCR"
"ACH-000163","SW579","Head and Neck","Head and Neck Squamous Cell Carcinoma","Head and Neck Squamous Cell Carcinoma","HNSC",-0.707579121894841,FALSE,"HMGCR"
"ACH-000164","PANC-1","Pancreas","Pancreatic Adenocarcinoma","Pancreatic Adenocarcinoma","PAAD",-1.09805649304679,FALSE,"HMGCR"
"ACH-000165","Hs 751.T","Fibroblast","Non-Cancerous","Fibroblast","",NA,FALSE,"HMGCR"
"ACH-000166","Kasumi-6","Myeloid","Acute Myeloid Leukemia","Acute Myeloid Leukemia","AML",NA,FALSE,"HMGCR"
"ACH-000167","KE-97","Lymphoid","Mature B-Cell Neoplasms","Plasma Cell Myeloma","PCM",-0.651587433229047,FALSE,"HMGCR"
"ACH-000168","NOMO-1","Myeloid","Acute Myeloid Leukemia","Acute Monoblastic/Monocytic Leukemia","AMOL",-0.928567765847562,FALSE,"HMGCR"
"ACH-000169","RD","Soft Tissue","Rhabdomyosarcoma","Embryonal Rhabdomyosarcoma","ERMS",-1.06540480756879,FALSE,"HMGCR"
"ACH-000170","PrEC LH","Prostate","Non-Cancerous","Immortalized Epithelial Cells, Prostate","",NA,FALSE,"HMGCR"
"ACH-000171","VMRC-RCZ","Kidney","Renal Cell Carcinoma","Renal Cell Carcinoma","RCC",NA,FALSE,"HMGCR"
"ACH-000172","TM-87","Soft Tissue","Rhabdoid Cancer","Extrarenal Rhabdoid Cancer","",-0.983046596368633,FALSE,"HMGCR"
"ACH-000173","JHUEM-3","Uterus","Endometrial Carcinoma","Endometrial Carcinoma","UCEC",NA,FALSE,"HMGCR"
"ACH-000174","CAL-62","Thyroid","Anaplastic Thyroid Cancer","Anaplastic Thyroid Cancer","THAP",-1.08910835798185,FALSE,"HMGCR"
"ACH-000175","TE159T","Fibroblast","Non-Cancerous","Fibroblast, Soft Tissue","",NA,FALSE,"HMGCR"
"ACH-000176","LOU-NH91","Lung","Non-Small Cell Lung Cancer","Lung Squamous Cell Carcinoma","LUSC",-2.17199687403005,FALSE,"HMGCR"
"ACH-000177","NCI-H660","Prostate","Prostate Small Cell Carcinoma","Prostate Small Cell Carcinoma","PRSCC",NA,FALSE,"HMGCR"
"ACH-000178","Hs 766T","Pancreas","Pancreatic Adenocarcinoma","Pancreatic Adenocarcinoma","PAAD",-1.06722465409568,FALSE,"HMGCR"
"ACH-000179","NCI-H1618","Lung","Lung Neuroendocrine Tumor","Small Cell Lung Cancer","SCLC",NA,FALSE,"HMGCR"
"ACH-000180","Hs 839.T","Fibroblast","Non-Cancerous","Fibroblast, Skin","",NA,FALSE,"HMGCR"
"ACH-000181","SCC-9","Head and Neck","Head and Neck Squamous Cell Carcinoma","Oral Cavity Squamous Cell Carcinoma","OCSC",-1.76565982836566,FALSE,"HMGCR"
"ACH-000182","SNU-869","Ampulla of Vater","Ampullary Carcinoma","Ampullary Carcinoma","AMPCA",-1.10114418789911,FALSE,"HMGCR"
"ACH-000183","L-363","Lymphoid","Mature B-Cell Neoplasms","Plasma Cell Myeloma","PCM",-0.833031317503647,FALSE,"HMGCR"
"ACH-000184","Hs  343.T","Fibroblast","Non-Cancerous","Fibroblast, Breast","",NA,FALSE,"HMGCR"
"ACH-000185","Hs 737.T","Fibroblast","Non-Cancerous","Fibroblast, Bone","",NA,FALSE,"HMGCR"
"ACH-000186","NCI-H2444","Lung","Non-Small Cell Lung Cancer","Non-Small Cell Lung Cancer","NSCLC",NA,FALSE,"HMGCR"
"ACH-000187","COR-L311","Lung","Lung Neuroendocrine Tumor","Small Cell Lung Cancer","SCLC",-1.02517326811851,FALSE,"HMGCR"
"ACH-000188","SCC-25","Head and Neck","Head and Neck Squamous Cell Carcinoma","Oral Cavity Squamous Cell Carcinoma","OCSC",-1.08093532069433,FALSE,"HMGCR"
"ACH-000189","RCC10RGB","Kidney","Renal Cell Carcinoma","Renal Cell Carcinoma","RCC",-1.12716435647172,FALSE,"HMGCR"
"ACH-000190","HD-MY-Z","Myeloid","Acute Myeloid Leukemia","Acute Myeloid Leukemia","AML",-0.99081846403728,FALSE,"HMGCR"
"ACH-000191","BHT-101","Thyroid","Anaplastic Thyroid Cancer","Anaplastic Thyroid Cancer","THAP",-0.898465155190762,FALSE,"HMGCR"
"ACH-000192","MFE-280","Uterus","Endometrial Carcinoma","Endometrial Carcinoma","UCEC",-0.634968829848136,FALSE,"HMGCR"
"ACH-000193","KARPAS-620","Lymphoid","Mature B-Cell Neoplasms","Plasma Cell Myeloma","PCM",NA,FALSE,"HMGCR"
"ACH-000194","Hs 934.T","Fibroblast","Non-Cancerous","Fibroblast, Skin","",NA,FALSE,"HMGCR"
"ACH-000195","Set-2","Myeloid","Acute Myeloid Leukemia","Acute Megakaryoblastic Leukemia","AMKL",-1.33282326605716,FALSE,"HMGCR"
"ACH-000196","HCC1599","Breast","Invasive Breast Carcinoma","Breast Invasive Ductal Carcinoma","IDC",NA,FALSE,"HMGCR"
"ACH-000197","TALL-1","Lymphoid","Mature T and NK Neoplasms","Adult T-Cell Leukemia/Lymphoma","ATLL",NA,FALSE,"HMGCR"
"ACH-000198","EOL-1","Myeloid","Myeloproliferative Neoplasms","Chronic Eosinophilic Leukemia, NOS","CELNOS",-0.784296131027754,FALSE,"HMGCR"
"ACH-000199","Hs 255.T","Fibroblast","Non-Cancerous","Fibroblast, Colorectal","",NA,FALSE,"HMGCR"
"ACH-000200","NMC-G1","CNS/Brain","Diffuse Glioma","Glioblastoma","GB",-0.645686727134046,FALSE,"HMGCR"
"ACH-000201","A-204","Kidney","Rhabdoid Cancer","Rhabdoid Cancer","MRT",NA,FALSE,"HMGCR"
"ACH-000202","COLO-320","Bowel","Colorectal Adenocarcinoma","Colon Adenocarcinoma","COAD",-0.75639775252757,FALSE,"HMGCR"
"ACH-000203","NH-6","Peripheral Nervous System","Neuroblastoma","Neuroblastoma","NBL",-1.18019226902747,FALSE,"HMGCR"
"ACH-000204","LP-1","Lymphoid","Mature B-Cell Neoplasms","Plasma Cell Myeloma","PCM",-0.912667351150796,FALSE,"HMGCR"
"ACH-000205","PK-59","Pancreas","Pancreatic Adenocarcinoma","Pancreatic Adenocarcinoma","PAAD",NA,FALSE,"HMGCR"
"ACH-000206","C8166","Lymphoid","T-Lymphoblastic Leukemia/Lymphoma","T-Lymphoblastic Leukemia/Lymphoma","TLL",-0.88248246554546,FALSE,"HMGCR"
"ACH-000207","Detroit 562","Head and Neck","Head and Neck Squamous Cell Carcinoma","Oropharynx Squamous Cell Carcinoma","OPHSC",-0.961876921284845,FALSE,"HMGCR"
"ACH-000208","U-178","CNS/Brain","Diffuse Glioma","Astrocytoma","ASTR",-1.01228644510768,FALSE,"HMGCR"
"ACH-000209","SNU-1079","Biliary Tract","Intraductal Papillary Neoplasm of the Bile Duct","Intrahepatic Cholangiocarcinoma","IHCH",-1.26191152533152,FALSE,"HMGCR"
"ACH-000210","CADO-ES1","Bone","Ewing Sarcoma","Ewing Sarcoma","ES",-0.621951958825818,FALSE,"HMGCR"
"ACH-000211","Daoy","CNS/Brain","Embryonal Tumor","Medulloblastoma","MBL",-1.01997910873132,TRUE,"HMGCR"
"ACH-000212","CAL-120","Breast","Invasive Breast Carcinoma","Invasive Breast Carcinoma","BRCA",-1.01407374496067,FALSE,"HMGCR"
"ACH-000213","HUP-T4","Pancreas","Pancreatic Adenocarcinoma","Pancreatic Adenocarcinoma","PAAD",-1.37182042794842,FALSE,"HMGCR"
"ACH-000214","Hs 675.T","Fibroblast","Non-Cancerous","Fibroblast, Colorectal","",NA,FALSE,"HMGCR"
"ACH-000215","LN382","CNS/Brain","Diffuse Glioma","Glioblastoma","GB",-1.03375910640437,FALSE,"HMGCR"
"ACH-000216","JH-EsoAd1","Esophagus/Stomach","Esophagogastric Adenocarcinoma","Esophageal Adenocarcinoma","ESCA",-0.921750757586113,FALSE,"HMGCR"
"ACH-000217","JHH-6","Liver","Hepatocellular Carcinoma","Hepatocellular Carcinoma","HCC",-1.78852472327511,FALSE,"HMGCR"
"ACH-000218","PL-21","Myeloid","Acute Myeloid Leukemia","Acute Myeloid Leukemia","AML",NA,FALSE,"HMGCR"
"ACH-000219","A-375","Skin","Melanoma","Melanoma","MEL",-1.07265019626358,FALSE,"HMGCR"
"ACH-000220","Mino","Lymphoid","Mature B-Cell Neoplasms","Mantle Cell Lymphoma","MCL",NA,FALSE,"HMGCR"
"ACH-000221","SNU-398","Liver","Hepatocellular Carcinoma","Hepatocellular Carcinoma","HCC",-0.490444127089278,FALSE,"HMGCR"
"ACH-000222","AsPC-1","Pancreas","Pancreatic Adenocarcinoma","Pancreatic Adenocarcinoma","PAAD",-2.01726667753033,FALSE,"HMGCR"
"ACH-000223","HCC1937","Breast","Invasive Breast Carcinoma","Breast Invasive Ductal Carcinoma","IDC",-1.13509757129804,FALSE,"HMGCR"
"ACH-000224","Hs 819.T","Fibroblast","Non-Cancerous","Fibroblast, Bone","",NA,FALSE,"HMGCR"
"ACH-000225","ECC12","Esophagus/Stomach","Esophagogastric Adenocarcinoma","Small Cell Carcinoma of the Stomach","STSC",NA,FALSE,"HMGCR"
"ACH-000226","SUP-M2","Lymphoid","Mature T and NK Neoplasms","Anaplastic Large-Cell Lymphoma ALK Positive","ALCLALKP",-0.93338977709339,FALSE,"HMGCR"
"ACH-000227","KP-N-YN","Peripheral Nervous System","Neuroblastoma","Neuroblastoma","NBL",-0.73629341372662,FALSE,"HMGCR"
"ACH-000228","BICR 31","Head and Neck","Head and Neck Squamous Cell Carcinoma","Oral Cavity Squamous Cell Carcinoma","OCSC",-1.09576418042062,FALSE,"HMGCR"
"ACH-000229","Hs 822.T","Fibroblast","Non-Cancerous","Fibroblast, Bone","",NA,FALSE,"HMGCR"
"ACH-000230","Hs 742.T","Fibroblast","Non-Cancerous","Fibroblast, Breast","",NA,FALSE,"HMGCR"
"ACH-000231","KALS-1","CNS/Brain","Diffuse Glioma","Glioblastoma","GB",-0.948359273883536,FALSE,"HMGCR"
"ACH-000232","U-251 MG","CNS/Brain","Diffuse Glioma","Astrocytoma","ASTR",-0.991771191920148,FALSE,"HMGCR"
"ACH-000233","DEL","Lymphoid","Mature T and NK Neoplasms","Anaplastic Large-Cell Lymphoma ALK Positive","ALCLALKP",-1.29309793375661,FALSE,"HMGCR"
"ACH-000234","Caki-2","Kidney","Renal Cell Carcinoma","Papillary Renal Cell Carcinoma","PRCC",-1.31975781419664,FALSE,"HMGCR"
"ACH-000235","Panc 04.03","Pancreas","Pancreatic Adenocarcinoma","Pancreatic Adenocarcinoma","PAAD",-1.52903433746976,FALSE,"HMGCR"
"ACH-000236","SW1417","Bowel","Colorectal Adenocarcinoma","Colon Adenocarcinoma","COAD",NA,FALSE,"HMGCR"
"ACH-000237","JHOM-1","Ovary/Fallopian Tube","Ovarian Epithelial Tumor","Mucinous Ovarian Cancer","MOV",-1.0227303269158,FALSE,"HMGCR"
"ACH-000238","SCC-4","Head and Neck","Head and Neck Squamous Cell Carcinoma","Oral Cavity Squamous Cell Carcinoma","OCSC",-0.958781470175264,FALSE,"HMGCR"
"ACH-000239","HuG1-N","Esophagus/Stomach","Esophagogastric Adenocarcinoma","Tubular Stomach Adenocarcinoma","TSTAD",-0.457066408558031,FALSE,"HMGCR"
"ACH-000240","Hs 600.T","Fibroblast","Non-Cancerous","Fibroblast, Skin","",NA,FALSE,"HMGCR"
"ACH-000241","JK-1","Myeloid","Myeloproliferative Neoplasms","Chronic Myeloid Leukemia, BCR-ABL1+","CMLBCRABL1",NA,FALSE,"HMGCR"
"ACH-000242","RT4","Bladder/Urinary Tract","Bladder Urothelial Carcinoma","Bladder Urothelial Carcinoma","BLCA",-0.668735476178064,FALSE,"HMGCR"
"ACH-000243","DAN-G","Pancreas","Pancreatic Adenocarcinoma","Pancreatic Adenocarcinoma","PAAD",-0.907550603740923,FALSE,"HMGCR"
"ACH-000244","DK-MG","CNS/Brain","Diffuse Glioma","Glioblastoma","GB",-0.985358563083109,FALSE,"HMGCR"
"ACH-000245","BL-41","Lymphoid","Mature B-Cell Neoplasms","Burkitt Lymphoma","BL",NA,FALSE,"HMGCR"
"ACH-000246","SLR 23","Kidney","Renal Cell Carcinoma","Renal Clear Cell Carcinoma","CCRCC",-1.18261963207342,FALSE,"HMGCR"
"ACH-000247","OCUM-1","Esophagus/Stomach","Esophagogastric Adenocarcinoma","Diffuse Type Stomach Adenocarcinoma","DSTAD",-0.86231863874398,FALSE,"HMGCR"
"ACH-000248","AU565","Breast","Invasive Breast Carcinoma","Invasive Breast Carcinoma","BRCA",-1.03736253401389,FALSE,"HMGCR"
"ACH-000249","CL-11","Bowel","Colorectal Adenocarcinoma","Colon Adenocarcinoma","COAD",-1.08740171956024,FALSE,"HMGCR"
"ACH-000250","KMRC-20","Kidney","Renal Cell Carcinoma","Renal Clear Cell Carcinoma","CCRCC",-1.0126070218074,FALSE,"HMGCR"
"ACH-000251","NCI-H2887","Lung","Non-Small Cell Lung Cancer","Non-Small Cell Lung Cancer","NSCLC",-0.914534493488799,FALSE,"HMGCR"
"ACH-000252","LS1034","Bowel","Colorectal Adenocarcinoma","Colon Adenocarcinoma","COAD",-0.993061950688773,FALSE,"HMGCR"
"ACH-000253","COLO 201","Bowel","Colorectal Adenocarcinoma","Colon Adenocarcinoma","COAD",-1.27268099447823,FALSE,"HMGCR"
"ACH-000254","SCC-15","Head and Neck","Head and Neck Squamous Cell Carcinoma","Oral Cavity Squamous Cell Carcinoma","OCSC",NA,FALSE,"HMGCR"
"ACH-000255","LMSU","Esophagus/Stomach","Esophagogastric Adenocarcinoma","Stomach Adenocarcinoma","STAD",-0.909772289381319,FALSE,"HMGCR"
"ACH-000256","COV318","Ovary/Fallopian Tube","Ovarian Epithelial Tumor","High-Grade Serous Ovarian Cancer","HGSOC",-0.677858932211283,FALSE,"HMGCR"
"ACH-000257","COR-L279","Lung","Lung Neuroendocrine Tumor","Small Cell Lung Cancer","SCLC",-1.22616560658814,FALSE,"HMGCR"
"ACH-000258","Du4475","Breast","Invasive Breast Carcinoma","Invasive Breast Carcinoma","BRCA",-1.08573459479535,FALSE,"HMGCR"
"ACH-000259","KELLY","Peripheral Nervous System","Neuroblastoma","Neuroblastoma","NBL",-1.03411925151141,FALSE,"HMGCR"
"ACH-000260","SK-N-AS","Peripheral Nervous System","Neuroblastoma","Neuroblastoma","NBL",-1.08880249184853,FALSE,"HMGCR"
"ACH-000261","RERF-LC-AI","Lung","Non-Small Cell Lung Cancer","Lung Squamous Cell Carcinoma","LUSC",-1.32665083274198,FALSE,"HMGCR"
"ACH-000262","UOK101","Kidney","Renal Cell Carcinoma","Renal Clear Cell Carcinoma","CCRCC",-1.30172838884676,FALSE,"HMGCR"
"ACH-000263","KASUMI-1","Myeloid","Acute Myeloid Leukemia","Acute Myeloid Leukemia","AML",-1.41177727571415,FALSE,"HMGCR"
"ACH-000264","Calu-6","Lung","Non-Small Cell Lung Cancer","Lung Adenocarcinoma","LUAD",-1.51386211484918,FALSE,"HMGCR"
"ACH-000265","KP-4","Pancreas","Pancreatic Adenocarcinoma","Pancreatic Adenocarcinoma","PAAD",-1.07204494604716,FALSE,"HMGCR"
"ACH-000266","SNU-213","Pancreas","Pancreatic Adenocarcinoma","Pancreatic Adenocarcinoma","PAAD",-1.2794711995218,FALSE,"HMGCR"
"ACH-000267","HDLM-2","Lymphoid","Hodgkin Lymphoma","Hodgkin Lymphoma","HL",NA,FALSE,"HMGCR"
"ACH-000268","SNU-245","Biliary Tract","Intraductal Papillary Neoplasm of the Bile Duct","Extrahepatic Cholangiocarcinoma","EHCH",-1.5427890695172,FALSE,"HMGCR"
"ACH-000269","AM-38","CNS/Brain","Diffuse Glioma","Glioblastoma","GB",-1.1644466690961,FALSE,"HMGCR"
"ACH-000270","HPAC","Pancreas","Pancreatic Adenocarcinoma","Pancreatic Adenocarcinoma","PAAD",NA,FALSE,"HMGCR"
"ACH-000271","SU-DHL-10","Lymphoid","Mature B-Cell Neoplasms","Diffuse Large B-Cell Lymphoma, NOS","DLBCLNOS",-0.655511835859771,FALSE,"HMGCR"
"ACH-000272","SLR 24","Kidney","Renal Cell Carcinoma","Renal Clear Cell Carcinoma","CCRCC",-0.927069426982747,FALSE,"HMGCR"
"ACH-000273","SF539","CNS/Brain","Diffuse Glioma","Gliosarcoma","GSARC",-0.844993419342034,FALSE,"HMGCR"
"ACH-000274","Hs 852.T","Skin","Melanoma","Melanoma","MEL",-1.30432859831138,FALSE,"HMGCR"
"ACH-000275","Hs 834.T","Fibroblast","Non-Cancerous","Fibroblast, Skin","",NA,FALSE,"HMGCR"
"ACH-000276","HCC38","Breast","Invasive Breast Carcinoma","Breast Invasive Ductal Carcinoma","IDC",-0.858260883828509,FALSE,"HMGCR"
"ACH-000277","HCC1419","Breast","Invasive Breast Carcinoma","Breast Invasive Ductal Carcinoma","IDC",-1.10129491808176,FALSE,"HMGCR"
"ACH-000278","COV362","Ovary/Fallopian Tube","Ovarian Epithelial Tumor","High-Grade Serous Ovarian Cancer","HGSOC",-1.3871043959163,FALSE,"HMGCR"
"ACH-000279","EWS502","Bone","Ewing Sarcoma","Ewing Sarcoma","ES",-0.623377115376082,FALSE,"HMGCR"
"ACH-000280","SNU-840","Ovary/Fallopian Tube","Ovarian Epithelial Tumor","Brenner Tumor, Malignant","BTMOV",-1.01582546408739,FALSE,"HMGCR"
"ACH-000281","KP-2","Pancreas","Pancreatic Adenocarcinoma","Pancreatic Adenocarcinoma","PAAD",-0.946168134913372,FALSE,"HMGCR"
"ACH-000282","NCI-H1755","Lung","Non-Small Cell Lung Cancer","Lung Adenocarcinoma","LUAD",NA,FALSE,"HMGCR"
"ACH-000283","A1207","CNS/Brain","Diffuse Glioma","Glioblastoma","GB",NA,FALSE,"HMGCR"
"ACH-000284","Hs 840.T","Fibroblast","Non-Cancerous","Fibroblast, Upper Aerodigestive","",NA,FALSE,"HMGCR"
"ACH-000285","Toledo","Lymphoid","Mature B-Cell Neoplasms","Diffuse Large B-Cell Lymphoma, NOS","DLBCLNOS",NA,FALSE,"HMGCR"
"ACH-000286","SNU-1033","Bowel","Colorectal Adenocarcinoma","Rectal Adenocarcinoma","READ",-1.15693008265459,FALSE,"HMGCR"
"ACH-000287","NU-DUL-1","Lymphoid","Mature B-Cell Neoplasms","Activated B-cell Type","ABC",NA,FALSE,"HMGCR"
"ACH-000288","BT-549","Breast","Invasive Breast Carcinoma","Breast Invasive Carcinoma, NOS","BRCNOS",-1.02437013550816,FALSE,"HMGCR"
"ACH-000289","SNU-466","CNS/Brain","Diffuse Glioma","Glioblastoma","GB",NA,FALSE,"HMGCR"
"ACH-000290","NCI-H209","Lung","Lung Neuroendocrine Tumor","Small Cell Lung Cancer","SCLC",-1.35950545973912,FALSE,"HMGCR"
"ACH-000291","OV-90","Ovary/Fallopian Tube","Ovarian Epithelial Tumor","Serous Ovarian Cancer","SOC",-0.83686236757671,FALSE,"HMGCR"
"ACH-000292","NCI-H841","Lung","SMARCA4-deficient undifferentiated tumor","SMARCA4-deficient undifferentiated tumor","",-1.02239691650496,FALSE,"HMGCR"
"ACH-000293","KLE","Uterus","Endometrial Carcinoma","Endometrial Carcinoma","UCEC",-0.538876949660988,FALSE,"HMGCR"
"ACH-000294","NB-4","Myeloid","Acute Myeloid Leukemia","Acute Myeloid Leukemia","AML",-1.23922109860928,FALSE,"HMGCR"
"ACH-000295","EM-2","Myeloid","Myeloproliferative Neoplasms","Chronic Myeloid Leukemia, BCR-ABL1+","CMLBCRABL1",-0.976282438138397,FALSE,"HMGCR"
"ACH-000296","OUMS-23","Bowel","Colorectal Adenocarcinoma","Colon Adenocarcinoma","COAD",-0.920609650547671,FALSE,"HMGCR"
"ACH-000297","NCI-H889","Lung","Lung Neuroendocrine Tumor","Small Cell Lung Cancer","SCLC",NA,FALSE,"HMGCR"
"ACH-000298","NCI-H2029","Lung","Lung Neuroendocrine Tumor","Small Cell Lung Cancer","SCLC",NA,FALSE,"HMGCR"
"ACH-000299","HNT-34","Myeloid","Acute Myeloid Leukemia","Acute Myeloid Leukemia","AML",NA,FALSE,"HMGCR"
"ACH-000300","SLR 25","Kidney","Renal Cell Carcinoma","Renal Clear Cell Carcinoma","CCRCC",NA,FALSE,"HMGCR"
"ACH-000301","LAMA-84","Myeloid","Myeloproliferative Neoplasms","Chronic Myeloid Leukemia, BCR-ABL1+","CMLBCRABL1",NA,FALSE,"HMGCR"
"ACH-000302","SNU-1077","Uterus","Endometrial Carcinoma","Uterine Carcinosarcoma/Uterine Malignant Mixed Mullerian Tumor","UCS",-1.35122970465211,FALSE,"HMGCR"
"ACH-000303","SNU-5","Esophagus/Stomach","Esophagogastric Adenocarcinoma","Stomach Adenocarcinoma","STAD",-1.08745526344412,FALSE,"HMGCR"
"ACH-000304","WM-115","Skin","Melanoma","Melanoma","MEL",-1.52461217154561,FALSE,"HMGCR"
"ACH-000305","EC-GI-10","Esophagus/Stomach","Esophageal Squamous Cell Carcinoma","Esophageal Squamous Cell Carcinoma","ESCC",-1.35849374293009,FALSE,"HMGCR"
"ACH-000306","Hs 688(A).T","Fibroblast","Non-Cancerous","Fibroblast, Skin","",NA,FALSE,"HMGCR"
"ACH-000307","PK-1","Pancreas","Pancreatic Adenocarcinoma","Pancreatic Adenocarcinoma","PAAD",-1.07034689926676,FALSE,"HMGCR"
"ACH-000308","EFO-21","Ovary/Fallopian Tube","Ovarian Epithelial Tumor","Serous Ovarian Cancer","SOC",-1.2992291255617,FALSE,"HMGCR"
"ACH-000309","SK-LU-1","Lung","Non-Small Cell Lung Cancer","Lung Adenocarcinoma","LUAD",NA,FALSE,"HMGCR"
"ACH-000310","IMR-32","Peripheral Nervous System","Neuroblastoma","Neuroblastoma","NBL",-0.695037798530354,FALSE,"HMGCR"
"ACH-000311","NCI-H2122","Lung","Non-Small Cell Lung Cancer","Lung Adenocarcinoma","LUAD",-1.08424189265724,FALSE,"HMGCR"
"ACH-000312","SK-N-BE(2)","Peripheral Nervous System","Neuroblastoma","Neuroblastoma","NBL",-0.835239784360248,FALSE,"HMGCR"
"ACH-000313","KMRC-3","Kidney","Renal Cell Carcinoma","Renal Clear Cell Carcinoma","CCRCC",-1.31388639512894,FALSE,"HMGCR"
"ACH-000314","HCC-2108","Lung","Non-Small Cell Lung Cancer","Lung Adenocarcinoma","LUAD",NA,FALSE,"HMGCR"
"ACH-000315","KARPAS-422","Lymphoid","Mature B-Cell Neoplasms","Diffuse Large B-Cell Lymphoma, NOS","DLBCLNOS",-1.1392807016549,FALSE,"HMGCR"
"ACH-000316","SNU-886","Liver","Hepatocellular Carcinoma","Hepatocellular Carcinoma","HCC",-0.981306847706355,FALSE,"HMGCR"
"ACH-000317","TUHR14TKB","Kidney","Renal Cell Carcinoma","Renal Cell Carcinoma","RCC",-1.3346088209014,FALSE,"HMGCR"
"ACH-000318","TE-10","Esophagus/Stomach","Esophageal Squamous Cell Carcinoma","Esophageal Squamous Cell Carcinoma","ESCC",-1.08364755664651,FALSE,"HMGCR"
"ACH-000319","MPP 89","Pleura","Pleural Mesothelioma","Pleural Mesothelioma, Epithelioid Type","PLEMESO",-0.974331054827353,FALSE,"HMGCR"
"ACH-000320","PSN1","Pancreas","Pancreatic Adenocarcinoma","Pancreatic Adenocarcinoma","PAAD",-1.01104588445789,FALSE,"HMGCR"
"ACH-000321","MOLM-6","Myeloid","Myeloproliferative Neoplasms","Chronic Myeloid Leukemia, BCR-ABL1+","CMLBCRABL1",NA,FALSE,"HMGCR"
"ACH-000322","HT-144","Skin","Melanoma","Melanoma","MEL",-1.52071139105602,FALSE,"HMGCR"
"ACH-000323","42-MG-BA","CNS/Brain","Diffuse Glioma","Glioblastoma","GB",-0.574431533099914,FALSE,"HMGCR"
"ACH-000324","JHOC-5","Ovary/Fallopian Tube","Ovarian Epithelial Tumor","Clear Cell Ovarian Cancer","CCOV",-1.33544981759372,FALSE,"HMGCR"
"ACH-000325","SNU-620","Esophagus/Stomach","Esophagogastric Adenocarcinoma","Stomach Adenocarcinoma","STAD",-1.12314242099615,FALSE,"HMGCR"
"ACH-000326","JURL-MK1","Myeloid","Myeloproliferative Neoplasms","Chronic Myeloid Leukemia, BCR-ABL1+","CMLBCRABL1",-1.05068049778035,FALSE,"HMGCR"
"ACH-000327","NCI-H1395","Lung","Non-Small Cell Lung Cancer","Lung Adenocarcinoma","LUAD",NA,FALSE,"HMGCR"
"ACH-000328","LN-215","CNS/Brain","Diffuse Glioma","Glioblastoma","GB",NA,FALSE,"HMGCR"
"ACH-000329","CCF-STTG1","CNS/Brain","Diffuse Glioma","Astrocytoma","ASTR",-1.05721850316384,FALSE,"HMGCR"
"ACH-000330","EFM-19","Breast","Invasive Breast Carcinoma","Breast Invasive Ductal Carcinoma","IDC",-0.834422043631142,FALSE,"HMGCR"
"ACH-000331","IST-MES2","Pleura","Pleural Mesothelioma","Pleural Mesothelioma, Epithelioid Type","PLEMESO",-0.864373813964846,FALSE,"HMGCR"
"ACH-000332","YAPC","Pancreas","Pancreatic Adenocarcinoma","Pancreatic Adenocarcinoma","PAAD",-0.919966543106291,FALSE,"HMGCR"
"ACH-000333","JHOM-2B","Ovary/Fallopian Tube","Ovarian Epithelial Tumor","Mucinous Ovarian Cancer","MOV",NA,FALSE,"HMGCR"
"ACH-000334","DB","Lymphoid","Mature B-Cell Neoplasms","Diffuse Large B-Cell Lymphoma, NOS","DLBCLNOS",-1.6323637811488,FALSE,"HMGCR"
"ACH-000335","MSTO-211H","Pleura","Pleural Mesothelioma","Pleural Mesothelioma, Biphasic Type","PLBMESO",-0.899672857748061,FALSE,"HMGCR"
"ACH-000336","OCI-AML3","Myeloid","Acute Myeloid Leukemia","Acute Myeloid Leukemia","AML",-0.81047943686728,FALSE,"HMGCR"
"ACH-000337","NCI-H3122","Lung","Non-Small Cell Lung Cancer","Lung Adenocarcinoma","LUAD",-1.08643255123029,FALSE,"HMGCR"
"ACH-000338","SR-786","Lymphoid","Mature T and NK Neoplasms","Anaplastic Large-Cell Lymphoma ALK Positive","ALCLALKP",-1.2633354382163,FALSE,"HMGCR"
"ACH-000339","HCC-461","Lung","Non-Small Cell Lung Cancer","Lung Adenocarcinoma","LUAD",-1.02760025169026,FALSE,"HMGCR"
"ACH-000340","Hs 870.T","Fibroblast","Non-Cancerous","Fibroblast, Bone","",NA,FALSE,"HMGCR"
"ACH-000341","SK-N-FI","Peripheral Nervous System","Neuroblastoma","Neuroblastoma","NBL",-1.19445362382532,FALSE,"HMGCR"
"ACH-000342","CL-14","Bowel","Colorectal Adenocarcinoma","Colon Adenocarcinoma","COAD",NA,FALSE,"HMGCR"
"ACH-000343","NCI-H522","Lung","Non-Small Cell Lung Cancer","Lung Adenocarcinoma","LUAD",-0.769392033277287,FALSE,"HMGCR"
"ACH-000344","SNU-668","Esophagus/Stomach","Esophagogastric Adenocarcinoma","Diffuse Type Stomach Adenocarcinoma","DSTAD",-1.53712195358256,FALSE,"HMGCR"
"ACH-000345","KP-N-RT-BM-1","Peripheral Nervous System","Neuroblastoma","Neuroblastoma","NBL",-0.883872863632293,FALSE,"HMGCR"
"ACH-000346","JVM-3","Lymphoid","Mature B-Cell Neoplasms","B-Cell Prolymphocytic Leukemia","BPLL",-1.01600672516419,FALSE,"HMGCR"
"ACH-000347","QGP-1","Pancreas","Pancreatic Neuroendocrine Tumor","Pancreatic Neuroendocrine Tumor","PANET",NA,FALSE,"HMGCR"
"ACH-000348","RPMI-7951","Skin","Melanoma","Melanoma","MEL",-1.66807060916322,FALSE,"HMGCR"
"ACH-000349","HCC1500","Breast","Breast Ductal Carcinoma In Situ","Breast Ductal Carcinoma In Situ","DCIS",NA,FALSE,"HMGCR"
"ACH-000350","COLO-678","Bowel","Colorectal Adenocarcinoma","Colon Adenocarcinoma","COAD",-1.56939689880011,FALSE,"HMGCR"
"ACH-000351","MKN1","Esophagus/Stomach","Esophagogastric Adenocarcinoma","Adenosquamous Carcinoma of the Stomach","STAS",NA,FALSE,"HMGCR"
"ACH-000352","HCC1428","Breast","Invasive Breast Carcinoma","Invasive Breast Carcinoma","BRCA",-1.2316675062613,FALSE,"HMGCR"
"ACH-000353","TE-15","Esophagus/Stomach","Esophageal Squamous Cell Carcinoma","Esophageal Squamous Cell Carcinoma","ESCC",NA,FALSE,"HMGCR"
"ACH-000354","Capan-1","Pancreas","Pancreatic Adenocarcinoma","Pancreatic Adenocarcinoma","PAAD",-1.17631014510698,FALSE,"HMGCR"
"ACH-000355","NCI-H82","Lung","Lung Neuroendocrine Tumor","Small Cell Lung Cancer","SCLC",-1.39614708271761,FALSE,"HMGCR"
"ACH-000356","MKN-45","Esophagus/Stomach","Esophagogastric Adenocarcinoma","Diffuse Type Stomach Adenocarcinoma","DSTAD",-0.88272780562893,FALSE,"HMGCR"
"ACH-000357","JeKo-1","Lymphoid","Mature B-Cell Neoplasms","Mantle Cell Lymphoma","MCL",NA,FALSE,"HMGCR"
"ACH-000358","NCI-H69","Lung","Lung Neuroendocrine Tumor","Small Cell Lung Cancer","SCLC",NA,FALSE,"HMGCR"
"ACH-000359","MG-63","Bone","Osteosarcoma","Osteosarcoma","OS",-1.63788520904743,FALSE,"HMGCR"
"ACH-000360","NCI-H508","Bowel","Colorectal Adenocarcinoma","Colon Adenocarcinoma","COAD",NA,FALSE,"HMGCR"
"ACH-000361","SK-HEP-1","Liver","Hepatocellular Carcinoma","Hepatocellular Carcinoma","HCC",-1.29093412602006,FALSE,"HMGCR"
"ACH-000362","MOLM-13","Myeloid","Acute Myeloid Leukemia","Acute Myeloid Leukemia","AML",-0.795727088221661,FALSE,"HMGCR"
"ACH-000363","SK-MM-2","Lymphoid","Mature B-Cell Neoplasms","Plasma Cell Myeloma","PCM",-1.42804445322715,FALSE,"HMGCR"
"ACH-000364","U-2 OS","Bone","Osteosarcoma","Osteosarcoma","OS",-1.03713970233171,FALSE,"HMGCR"
"ACH-000365","SU-DHL-4","Lymphoid","Mature B-Cell Neoplasms","Diffuse Large B-Cell Lymphoma, NOS","DLBCLNOS",-1.11605165768948,FALSE,"HMGCR"
"ACH-000366","SK-N-DZ","Peripheral Nervous System","Neuroblastoma","Neuroblastoma","NBL",-1.00000675209441,FALSE,"HMGCR"
"ACH-000367","NCI-H226","Pleura","Pleural Mesothelioma","Pleural Mesothelioma, Epithelioid Type","PLEMESO",-2.81461295620039,FALSE,"HMGCR"
"ACH-000368","SNU-1105","CNS/Brain","Diffuse Glioma","Glioblastoma","GB",-0.494627099602609,FALSE,"HMGCR"
"ACH-000369","MOLM-16","Myeloid","Acute Myeloid Leukemia","Acute Myeloid Leukemia","AML",NA,FALSE,"HMGCR"
"ACH-000370","SNU-626","CNS/Brain","Diffuse Glioma","Glioblastoma","GB",-0.984262405190705,FALSE,"HMGCR"
"ACH-000371","RL","Lymphoid","Mature B-Cell Neoplasms","Diffuse Large B-Cell Lymphoma, NOS","DLBCLNOS",-1.13391478405904,FALSE,"HMGCR"
"ACH-000372","P12-ICHIKAWA","Lymphoid","T-Lymphoblastic Leukemia/Lymphoma","T-Lymphoblastic Leukemia/Lymphoma","TLL",NA,FALSE,"HMGCR"
"ACH-000373","SKM-1","Myeloid","Acute Myeloid Leukemia","Acute Myeloid Leukemia","AML",-1.30369986623664,FALSE,"HMGCR"
"ACH-000374","HCC1143","Breast","Invasive Breast Carcinoma","Breast Invasive Ductal Carcinoma","IDC",-1.02333900011933,FALSE,"HMGCR"
"ACH-000375","G-402","Kidney","Renal Cell Carcinoma","Renal Cell Carcinoma","RCC",-1.22882199162451,FALSE,"HMGCR"
"ACH-000376","SF-295","CNS/Brain","Diffuse Glioma","Glioblastoma","GB",-1.3939215230031,FALSE,"HMGCR"
"ACH-000377","SNU-478","Ampulla of Vater","Ampullary Carcinoma","Ampullary Carcinoma","AMPCA",-1.00925085501969,FALSE,"HMGCR"
"ACH-000378","NCI-H647","Lung","Non-Small Cell Lung Cancer","Lung Adenosquamous Carcinoma","LUAS",-1.12166052676999,FALSE,"HMGCR"
"ACH-000379","NCI-H1781","Lung","Non-Small Cell Lung Cancer","Lung Adenocarcinoma","LUAD",NA,FALSE,"HMGCR"
"ACH-000380","KMS-12-BM","Lymphoid","Mature B-Cell Neoplasms","Plasma Cell Myeloma","PCM",NA,FALSE,"HMGCR"
"ACH-000381","T84","Bowel","Colorectal Adenocarcinoma","Colon Adenocarcinoma","COAD",-0.905661806557555,FALSE,"HMGCR"
"ACH-000382","COR-L24","Lung","Lung Neuroendocrine Tumor","Small Cell Lung Cancer","SCLC",NA,FALSE,"HMGCR"
"ACH-000383","OE33","Esophagus/Stomach","Esophagogastric Adenocarcinoma","Esophageal Adenocarcinoma","ESCA",-1.03450734122902,FALSE,"HMGCR"
"ACH-000384","SW 780","Bladder/Urinary Tract","Bladder Urothelial Carcinoma","Bladder Urothelial Carcinoma","BLCA",NA,FALSE,"HMGCR"
"ACH-000385","SK-RC-52","Kidney","Renal Cell Carcinoma","Renal Cell Carcinoma","RCC",-1.55583876982978,FALSE,"HMGCR"
"ACH-000386","KG-1","Myeloid","Acute Myeloid Leukemia","Acute Myeloid Leukemia","AML",NA,FALSE,"HMGCR"
"ACH-000387","TF-1","Myeloid","Acute Myeloid Leukemia","Acute Myeloid Leukemia","AML",-1.06504287888201,FALSE,"HMGCR"
"ACH-000388","NU-DHL-1","Lymphoid","Mature B-Cell Neoplasms","Diffuse Large B-Cell Lymphoma, NOS","DLBCLNOS",NA,FALSE,"HMGCR"
"ACH-000389","H4","CNS/Brain","Diffuse Glioma","Astrocytoma","ASTR",-0.652791386550704,FALSE,"HMGCR"
"ACH-000390","LUDLU-1","Lung","Non-Small Cell Lung Cancer","Lung Squamous Cell Carcinoma","LUSC",-0.981795304353632,FALSE,"HMGCR"
"ACH-000391","MHH-ES-1","Bone","Ewing Sarcoma","Ewing Sarcoma","ES",-0.097174226801502,FALSE,"HMGCR"
"ACH-000392","Calu-3","Lung","Non-Small Cell Lung Cancer","Lung Adenocarcinoma","LUAD",NA,FALSE,"HMGCR"
"ACH-000393","HLF","Liver","Hepatocellular Carcinoma","Hepatocellular Carcinoma","HCC",-0.842958142342622,FALSE,"HMGCR"
"ACH-000394","NCI-H2081","Lung","Lung Neuroendocrine Tumor","Small Cell Lung Cancer","SCLC",NA,FALSE,"HMGCR"
"ACH-000395","NCI-H520","Lung","Non-Small Cell Lung Cancer","Lung Squamous Cell Carcinoma","LUSC",-0.956814894677314,FALSE,"HMGCR"
"ACH-000396","J82","Bladder/Urinary Tract","Bladder Urothelial Carcinoma","Bladder Urothelial Carcinoma","BLCA",-1.23194030208798,FALSE,"HMGCR"
"ACH-000397","TEN","Uterus","Endometrial Carcinoma","Uterine Clear Cell Carcinoma","UCCC",-0.963782870753956,FALSE,"HMGCR"
"ACH-000398","RI-1","Lymphoid","Mature B-Cell Neoplasms","Activated B-cell Type","ABC",-0.850976666788388,FALSE,"HMGCR"
"ACH-000399","NCI-H2196","Lung","Lung Neuroendocrine Tumor","Small Cell Lung Cancer","SCLC",NA,FALSE,"HMGCR"
"ACH-000400","SK-CO-1","Bowel","Colorectal Adenocarcinoma","Colon Adenocarcinoma","COAD",NA,FALSE,"HMGCR"
"ACH-000401","COLO-800","Skin","Melanoma","Cutaneous Melanoma","SKCM",-1.42161082851409,FALSE,"HMGCR"
"ACH-000402","BL-70","Lymphoid","Mature B-Cell Neoplasms","Burkitt Lymphoma","BL",-0.613132143173042,FALSE,"HMGCR"
"ACH-000403","NCI-H747","Bowel","Colorectal Adenocarcinoma","Colon Adenocarcinoma","COAD",-1.21535066779624,FALSE,"HMGCR"
"ACH-000404","K029AX","Skin","Melanoma","Cutaneous Melanoma","SKCM",-1.5801018717972,FALSE,"HMGCR"
"ACH-000405","MEC-1","Lymphoid","Mature B-Cell Neoplasms","Chronic Lymphocytic Leukemia/Small Lymphocytic Lymphoma","CLLSLL",-1.09764865597577,FALSE,"HMGCR"
"ACH-000406","U-937","Myeloid","Acute Myeloid Leukemia","Acute Myeloid Leukemia","AML",-0.979221603953346,FALSE,"HMGCR"
"ACH-000407","SNU-685","Uterus","Endometrial Carcinoma","Uterine Carcinosarcoma/Uterine Malignant Mixed Mullerian Tumor","UCS",-0.847060193608291,FALSE,"HMGCR"
"ACH-000408","TE-5","Esophagus/Stomach","Esophageal Squamous Cell Carcinoma","Esophageal Squamous Cell Carcinoma","ESCC",-0.658158126856489,FALSE,"HMGCR"
"ACH-000409","OVSAHO","Ovary/Fallopian Tube","Ovarian Epithelial Tumor","High-Grade Serous Ovarian Cancer","HGSOC",NA,FALSE,"HMGCR"
"ACH-000410","Saos-2","Bone","Osteosarcoma","Osteosarcoma","OS",-1.17317297934261,FALSE,"HMGCR"
"ACH-000411","769-P","Kidney","Renal Cell Carcinoma","Renal Clear Cell Carcinoma","CCRCC",-1.22702616732041,FALSE,"HMGCR"
"ACH-000412","SNU-1197","Bowel","Colorectal Adenocarcinoma","Colon Adenocarcinoma","COAD",NA,FALSE,"HMGCR"
"ACH-000413","Hs 739.T","Fibroblast","Non-Cancerous","Fibroblast, Breast","",NA,FALSE,"HMGCR"
"ACH-000414","NCI-H1944","Lung","Non-Small Cell Lung Cancer","Lung Adenocarcinoma","LUAD",-0.992201254773057,FALSE,"HMGCR"
"ACH-000415","BICR 6","Head and Neck","Head and Neck Squamous Cell Carcinoma","Hypopharynx Squamous Cell Carcinoma","HPHSC",-1.16984456858398,FALSE,"HMGCR"
"ACH-000416","NCI-H838","Lung","Non-Small Cell Lung Cancer","Lung Adenocarcinoma","LUAD",-1.47003364409391,FALSE,"HMGCR"
"ACH-000417","Panc 08.13","Pancreas","Pancreatic Adenocarcinoma","Pancreatic Adenocarcinoma","PAAD",-1.63272044111196,FALSE,"HMGCR"
"ACH-000418","SW 1353","Bone","Chondrosarcoma","Chondrosarcoma","CHS",NA,FALSE,"HMGCR"
"ACH-000419","KMS-28BM","Lymphoid","Mature B-Cell Neoplasms","Plasma Cell Myeloma","PCM",NA,FALSE,"HMGCR"
"ACH-000420","SNU-449","Liver","Hepatocellular Carcinoma","Hepatocellular Carcinoma","HCC",-0.928117171656066,FALSE,"HMGCR"
"ACH-000421","SW837","Bowel","Colorectal Adenocarcinoma","Rectal Adenocarcinoma","READ",-1.0743067989729,FALSE,"HMGCR"
"ACH-000422","SNU-475","Liver","Hepatocellular Carcinoma","Hepatocellular Carcinoma","HCC",-1.16805275500775,FALSE,"HMGCR"
"ACH-000423","SK-MEL-3","Skin","Melanoma","Cutaneous Melanoma","SKCM",NA,FALSE,"HMGCR"
"ACH-000424","TC-71","Bone","Ewing Sarcoma","Ewing Sarcoma","ES",-0.177771903475342,FALSE,"HMGCR"
"ACH-000425","UACC-62","Skin","Melanoma","Melanoma","MEL",-1.24907167609837,FALSE,"HMGCR"
"ACH-000426","KMS-20","Lymphoid","Mature B-Cell Neoplasms","Plasma Cell Myeloma","PCM",-1.4166641111424,FALSE,"HMGCR"
"ACH-000427","NCI-N87","Esophagus/Stomach","Esophagogastric Adenocarcinoma","Tubular Stomach Adenocarcinoma","TSTAD",-0.626703180893849,FALSE,"HMGCR"
"ACH-000428","UO-31","Kidney","Renal Cell Carcinoma","Renal Cell Carcinoma","RCC",NA,FALSE,"HMGCR"
"ACH-000429","A-704","Kidney","Renal Cell Carcinoma","Renal Cell Carcinoma","RCC",NA,FALSE,"HMGCR"
"ACH-000430","TYK-nu","Ovary/Fallopian Tube","Ovarian Epithelial Tumor","High-Grade Serous Ovarian Cancer","HGSOC",-0.80670234970323,FALSE,"HMGCR"
"ACH-000431","NCI-H1694","Lung","Lung Neuroendocrine Tumor","Small Cell Lung Cancer","SCLC",-1.03904833281697,FALSE,"HMGCR"
"ACH-000432","BV-173","Myeloid","Myeloproliferative Neoplasms","Chronic Myeloid Leukemia, BCR-ABL1+","CMLBCRABL1",NA,FALSE,"HMGCR"
"ACH-000433","Caki-1","Kidney","Renal Cell Carcinoma","Renal Clear Cell Carcinoma","CCRCC",-0.753252839275497,FALSE,"HMGCR"
"ACH-000434","NCI-H1915","Lung","Non-Small Cell Lung Cancer","Large Cell Lung Carcinoma","LCLC",-2.08712354646205,FALSE,"HMGCR"
"ACH-000435","EFE-184","Uterus","Endometrial Carcinoma","Endometrial Carcinoma","UCEC",-1.31565444800016,FALSE,"HMGCR"
"ACH-000436","OCI-My7","Lymphoid","Mature B-Cell Neoplasms","Plasma Cell Myeloma","PCM",-0.962523335063299,FALSE,"HMGCR"
"ACH-000437","SW 1088","CNS/Brain","Diffuse Glioma","Astrocytoma","ASTR",-1.18921357909335,FALSE,"HMGCR"
"ACH-000438","Lu-65","Lung","Non-Small Cell Lung Cancer","Giant Cell Carcinoma of the Lung","GCLC",-0.914651144150006,FALSE,"HMGCR"
"ACH-000439","ME-1","Myeloid","Acute Myeloid Leukemia","Acute Myeloid Leukemia","AML",NA,FALSE,"HMGCR"
"ACH-000440","CA46","Lymphoid","Mature B-Cell Neoplasms","Burkitt Lymphoma","BL",NA,FALSE,"HMGCR"
"ACH-000441","SH-4","Skin","Melanoma","Melanoma","MEL",-1.06759693738529,FALSE,"HMGCR"
"ACH-000442","RERF-LC-Sq1","Lung","Non-Small Cell Lung Cancer","Lung Squamous Cell Carcinoma","LUSC",-1.14330102627296,FALSE,"HMGCR"
"ACH-000443","OVKATE","Ovary/Fallopian Tube","Ovarian Epithelial Tumor","High-Grade Serous Ovarian Cancer","HGSOC",NA,FALSE,"HMGCR"
"ACH-000444","LU99","Lung","Non-Small Cell Lung Cancer","Giant Cell Carcinoma of the Lung","GCLC",-1.21337946510358,FALSE,"HMGCR"
"ACH-000445","KNS-60","CNS/Brain","Diffuse Glioma","Glioblastoma","GB",-0.932064027282605,FALSE,"HMGCR"
"ACH-000446","KP-N-SI9s","Peripheral Nervous System","Neuroblastoma","Neuroblastoma","NBL",-0.975676828259556,FALSE,"HMGCR"
"ACH-000447","NCI-H2228","Lung","Non-Small Cell Lung Cancer","Lung Adenocarcinoma","LUAD",NA,FALSE,"HMGCR"
"ACH-000448","NCI-H1666","Lung","Non-Small Cell Lung Cancer","Lung Adenocarcinoma","LUAD",-1.27407565422222,FALSE,"HMGCR"
"ACH-000449","MES-SA","Uterus","Uterine Sarcoma/Mesenchymal","Uterine Sarcoma/Mesenchymal","USARC",NA,FALSE,"HMGCR"
"ACH-000450","MEL-HO","Skin","Melanoma","Melanoma","MEL",-1.52913480850437,FALSE,"HMGCR"
"ACH-000451","NCI-H2085","Lung","Non-Small Cell Lung Cancer","Lung Adenocarcinoma","LUAD",NA,FALSE,"HMGCR"
"ACH-000452","TE-8","Esophagus/Stomach","Esophageal Squamous Cell Carcinoma","Esophageal Squamous Cell Carcinoma","ESCC",-1.23939217328299,FALSE,"HMGCR"
"ACH-000453","MOLP-2","Lymphoid","Mature B-Cell Neoplasms","Plasma Cell Myeloma","PCM",NA,FALSE,"HMGCR"
"ACH-000454","HCC-95","Lung","Non-Small Cell Lung Cancer","Lung Squamous Cell Carcinoma","LUSC",-0.772305230203387,FALSE,"HMGCR"
"ACH-000455","LN-428","CNS/Brain","Diffuse Glioma","Glioblastoma","GB",-1.02472410728207,FALSE,"HMGCR"
"ACH-000456","B-CPAP","Thyroid","Poorly Differentiated Thyroid Cancer","Poorly Differentiated Thyroid Cancer","THPD",-1.18826883819548,FALSE,"HMGCR"
"ACH-000457","CAL-54","Kidney","Renal Cell Carcinoma","Renal Cell Carcinoma","RCC",NA,FALSE,"HMGCR"
"ACH-000458","CJM","Skin","Melanoma","Melanoma","MEL",-0.835304141657484,FALSE,"HMGCR"
"ACH-000459","TUHR10TKB","Kidney","Renal Cell Carcinoma","Renal Clear Cell Carcinoma","CCRCC",-2.19912786281217,FALSE,"HMGCR"
"ACH-000460","SNU-8","Ovary/Fallopian Tube","Ovarian Epithelial Tumor","Serous Ovarian Cancer","SOC",-0.870080719247882,FALSE,"HMGCR"
"ACH-000461","SNU-1196","Biliary Tract","Intraductal Papillary Neoplasm of the Bile Duct","Extrahepatic Cholangiocarcinoma","EHCH",-1.11279820948689,FALSE,"HMGCR"
"ACH-000462","NALM-1","Myeloid","Myeloproliferative Neoplasms","Chronic Myeloid Leukemia, BCR-ABL1+","CMLBCRABL1",NA,FALSE,"HMGCR"
"ACH-000463","NCI-H460","Lung","Non-Small Cell Lung Cancer","Large Cell Lung Carcinoma","LCLC",-0.908576954575008,FALSE,"HMGCR"
"ACH-000464","CAS-1","CNS/Brain","Diffuse Glioma","Glioblastoma","GB",-0.68378760649938,FALSE,"HMGCR"
"ACH-000465","SK-MEL-1","Skin","Melanoma","Melanoma","MEL",NA,FALSE,"HMGCR"
"ACH-000466","SNU-216","Esophagus/Stomach","Esophagogastric Adenocarcinoma","Tubular Stomach Adenocarcinoma","TSTAD",-1.2940267034412,FALSE,"HMGCR"
"ACH-000467","HCC-56","Bowel","Colorectal Adenocarcinoma","Colon Adenocarcinoma","COAD",-1.28107824471879,FALSE,"HMGCR"
"ACH-000468","PK-45H","Pancreas","Pancreatic Adenocarcinoma","Pancreatic Adenocarcinoma","PAAD",-1.09127992421096,FALSE,"HMGCR"
"ACH-000469","YH-13","CNS/Brain","Diffuse Glioma","Glioblastoma","GB",-0.753239262685126,FALSE,"HMGCR"
"ACH-000470","SW1463","Bowel","Colorectal Adenocarcinoma","Rectal Adenocarcinoma","READ",-0.784226653394254,FALSE,"HMGCR"
"ACH-000471","Li-7","Liver","Hepatocellular Carcinoma","Hepatocellular Carcinoma","HCC",-1.18470861313981,FALSE,"HMGCR"
"ACH-000472","HSC-2","Head and Neck","Head and Neck Squamous Cell Carcinoma","Oral Cavity Squamous Cell Carcinoma","OCSC",-1.0031212748762,FALSE,"HMGCR"
"ACH-000473","RT-112","Bladder/Urinary Tract","Bladder Urothelial Carcinoma","Bladder Urothelial Carcinoma","BLCA",-0.667922681591928,FALSE,"HMGCR"
"ACH-000475","huH-1","Liver","Hepatocellular Carcinoma","Hepatocellular Carcinoma","HCC",-0.919607514575827,FALSE,"HMGCR"
"ACH-000476","JHH-4","Liver","Hepatocellular Carcinoma","Hepatocellular Carcinoma","HCC",-1.12530594739457,FALSE,"HMGCR"
"ACH-000477","Malme-3M","Skin","Melanoma","Melanoma","MEL",-1.53438305744324,FALSE,"HMGCR"
"ACH-000478","SNU-387","Liver","Hepatocellular Carcinoma","Hepatocellular Carcinoma","HCC",-1.03953521951623,FALSE,"HMGCR"
"ACH-000479","KNS-81","CNS/Brain","Diffuse Glioma","Glioblastoma","GB",-1.15908999568337,FALSE,"HMGCR"
"ACH-000480","HuH-7","Liver","Hepatocellular Carcinoma","Hepatocellular Carcinoma","HCC",-0.535410877539434,FALSE,"HMGCR"
"ACH-000481","NCI-H2170","Lung","Non-Small Cell Lung Cancer","Lung Squamous Cell Carcinoma","LUSC",-0.918340991239636,FALSE,"HMGCR"
"ACH-000482","RERF-LC-KJ","Lung","Non-Small Cell Lung Cancer","Lung Adenocarcinoma","LUAD",NA,FALSE,"HMGCR"
"ACH-000483","SNU-182","Liver","Hepatocellular Carcinoma","Hepatocellular Carcinoma","HCC",-1.27531872645986,FALSE,"HMGCR"
"ACH-000484","VMRC-RCW","Kidney","Renal Cell Carcinoma","Renal Cell Carcinoma","RCC",-1.32826633654879,FALSE,"HMGCR"
"ACH-000485","GSU","Esophagus/Stomach","Esophagogastric Adenocarcinoma","Stomach Adenocarcinoma","STAD",-0.767104518802557,FALSE,"HMGCR"
"ACH-000486","KU-19-19","Bladder/Urinary Tract","Bladder Urothelial Carcinoma","Bladder Urothelial Carcinoma","BLCA",-1.31410460834988,FALSE,"HMGCR"
"ACH-000487","F-36P","Myeloid","Myelodysplastic Syndromes","Myelodysplastic Syndromes","MDS",-0.978260810329722,FALSE,"HMGCR"
"ACH-000488","TE-11","Esophagus/Stomach","Esophageal Squamous Cell Carcinoma","Esophageal Squamous Cell Carcinoma","ESCC",-1.05772242345911,FALSE,"HMGCR"
"ACH-000489","SW1116","Bowel","Colorectal Adenocarcinoma","Colon Adenocarcinoma","COAD",-0.932631124073266,FALSE,"HMGCR"
"ACH-000490","SF767","Cervix","Cervical Squamous Cell Carcinoma","Cervical Squamous Cell Carcinoma","CESC",-0.947647388338624,FALSE,"HMGCR"
"ACH-000491","NCI-H716","Bowel","Colorectal Adenocarcinoma","Colon Adenocarcinoma","COAD",-1.1768256686721,FALSE,"HMGCR"
"ACH-000492","MUTZ-5","Lymphoid","B-Lymphoblastic Leukemia/Lymphoma","B-Lymphoblastic Leukemia/Lymphoma, BCR-ABL1 Like","BLLBCRABL1L",NA,FALSE,"HMGCR"
"ACH-000493","SNU-423","Liver","Hepatocellular Carcinoma","Hepatocellular Carcinoma","HCC",-1.05916719843118,FALSE,"HMGCR"
"ACH-000494","OELE","Ovary/Fallopian Tube","Non-Cancerous","Immortalized Ovarian Cells","",NA,FALSE,"HMGCR"
"ACH-000495","TUHR4TKB","Kidney","Renal Cell Carcinoma","Renal Cell Carcinoma","RCC",-0.926449594327499,FALSE,"HMGCR"
"ACH-000496","NCI-H1792","Lung","Non-Small Cell Lung Cancer","Lung Adenocarcinoma","LUAD",-0.924474235774518,FALSE,"HMGCR"
"ACH-000498","KO52","Myeloid","Acute Myeloid Leukemia","Acute Myeloid Leukemia","AML",-0.70323509515107,FALSE,"HMGCR"
"ACH-000499","EW8","Bone","Ewing Sarcoma","Ewing Sarcoma","ES",-0.575395299319697,FALSE,"HMGCR"
"ACH-000500","SNU-46","Head and Neck","Head and Neck Squamous Cell Carcinoma","Larynx Squamous Cell Carcinoma","LXSC",-0.604630005214385,FALSE,"HMGCR"
"ACH-000501","LS123","Bowel","Colorectal Adenocarcinoma","Colon Adenocarcinoma","COAD",-0.943215924243329,FALSE,"HMGCR"
"ACH-000502","TCC-PAN2","Pancreas","Pancreatic Adenocarcinoma","Pancreatic Adenocarcinoma","PAAD",-1.10097800722237,FALSE,"HMGCR"
"ACH-000503","BICR 16","Head and Neck","Head and Neck Squamous Cell Carcinoma","Oral Cavity Squamous Cell Carcinoma","OCSC",-0.935352432531199,FALSE,"HMGCR"
"ACH-000504","SNB75","CNS/Brain","Diffuse Glioma","Glioblastoma","GB",-0.920894606796048,FALSE,"HMGCR"
"ACH-000505","RKN","Soft Tissue","Leiomyosarcoma","Leiomyosarcoma","LMS",-1.63310931667695,FALSE,"HMGCR"
"ACH-000506","NCI-H146","Lung","Lung Neuroendocrine Tumor","Small Cell Lung Cancer","SCLC",NA,FALSE,"HMGCR"
"ACH-000507","KE-39","Esophagus/Stomach","Esophagogastric Adenocarcinoma","Stomach Adenocarcinoma","STAD",-1.01850692433133,FALSE,"HMGCR"
"ACH-000508","COR-L88","Lung","Lung Neuroendocrine Tumor","Small Cell Lung Cancer","SCLC",NA,FALSE,"HMGCR"
"ACH-000509","HuT 78","Lymphoid","Mature T and NK Neoplasms","Sezary Syndrome","SS",NA,FALSE,"HMGCR"
"ACH-000510","NCI-H1299","Lung","Non-Small Cell Lung Cancer","Large Cell Lung Carcinoma","LCLC",-1.14953851918458,FALSE,"HMGCR"
"ACH-000511","Calu-1","Lung","Non-Small Cell Lung Cancer","Lung Squamous Cell Carcinoma","LUSC",-1.37127462363346,FALSE,"HMGCR"
"ACH-000512","INA6","Lymphoid","Mature B-Cell Neoplasms","Plasma Cell Myeloma","PCM",-0.837242274859685,FALSE,"HMGCR"
"ACH-000513","SNU-1272","Kidney","Renal Cell Carcinoma","Renal Clear Cell Carcinoma","CCRCC",NA,FALSE,"HMGCR"
"ACH-000514","NCI-H1092","Lung","Lung Neuroendocrine Tumor","Small Cell Lung Cancer","SCLC",-1.37086199891662,FALSE,"HMGCR"
"ACH-000515","HCC-33","Lung","Lung Neuroendocrine Tumor","Small Cell Lung Cancer","SCLC",-0.959261681917654,FALSE,"HMGCR"
"ACH-000516","CAL-78","Bone","Chondrosarcoma","Dedifferentiated Chondrosarcoma","DDCHS",-1.05095218363608,FALSE,"HMGCR"
"ACH-000517","SNU-410","Pancreas","Pancreatic Adenocarcinoma","Pancreatic Adenocarcinoma","PAAD",-1.64055875428411,FALSE,"HMGCR"
"ACH-000518","CAL-33","Head and Neck","Head and Neck Squamous Cell Carcinoma","Oral Cavity Squamous Cell Carcinoma","OCSC",-0.955276949276236,FALSE,"HMGCR"
"ACH-000519","PEER","Lymphoid","T-Lymphoblastic Leukemia/Lymphoma","T-Lymphoblastic Leukemia/Lymphoma","TLL",-1.08453064297121,FALSE,"HMGCR"
"ACH-000520","59M","Ovary/Fallopian Tube","Ovarian Epithelial Tumor","High-Grade Serous Ovarian Cancer","HGSOC",-0.878220236277949,FALSE,"HMGCR"
"ACH-000521","NCI-H2030","Lung","Non-Small Cell Lung Cancer","Lung Adenocarcinoma","LUAD",-1.19461656255013,FALSE,"HMGCR"
"ACH-000522","UM-UC-3","Bladder/Urinary Tract","Bladder Urothelial Carcinoma","Bladder Urothelial Carcinoma","BLCA",-0.941411380247178,FALSE,"HMGCR"
"ACH-000523","NCI-H1184","Lung","Lung Neuroendocrine Tumor","Small Cell Lung Cancer","SCLC",NA,FALSE,"HMGCR"
"ACH-000524","KURAMOCHI","Ovary/Fallopian Tube","Ovarian Epithelial Tumor","High-Grade Serous Ovarian Cancer","HGSOC",-1.28555948844859,FALSE,"HMGCR"
"ACH-000525","NCI-H2171","Lung","Lung Neuroendocrine Tumor","Small Cell Lung Cancer","SCLC",-1.2128194056655,FALSE,"HMGCR"
"ACH-000526","Hs 821.T","Fibroblast","Non-Cancerous","Fibroblast, Bone","",NA,FALSE,"HMGCR"
"ACH-000527","OVISE","Ovary/Fallopian Tube","Ovarian Epithelial Tumor","Clear Cell Ovarian Cancer","CCOV",-1.23823387972016,FALSE,"HMGCR"
"ACH-000528","ABC-1","Lung","Non-Small Cell Lung Cancer","Lung Adenocarcinoma","LUAD",-1.37136913454186,FALSE,"HMGCR"
"ACH-000529","T1-73","Fibroblast","Non-Cancerous","Fibroblast, Bone","",NA,FALSE,"HMGCR"
"ACH-000530","DMS 114","Lung","SMARCA4-deficient undifferentiated tumor","SMARCA4-deficient undifferentiated tumor","",NA,FALSE,"HMGCR"
"ACH-000531","RS-5","Fibroblast","Non-Cancerous","Fibroblast, Lung","",NA,FALSE,"HMGCR"
"ACH-000532","SNU-61","Bowel","Colorectal Adenocarcinoma","Rectal Adenocarcinoma","READ",-0.960749960879167,FALSE,"HMGCR"
"ACH-000533","NCI-H2004 RT","Kidney","Rhabdoid Cancer","Rhabdoid Cancer","MRT",-1.20239077650675,FALSE,"HMGCR"
"ACH-000534","WSU-DLCL2","Lymphoid","Mature B-Cell Neoplasms","Diffuse Large B-Cell Lymphoma, NOS","DLBCLNOS",NA,FALSE,"HMGCR"
"ACH-000535","BxPC-3","Pancreas","Pancreatic Adenocarcinoma","Pancreatic Adenocarcinoma","PAAD",-0.830218028500803,FALSE,"HMGCR"
"ACH-000536","BT-20","Breast","Invasive Breast Carcinoma","Breast Invasive Ductal Carcinoma","IDC",NA,FALSE,"HMGCR"
"ACH-000537","SNU-761","Liver","Hepatocellular Carcinoma","Hepatocellular Carcinoma","HCC",-1.54435173951183,FALSE,"HMGCR"
"ACH-000538","HUTU80","Bowel","Small Bowel Cancer","Duodenal Adenocarcinoma","DA",NA,FALSE,"HMGCR"
"ACH-000539","Hs 618.T","Fibroblast","Non-Cancerous","Fibroblast, Lung","",NA,FALSE,"HMGCR"
"ACH-000540","Hs 606.T","Fibroblast","Non-Cancerous","Fibroblast, Breast","",NA,FALSE,"HMGCR"
"ACH-000541","KMS-34","Lymphoid","Mature B-Cell Neoplasms","Plasma Cell Myeloma","PCM",-0.336126129548336,FALSE,"HMGCR"
"ACH-000542","Hey-A8","Ovary/Fallopian Tube","Ovarian Epithelial Tumor","High-Grade Serous Ovarian Cancer","HGSOC",-0.968944557031347,FALSE,"HMGCR"
"ACH-000543","SNU-489","CNS/Brain","Diffuse Glioma","Glioblastoma","GB",NA,FALSE,"HMGCR"
"ACH-000544","OE21","Esophagus/Stomach","Esophageal Squamous Cell Carcinoma","Esophageal Squamous Cell Carcinoma","ESCC",-0.84451805825823,FALSE,"HMGCR"
"ACH-000545","VM-CUB1","Bladder/Urinary Tract","Bladder Urothelial Carcinoma","Bladder Urothelial Carcinoma","BLCA",-0.739147527139441,FALSE,"HMGCR"
"ACH-000546","HSC-4","Head and Neck","Head and Neck Squamous Cell Carcinoma","Oral Cavity Squamous Cell Carcinoma","OCSC",-0.912566902167856,FALSE,"HMGCR"
"ACH-000547","HT-1197","Bladder/Urinary Tract","Bladder Urothelial Carcinoma","Bladder Urothelial Carcinoma","BLCA",-0.763680331734786,FALSE,"HMGCR"
"ACH-000548","BHY","Head and Neck","Head and Neck Squamous Cell Carcinoma","Oral Cavity Squamous Cell Carcinoma","OCSC",-1.33626206143113,FALSE,"HMGCR"
"ACH-000549","SNU-1076","Head and Neck","Head and Neck Squamous Cell Carcinoma","Larynx Squamous Cell Carcinoma","LXSC",-0.863116231382097,FALSE,"HMGCR"
"ACH-000550","IGR-39","Skin","Melanoma","Melanoma","MEL",-0.998362794409119,FALSE,"HMGCR"
"ACH-000551","K-562","Myeloid","Myeloproliferative Neoplasms","Chronic Myeloid Leukemia, BCR-ABL1+","CMLBCRABL1",-1.19316551751081,FALSE,"HMGCR"
"ACH-000552","HT-29","Bowel","Colorectal Adenocarcinoma","Colon Adenocarcinoma","COAD",-0.762941985935685,FALSE,"HMGCR"
"ACH-000553","Sq-1","Lung","Non-Small Cell Lung Cancer","Lung Squamous Cell Carcinoma","LUSC",NA,FALSE,"HMGCR"
"ACH-000554","UACC-893","Breast","Invasive Breast Carcinoma","Breast Invasive Lobular Carcinoma","ILC",-1.65658588682588,FALSE,"HMGCR"
"ACH-000555","A-498","Kidney","Renal Cell Carcinoma","Renal Cell Carcinoma","RCC",NA,FALSE,"HMGCR"
"ACH-000556","SIHA","Cervix","Cervical Squamous Cell Carcinoma","Cervical Squamous Cell Carcinoma","CESC",-1.20167659848802,FALSE,"HMGCR"
"ACH-000557","AML-193","Myeloid","Acute Myeloid Leukemia","Acute Myeloid Leukemia","AML",-1.09746242639317,FALSE,"HMGCR"
"ACH-000558","A-172","CNS/Brain","Diffuse Glioma","Glioblastoma","GB",-1.42190198208541,FALSE,"HMGCR"
"ACH-000559","NCI-H1836","Lung","Lung Neuroendocrine Tumor","Small Cell Lung Cancer","SCLC",-1.077150707367,FALSE,"HMGCR"
"ACH-000560","ECC10","Esophagus/Stomach","Esophagogastric Adenocarcinoma","Small Cell Carcinoma of the Stomach","STSC",NA,FALSE,"HMGCR"
"ACH-000561","T.T","Esophagus/Stomach","Esophageal Squamous Cell Carcinoma","Esophageal Squamous Cell Carcinoma","ESCC",-0.833543390663212,FALSE,"HMGCR"
"ACH-000562","HCC-78","Lung","Non-Small Cell Lung Cancer","Lung Adenocarcinoma","LUAD",-0.928309532271397,FALSE,"HMGCR"
"ACH-000563","EBC-1","Lung","Non-Small Cell Lung Cancer","Lung Squamous Cell Carcinoma","LUSC",-0.925312955831969,FALSE,"HMGCR"
"ACH-000564","KHM-1B","Lymphoid","Mature B-Cell Neoplasms","Plasma Cell Myeloma","PCM",NA,FALSE,"HMGCR"
"ACH-000565","RCM-1","Bowel","Colorectal Adenocarcinoma","Rectal Adenocarcinoma","READ",-0.880228156446487,FALSE,"HMGCR"
"ACH-000566","SW-1710","Bladder/Urinary Tract","Bladder Urothelial Carcinoma","Bladder Urothelial Carcinoma","BLCA",NA,FALSE,"HMGCR"
"ACH-000567","ST486","Lymphoid","Mature B-Cell Neoplasms","Burkitt Lymphoma","BL",-0.925818887760702,FALSE,"HMGCR"
"ACH-000568","UACC-812","Breast","Invasive Breast Carcinoma","Breast Invasive Lobular Carcinoma","ILC",NA,FALSE,"HMGCR"
"ACH-000569","IST-MES1","Pleura","Pleural Mesothelioma","Pleural Mesothelioma, Epithelioid Type","PLEMESO",-1.11729398555698,FALSE,"HMGCR"
"ACH-000570","YKG1","CNS/Brain","Diffuse Glioma","Glioblastoma","GB",-1.05798335856984,FALSE,"HMGCR"
"ACH-000571","T98G","CNS/Brain","Diffuse Glioma","Glioblastoma","GB",-1.19473615823763,FALSE,"HMGCR"
"ACH-000572","G-361","Skin","Melanoma","Melanoma","MEL",NA,FALSE,"HMGCR"
"ACH-000573","MDA-MB-436","Breast","Invasive Breast Carcinoma","Breast Invasive Carcinoma, NOS","BRCNOS",-1.60608556695475,FALSE,"HMGCR"
"ACH-000574","FU-OV-1","Ovary/Fallopian Tube","Ovarian Epithelial Tumor","High-Grade Serous Ovarian Cancer","HGSOC",NA,FALSE,"HMGCR"
"ACH-000575","HCC-364","Lung","Non-Small Cell Lung Cancer","Lung Adenocarcinoma","LUAD",NA,FALSE,"HMGCR"
"ACH-000576","KMS-27","Lymphoid","Mature B-Cell Neoplasms","Plasma Cell Myeloma","PCM",-1.46968362638988,FALSE,"HMGCR"
"ACH-000577","JHH-2","Liver","Hepatocellular Carcinoma","Hepatocellular Carcinoma","HCC",-1.02064005181772,FALSE,"HMGCR"
"ACH-000578","HCC-1171","Lung","Non-Small Cell Lung Cancer","Lung Adenocarcinoma","LUAD",NA,FALSE,"HMGCR"
"ACH-000579","UACC-257","Skin","Melanoma","Melanoma","MEL",-1.22927750497325,FALSE,"HMGCR"
"ACH-000580","C32","Skin","Melanoma","Melanoma","MEL",-1.12056074669574,FALSE,"HMGCR"
"ACH-000581","SNU-16","Esophagus/Stomach","Esophagogastric Adenocarcinoma","Stomach Adenocarcinoma","STAD",-0.702591974511542,FALSE,"HMGCR"
"ACH-000582","COLO 741","Skin","Melanoma","Melanoma","MEL",NA,FALSE,"HMGCR"
"ACH-000583","MC116","Lymphoid","Non-Hodgkin Lymphoma","Mature B-Cell Neoplasms","MBN",-1.40000563218825,FALSE,"HMGCR"
"ACH-000584","JHOS-4","Ovary/Fallopian Tube","Ovarian Epithelial Tumor","High-Grade Serous Ovarian Cancer","HGSOC",-1.15754825761838,FALSE,"HMGCR"
"ACH-000585","EPLC-272H","Lung","Non-Small Cell Lung Cancer","Lung Squamous Cell Carcinoma","LUSC",-1.29912810660562,FALSE,"HMGCR"
"ACH-000586","NCI-H1876","Lung","Lung Neuroendocrine Tumor","Small Cell Lung Cancer","SCLC",NA,FALSE,"HMGCR"
"ACH-000587","NCI-H1975","Lung","Non-Small Cell Lung Cancer","Lung Adenocarcinoma","LUAD",-1.47972215178678,FALSE,"HMGCR"
"ACH-000588","KMS-26","Lymphoid","Mature B-Cell Neoplasms","Plasma Cell Myeloma","PCM",-0.782107489768287,FALSE,"HMGCR"
"ACH-000589","NCI-H1437","Lung","Non-Small Cell Lung Cancer","Lung Adenocarcinoma","LUAD",-1.13660709488823,FALSE,"HMGCR"
"ACH-000590","NCI-H2073","Lung","Non-Small Cell Lung Cancer","Lung Adenocarcinoma","LUAD",NA,FALSE,"HMGCR"
"ACH-000591","LN-235","CNS/Brain","Diffuse Glioma","Astrocytoma","ASTR",-0.766892578002749,FALSE,"HMGCR"
"ACH-000592","TM-31","CNS/Brain","Diffuse Glioma","Astrocytoma","ASTR",-0.951549932414823,FALSE,"HMGCR"
"ACH-000593","BC-3C","Bladder/Urinary Tract","Bladder Urothelial Carcinoma","Bladder Urothelial Carcinoma","BLCA",-1.19625032425476,FALSE,"HMGCR"
"ACH-000594","DMS 153","Lung","Lung Neuroendocrine Tumor","Small Cell Lung Cancer","SCLC",NA,FALSE,"HMGCR"
"ACH-000595","LN-229","CNS/Brain","Diffuse Glioma","Glioblastoma","GB",-1.02645753135439,FALSE,"HMGCR"
"ACH-000596","LCLC-97TM1","Lung","Non-Small Cell Lung Cancer","Large Cell Lung Carcinoma","LCLC",-0.703278050361536,FALSE,"HMGCR"
"ACH-000597","TTC-709","Soft Tissue","Rhabdoid Cancer","Extrarenal Rhabdoid Cancer","",-1.1391600882175,FALSE,"HMGCR"
"ACH-000598","KMS-21BM","Lymphoid","Mature B-Cell Neoplasms","Plasma Cell Myeloma","PCM",NA,FALSE,"HMGCR"
"ACH-000599","PA-TU-8902","Pancreas","Pancreatic Adenocarcinoma","Pancreatic Adenocarcinoma","PAAD",-0.909388176530406,FALSE,"HMGCR"
"ACH-000600","SLR 26","Kidney","Renal Cell Carcinoma","Renal Clear Cell Carcinoma","CCRCC",NA,FALSE,"HMGCR"
"ACH-000601","MIA PaCa-2","Pancreas","Pancreatic Adenocarcinoma","Pancreatic Adenocarcinoma","PAAD",-0.930730645735012,FALSE,"HMGCR"
"ACH-000602","M-07e","Myeloid","Acute Myeloid Leukemia","Acute Megakaryoblastic Leukemia","AMKL",-0.865681320059333,FALSE,"HMGCR"
"ACH-000603","BEN","Lung","Non-Small Cell Lung Cancer","Non-Small Cell Lung Cancer","NSCLC",NA,FALSE,"HMGCR"
"ACH-000604","KYO-1","Myeloid","Myeloproliferative Neoplasms","Chronic Myeloid Leukemia, BCR-ABL1+","CMLBCRABL1",-1.29443166918367,FALSE,"HMGCR"
"ACH-000605","TE-6","Esophagus/Stomach","Esophageal Squamous Cell Carcinoma","Esophageal Squamous Cell Carcinoma","ESCC",-1.05756148911971,FALSE,"HMGCR"
"ACH-000606","PE/CA-PJ34 (clone C12)","Head and Neck","Head and Neck Squamous Cell Carcinoma","Oral Cavity Squamous Cell Carcinoma","OCSC",-1.00523198584044,FALSE,"HMGCR"
"ACH-000607","KYM-1","Soft Tissue","Rhabdomyosarcoma","Embryonal Rhabdomyosarcoma","ERMS",-0.839527830188554,FALSE,"HMGCR"
"ACH-000608","COV644","Ovary/Fallopian Tube","Ovarian Epithelial Tumor","Mucinous Ovarian Cancer","MOV",-1.16800947397413,FALSE,"HMGCR"
"ACH-000609","SF126","CNS/Brain","Diffuse Glioma","Glioblastoma","GB",-1.40010235570529,FALSE,"HMGCR"
"ACH-000610","NCI-H2227","Lung","Lung Neuroendocrine Tumor","Small Cell Lung Cancer","SCLC",NA,FALSE,"HMGCR"
"ACH-000611","SU-DHL-6","Lymphoid","Mature B-Cell Neoplasms","Diffuse Large B-Cell Lymphoma, NOS","DLBCLNOS",NA,FALSE,"HMGCR"
"ACH-000612","HuT 102","Lymphoid","Mature T and NK Neoplasms","Mycosis Fungoides","MYCF",NA,FALSE,"HMGCR"
"ACH-000613","HOS","Bone","Osteosarcoma","Osteosarcoma","OS",NA,FALSE,"HMGCR"
"ACH-000614","RVH-421","Skin","Melanoma","Melanoma","MEL",-1.27976602272442,FALSE,"HMGCR"
"ACH-000615","SK-MEL-28","Skin","Melanoma","Cutaneous Melanoma","SKCM",NA,FALSE,"HMGCR"
"ACH-000616","Hs 746T","Esophagus/Stomach","Esophagogastric Adenocarcinoma","Stomach Adenocarcinoma","STAD",-1.12099866768577,FALSE,"HMGCR"
"ACH-000617","OVCAR-4","Ovary/Fallopian Tube","Ovarian Epithelial Tumor","High-Grade Serous Ovarian Cancer","HGSOC",NA,FALSE,"HMGCR"
"ACH-000618","SNU-1041","Head and Neck","Head and Neck Squamous Cell Carcinoma","Hypopharynx Squamous Cell Carcinoma","HPHSC",-1.41668985751876,FALSE,"HMGCR"
"ACH-000619","PE/CA-PJ15","Head and Neck","Head and Neck Squamous Cell Carcinoma","Oral Cavity Squamous Cell Carcinoma","OCSC",-0.861018423231533,FALSE,"HMGCR"
"ACH-000620","JHH-1","Liver","Hepatocellular Carcinoma","Hepatocellular Carcinoma","HCC",-0.827733326079704,FALSE,"HMGCR"
"ACH-000621","MDA-MB-157","Breast","Invasive Breast Carcinoma","Breast Invasive Ductal Carcinoma","IDC",-1.38084269075333,FALSE,"HMGCR"
"ACH-000622","KNS-42","CNS/Brain","Diffuse Glioma","Glioblastoma","GB",-0.860386208783947,FALSE,"HMGCR"
"ACH-000623","SNU-201","CNS/Brain","Diffuse Glioma","Glioblastoma","GB",-1.02088395858522,FALSE,"HMGCR"
"ACH-000624","HCC1806","Breast","Breast Ductal Carcinoma In Situ","Breast Ductal Carcinoma In Situ","DCIS",-1.3393525405464,FALSE,"HMGCR"
"ACH-000625","Hep 3B2.1-7","Liver","Hepatocellular Carcinoma","Hepatocellular Carcinoma","HCC",NA,FALSE,"HMGCR"
"ACH-000626","U266B1","Lymphoid","Mature B-Cell Neoplasms","Plasma Cell Myeloma","PCM",NA,FALSE,"HMGCR"
"ACH-000627","LCLC-103H","Lung","Non-Small Cell Lung Cancer","Large Cell Lung Carcinoma","LCLC",-1.05909894041648,FALSE,"HMGCR"
"ACH-000628","NCI-H596","Lung","Non-Small Cell Lung Cancer","Lung Adenosquamous Carcinoma","LUAS",NA,FALSE,"HMGCR"
"ACH-000629","IOMM-Lee","CNS/Brain","Meningothelial Tumor","Meningioma","MNG",NA,FALSE,"HMGCR"
"ACH-000630","YD-8","Head and Neck","Head and Neck Squamous Cell Carcinoma","Oral Cavity Squamous Cell Carcinoma","OCSC",-1.2658967691353,FALSE,"HMGCR"
"ACH-000631","KS-1","CNS/Brain","Diffuse Glioma","Glioblastoma","GB",-0.611155631534426,FALSE,"HMGCR"
"ACH-000632","Hs 944.T","Skin","Melanoma","Cutaneous Melanoma","SKCM",-1.12681747219134,FALSE,"HMGCR"
"ACH-000633","FU97","Esophagus/Stomach","Esophagogastric Adenocarcinoma","Diffuse Type Stomach Adenocarcinoma","DSTAD",-0.95367346237937,FALSE,"HMGCR"
"ACH-000634","LN-340","CNS/Brain","Diffuse Glioma","Glioblastoma","GB",-1.28033295161552,FALSE,"HMGCR"
"ACH-000635","SNU-119","Ovary/Fallopian Tube","Ovarian Epithelial Tumor","High-Grade Serous Ovarian Cancer","HGSOC",NA,FALSE,"HMGCR"
"ACH-000636","RPMI-8402","Lymphoid","T-Lymphoblastic Leukemia/Lymphoma","T-Lymphoblastic Leukemia/Lymphoma","TLL",NA,FALSE,"HMGCR"
"ACH-000637","KYSE-520","Esophagus/Stomach","Esophageal Squamous Cell Carcinoma","Esophageal Squamous Cell Carcinoma","ESCC",-1.62524696225099,FALSE,"HMGCR"
"ACH-000638","NCI-H441","Lung","Non-Small Cell Lung Cancer","Lung Adenocarcinoma","LUAD",-0.878618793309719,FALSE,"HMGCR"
"ACH-000639","NCI-H211","Lung","Lung Neuroendocrine Tumor","Small Cell Lung Cancer","SCLC",-0.924420005747761,FALSE,"HMGCR"
"ACH-000640","SK-MEL-31","Skin","Melanoma","Cutaneous Melanoma","SKCM",NA,FALSE,"HMGCR"
"ACH-000641","CMK","Myeloid","Acute Myeloid Leukemia","Myeloid Leukemia Associated with Down Syndrome","MLADS",NA,FALSE,"HMGCR"
"ACH-000642","HMEL","Breast","Non-Cancerous","Immortalized Breast Cells","",NA,FALSE,"HMGCR"
"ACH-000643","HDQ-P1","Breast","Invasive Breast Carcinoma","Breast Invasive Ductal Carcinoma","IDC",NA,FALSE,"HMGCR"
"ACH-000644","COLO 829","Skin","Melanoma","Cutaneous Melanoma","SKCM",NA,FALSE,"HMGCR"
"ACH-000645","JL-1","Pleura","Pleural Mesothelioma","Pleural Mesothelioma, Epithelioid Type","PLEMESO",-1.06012755460096,FALSE,"HMGCR"
"ACH-000646","OVMANA","Ovary/Fallopian Tube","Ovarian Epithelial Tumor","Clear Cell Ovarian Cancer","CCOV",-1.23824964631894,FALSE,"HMGCR"
"ACH-000647","TE-1","Esophagus/Stomach","Esophageal Squamous Cell Carcinoma","Esophageal Squamous Cell Carcinoma","ESCC",-1.11439472273572,FALSE,"HMGCR"
"ACH-000648","NCI-H28","Pleura","Pleural Mesothelioma","Pleural Mesothelioma, Epithelioid Type","PLEMESO",-1.21679111502602,FALSE,"HMGCR"
"ACH-000649","786-O","Kidney","Renal Cell Carcinoma","Renal Clear Cell Carcinoma","CCRCC",-1.06649236453633,FALSE,"HMGCR"
"ACH-000650","IGR-37","Skin","Melanoma","Melanoma","MEL",NA,FALSE,"HMGCR"
"ACH-000651","SW 620","Bowel","Colorectal Adenocarcinoma","Colon Adenocarcinoma","COAD",-1.00090504738211,FALSE,"HMGCR"
"ACH-000652","SUIT-2","Pancreas","Pancreatic Adenocarcinoma","Pancreatic Adenocarcinoma","PAAD",-1.28439775874671,FALSE,"HMGCR"
"ACH-000653","JJN-3","Lymphoid","Mature B-Cell Neoplasms","Plasma Cell Myeloma","PCM",-1.0878690030702,FALSE,"HMGCR"
"ACH-000654","Raji","Lymphoid","Mature B-Cell Neoplasms","Burkitt Lymphoma","BL",-1.43699517246601,FALSE,"HMGCR"
"ACH-000655","SF268","CNS/Brain","Diffuse Glioma","Astrocytoma","ASTR",-1.21522897808388,FALSE,"HMGCR"
"ACH-000656","SU-DHL-8","Lymphoid","Mature B-Cell Neoplasms","Diffuse Large B-Cell Lymphoma, NOS","DLBCLNOS",-0.763303494151354,FALSE,"HMGCR"
"ACH-000657","A2780","Ovary/Fallopian Tube","Ovarian Epithelial Tumor","Endometrioid Ovarian Cancer","EOV",-0.839173308951569,FALSE,"HMGCR"
"ACH-000658","KMS-18","Lymphoid","Mature B-Cell Neoplasms","Plasma Cell Myeloma","PCM",NA,FALSE,"HMGCR"
"ACH-000659","SCLC-21H","Lung","Lung Neuroendocrine Tumor","Small Cell Lung Cancer","SCLC",NA,FALSE,"HMGCR"
"ACH-000660","SU-DHL-5","Lymphoid","Mature B-Cell Neoplasms","Diffuse Large B-Cell Lymphoma, NOS","DLBCLNOS",-0.75921686668457,FALSE,"HMGCR"
"ACH-000661","WM1799","Skin","Melanoma","Melanoma","MEL",-1.08569805818426,FALSE,"HMGCR"
"ACH-000662","COR-L23","Lung","Non-Small Cell Lung Cancer","Large Cell Lung Carcinoma","LCLC",-0.968811979485565,FALSE,"HMGCR"
"ACH-000663","OVTOKO","Ovary/Fallopian Tube","Ovarian Epithelial Tumor","Clear Cell Ovarian Cancer","CCOV",-1.25957574009072,FALSE,"HMGCR"
"ACH-000664","SU-DHL-1","Lymphoid","Mature T and NK Neoplasms","Anaplastic Large-Cell Lymphoma ALK Positive","ALCLALKP",-1.04188735065808,FALSE,"HMGCR"
"ACH-000665","SK-MES-1","Lung","Non-Small Cell Lung Cancer","Lung Squamous Cell Carcinoma","LUSC",-1.16532188111095,FALSE,"HMGCR"
"ACH-000666","NCI-H1355","Lung","Non-Small Cell Lung Cancer","Lung Adenocarcinoma","LUAD",-1.14686411461877,FALSE,"HMGCR"
"ACH-000667","HCC-44","Lung","Non-Small Cell Lung Cancer","Lung Adenocarcinoma","LUAD",-1.24797413328567,FALSE,"HMGCR"
"ACH-000668","HCC70","Breast","Invasive Breast Carcinoma","Breast Invasive Ductal Carcinoma","IDC",-0.579301156144883,FALSE,"HMGCR"
"ACH-000669","SW 900","Lung","Non-Small Cell Lung Cancer","Lung Squamous Cell Carcinoma","LUSC",NA,FALSE,"HMGCR"
"ACH-000670","SBC-5","Lung","Lung Neuroendocrine Tumor","Small Cell Lung Cancer","SCLC",NA,FALSE,"HMGCR"
"ACH-000671","HuH-6","Liver","Hepatoblastoma","Hepatoblastoma","LIHB",-1.02555603057023,FALSE,"HMGCR"
"ACH-000672","IA-LM","Lung","Non-Small Cell Lung Cancer","Large Cell Lung Carcinoma","LCLC",-0.985156792370584,FALSE,"HMGCR"
"ACH-000673","LN-443","CNS/Brain","Diffuse Glioma","Glioblastoma","GB",-1.2814027895147,FALSE,"HMGCR"
"ACH-000674","NUGC-4","Esophagus/Stomach","Esophagogastric Adenocarcinoma","Diffuse Type Stomach Adenocarcinoma","DSTAD",NA,FALSE,"HMGCR"
"ACH-000675","NCI-H1734","Lung","Non-Small Cell Lung Cancer","Lung Adenocarcinoma","LUAD",NA,FALSE,"HMGCR"
"ACH-000676","LN-464","CNS/Brain","Diffuse Glioma","Glioblastoma","GB",-0.677003719920196,FALSE,"HMGCR"
"ACH-000677","SW 1573","Lung","Non-Small Cell Lung Cancer","Lung Adenocarcinoma","LUAD",-1.73894692863477,FALSE,"HMGCR"
"ACH-000678","MKN7","Esophagus/Stomach","Esophagogastric Adenocarcinoma","Tubular Stomach Adenocarcinoma","TSTAD",NA,FALSE,"HMGCR"
"ACH-000679","OE-19","Esophagus/Stomach","Esophageal Squamous Cell Carcinoma","Esophageal Squamous Cell Carcinoma","ESCC",NA,FALSE,"HMGCR"
"ACH-000680","SW948","Bowel","Colorectal Adenocarcinoma","Colon Adenocarcinoma","COAD",NA,FALSE,"HMGCR"
"ACH-000681","A549","Lung","Non-Small Cell Lung Cancer","Lung Adenocarcinoma","LUAD",-0.898415068486357,FALSE,"HMGCR"
"ACH-000682","SNU-1066","Head and Neck","Head and Neck Squamous Cell Carcinoma","Larynx Squamous Cell Carcinoma","LXSC",-1.04464318567569,FALSE,"HMGCR"
"ACH-000683","SNU-503","Bowel","Colorectal Adenocarcinoma","Rectal Adenocarcinoma","READ",-0.716132986955903,FALSE,"HMGCR"
"ACH-000684","KMRC-1","Kidney","Renal Cell Carcinoma","Renal Clear Cell Carcinoma","CCRCC",-0.580262989684445,FALSE,"HMGCR"
"ACH-000685","L3.3","Pancreas","Adenosquamous Carcinoma of the Pancreas","Adenosquamous Carcinoma of the Pancreas","PAASC",-0.649177931583682,FALSE,"HMGCR"
"ACH-000686","SNU-878","Liver","Hepatocellular Carcinoma","Hepatocellular Carcinoma","HCC",NA,FALSE,"HMGCR"
"ACH-000687","CI-1","Lymphoid","Non-Hodgkin Lymphoma","Mature B-Cell Neoplasms","MBN",NA,FALSE,"HMGCR"
"ACH-000688","OV7","Ovary/Fallopian Tube","Ovarian Epithelial Tumor","Mixed Ovarian Carcinoma","MXOV",-1.37290050792734,FALSE,"HMGCR"
"ACH-000689","RH-18","Soft Tissue","Rhabdomyosarcoma","Embryonal Rhabdomyosarcoma","ERMS",NA,FALSE,"HMGCR"
"ACH-000690","HCC-2814","Lung","Non-Small Cell Lung Cancer","Lung Squamous Cell Carcinoma","LUSC",NA,FALSE,"HMGCR"
"ACH-000691","HCC2157","Breast","Invasive Breast Carcinoma","Breast Invasive Ductal Carcinoma","IDC",NA,FALSE,"HMGCR"
"ACH-000692","SNU-899","Head and Neck","Head and Neck Squamous Cell Carcinoma","Larynx Squamous Cell Carcinoma","LXSC",NA,FALSE,"HMGCR"
"ACH-000693","KYSE-180","Esophagus/Stomach","Esophageal Squamous Cell Carcinoma","Esophageal Squamous Cell Carcinoma","ESCC",-0.940209939568402,FALSE,"HMGCR"
"ACH-000694","TE-9","Esophagus/Stomach","Esophageal Squamous Cell Carcinoma","Esophageal Squamous Cell Carcinoma","ESCC",-1.19635304008802,FALSE,"HMGCR"
"ACH-000695","COR-L47","Lung","Lung Neuroendocrine Tumor","Small Cell Lung Cancer","SCLC",-0.833290357236623,FALSE,"HMGCR"
"ACH-000696","OVCAR-8","Ovary/Fallopian Tube","Ovarian Epithelial Tumor","High-Grade Serous Ovarian Cancer","HGSOC",-1.43681187789356,FALSE,"HMGCR"
"ACH-000697","A3/KAW","Lymphoid","Mature B-Cell Neoplasms","Diffuse Large B-Cell Lymphoma, NOS","DLBCLNOS",-0.700641299059357,FALSE,"HMGCR"
"ACH-000698","DMS 53","Lung","Lung Neuroendocrine Tumor","Small Cell Lung Cancer","SCLC",-0.833202359605583,FALSE,"HMGCR"
"ACH-000699","HCC1395","Breast","Invasive Breast Carcinoma","Breast Invasive Ductal Carcinoma","IDC",-1.7145820674009,FALSE,"HMGCR"
"ACH-000700","NCI-H2882","Lung","Non-Small Cell Lung Cancer","Lung Squamous Cell Carcinoma","LUSC",-1.15842034831971,FALSE,"HMGCR"
"ACH-000701","RMUG-S","Ovary/Fallopian Tube","Ovarian Epithelial Tumor","Mucinous Ovarian Cancer","MOV",-0.919735196656761,FALSE,"HMGCR"
"ACH-000702","L-1236","Lymphoid","Hodgkin Lymphoma","Hodgkin Lymphoma","HL",-1.0546653307483,FALSE,"HMGCR"
"ACH-000703","DMS 79","Lung","Lung Neuroendocrine Tumor","Small Cell Lung Cancer","SCLC",NA,FALSE,"HMGCR"
"ACH-000704","OAW42","Ovary/Fallopian Tube","Ovarian Epithelial Tumor","Serous Ovarian Cancer","SOC",-0.606117846806818,FALSE,"HMGCR"
"ACH-000705","LC-1F","Lung","Non-Small Cell Lung Cancer","Lung Squamous Cell Carcinoma","LUSC",NA,FALSE,"HMGCR"
"ACH-000706","EKVX","Lung","Non-Small Cell Lung Cancer","Lung Adenocarcinoma","LUAD",-1.01162356752575,FALSE,"HMGCR"
"ACH-000707","P3HR-1","Lymphoid","Mature B-Cell Neoplasms","Burkitt Lymphoma","BL",NA,FALSE,"HMGCR"
"ACH-000708","SNU-283","Bowel","Colorectal Adenocarcinoma","Rectal Adenocarcinoma","READ",NA,FALSE,"HMGCR"
"ACH-000709","KMRC-2","Kidney","Renal Cell Carcinoma","Renal Clear Cell Carcinoma","CCRCC",-1.2155204711744,FALSE,"HMGCR"
"ACH-000710","NCI-H854","Bowel","Colorectal Adenocarcinoma","Colon Adenocarcinoma","COAD",NA,FALSE,"HMGCR"
"ACH-000711","JIMT-1","Breast","Invasive Breast Carcinoma","Breast Invasive Ductal Carcinoma","IDC",-1.08795317128564,FALSE,"HMGCR"
"ACH-000712","HCC-1833","Lung","Non-Small Cell Lung Cancer","Lung Adenocarcinoma","LUAD",NA,FALSE,"HMGCR"
"ACH-000713","Caov-3","Ovary/Fallopian Tube","Ovarian Epithelial Tumor","High-Grade Serous Ovarian Cancer","HGSOC",-0.547311728647847,FALSE,"HMGCR"
"ACH-000714","KMS-11","Lymphoid","Mature B-Cell Neoplasms","Plasma Cell Myeloma","PCM",-0.912737417941433,FALSE,"HMGCR"
"ACH-000715","SNU-1214","Head and Neck","Head and Neck Squamous Cell Carcinoma","Larynx Squamous Cell Carcinoma","LXSC",NA,FALSE,"HMGCR"
"ACH-000716","TT2609-C02","Thyroid","Well-Differentiated Thyroid Cancer","Follicular Thyroid Cancer","THFO",-0.931617169502742,FALSE,"HMGCR"
"ACH-000717","COLO-680N","Esophagus/Stomach","Esophageal Squamous Cell Carcinoma","Esophageal Squamous Cell Carcinoma","ESCC",-0.428783870759459,FALSE,"HMGCR"
"ACH-000718","NCI-H2291","Lung","Non-Small Cell Lung Cancer","Lung Adenocarcinoma","LUAD",-1.07912807691852,FALSE,"HMGCR"
"ACH-000719","RMG-I","Ovary/Fallopian Tube","Ovarian Epithelial Tumor","Clear Cell Ovarian Cancer","CCOV",-1.34315558902936,FALSE,"HMGCR"
"ACH-000720","TCCSUP","Bladder/Urinary Tract","Bladder Urothelial Carcinoma","Bladder Urothelial Carcinoma","BLCA",-1.08109750261068,FALSE,"HMGCR"
"ACH-000721","HMC-1-8","Breast","Invasive Breast Carcinoma","Breast Invasive Ductal Carcinoma","IDC",-1.02801978486284,FALSE,"HMGCR"
"ACH-000722","SNU-C1","Bowel","Colorectal Adenocarcinoma","Colon Adenocarcinoma","COAD",-0.0710230795477835,FALSE,"HMGCR"
"ACH-000723","YD-10B","Head and Neck","Head and Neck Squamous Cell Carcinoma","Oral Cavity Squamous Cell Carcinoma","OCSC",NA,FALSE,"HMGCR"
"ACH-000724","HT-1376","Bladder/Urinary Tract","Bladder Urothelial Carcinoma","Bladder Urothelial Carcinoma","BLCA",-0.554398334795228,FALSE,"HMGCR"
"ACH-000725","HCC202","Breast","Breast Ductal Carcinoma In Situ","Breast Ductal Carcinoma In Situ","DCIS",-1.19737126344273,FALSE,"HMGCR"
"ACH-000726","TE-14","Esophagus/Stomach","Esophageal Squamous Cell Carcinoma","Esophageal Squamous Cell Carcinoma","ESCC",NA,FALSE,"HMGCR"
"ACH-000727","NCI-H2066","Lung","Lung Neuroendocrine Tumor","Small Cell Lung Cancer","SCLC",NA,FALSE,"HMGCR"
"ACH-000728","KASUMI-2","Lymphoid","B-Lymphoblastic Leukemia/Lymphoma","B-Lymphoblastic Leukemia/Lymphoma with t(1;19)(q23;p13.3);TCF3-PBX1","BLLTCF3PBX1",NA,FALSE,"HMGCR"
"ACH-000729","NCI-H1963","Lung","Lung Neuroendocrine Tumor","Small Cell Lung Cancer","SCLC",NA,FALSE,"HMGCR"
"ACH-000730","SK-MEL-5","Skin","Melanoma","Cutaneous Melanoma","SKCM",NA,FALSE,"HMGCR"
"ACH-000731","HCC-2279","Lung","Non-Small Cell Lung Cancer","Lung Adenosquamous Carcinoma","LUAS",NA,FALSE,"HMGCR"
"ACH-000732","PE/CA-PJ41 (clone D2)","Head and Neck","Head and Neck Squamous Cell Carcinoma","Oral Cavity Squamous Cell Carcinoma","OCSC",-1.08361177967671,FALSE,"HMGCR"
"ACH-000733","NCI-H1838","Lung","Non-Small Cell Lung Cancer","Lung Adenocarcinoma","LUAD",NA,FALSE,"HMGCR"
"ACH-000734","JHH-5","Liver","Hepatocellular Carcinoma","Hepatocellular Carcinoma","HCC",-0.753334454401151,FALSE,"HMGCR"
"ACH-000735","PE/CA-PJ49","Head and Neck","Head and Neck Squamous Cell Carcinoma","Oral Cavity Squamous Cell Carcinoma","OCSC",-1.31062547156085,FALSE,"HMGCR"
"ACH-000736","SNU-601","Esophagus/Stomach","Esophagogastric Adenocarcinoma","Signet Ring Cell Carcinoma of the Stomach","SSRCC",-0.931179709253352,FALSE,"HMGCR"
"ACH-000737","NCI-H1385","Lung","Non-Small Cell Lung Cancer","Lung Squamous Cell Carcinoma","LUSC",NA,FALSE,"HMGCR"
"ACH-000738","GB-1","CNS/Brain","Diffuse Glioma","Glioblastoma","GB",-1.29497293100127,FALSE,"HMGCR"
"ACH-000739","Hep G2","Liver","Hepatoblastoma","Hepatoblastoma","LIHB",-0.78618779006701,FALSE,"HMGCR"
"ACH-000740","A-253","Head and Neck","Head and Neck Squamous Cell Carcinoma","Oral Cavity Squamous Cell Carcinoma","OCSC",-0.686006239128225,FALSE,"HMGCR"
"ACH-000741","U-BLC1","Bladder/Urinary Tract","Bladder Urothelial Carcinoma","Bladder Urothelial Carcinoma","BLCA",-0.979635277094495,FALSE,"HMGCR"
"ACH-000742","DM-3","Fibroblast","Non-Cancerous","Fibroblast, Lung","",NA,FALSE,"HMGCR"
"ACH-000743","COR-L95","Lung","Lung Neuroendocrine Tumor","Small Cell Lung Cancer","SCLC",NA,FALSE,"HMGCR"
"ACH-000744","NCI-H1623","Lung","Non-Small Cell Lung Cancer","Lung Adenocarcinoma","LUAD",NA,FALSE,"HMGCR"
"ACH-000745","MOLP-8","Lymphoid","Mature B-Cell Neoplasms","Plasma Cell Myeloma","PCM",NA,FALSE,"HMGCR"
"ACH-000746","GSS","Esophagus/Stomach","Esophagogastric Adenocarcinoma","Stomach Adenocarcinoma","STAD",-1.08767224654973,FALSE,"HMGCR"
"ACH-000747","NCI-H1703","Lung","Non-Small Cell Lung Cancer","Lung Squamous Cell Carcinoma","LUSC",-1.0554730519088,FALSE,"HMGCR"
"ACH-000748","SJSA-1","Bone","Osteosarcoma","Osteosarcoma","OS",-1.19981998988426,FALSE,"HMGCR"
"ACH-000749","DMS 273","Lung","Lung Neuroendocrine Tumor","Small Cell Lung Cancer","SCLC",-0.93140447250929,FALSE,"HMGCR"
"ACH-000750","LOX IMVI","Skin","Melanoma","Melanoma","MEL",NA,FALSE,"HMGCR"
"ACH-000751","OCI-M1","Myeloid","Acute Myeloid Leukemia","Acute Myeloid Leukemia","AML",NA,FALSE,"HMGCR"
"ACH-000752","NCI-H196","Lung","SMARCA4-deficient undifferentiated tumor","SMARCA4-deficient undifferentiated tumor","",NA,FALSE,"HMGCR"
"ACH-000753","JMSU-1","Bladder/Urinary Tract","Bladder Urothelial Carcinoma","Bladder Urothelial Carcinoma","BLCA",-1.08901523942583,FALSE,"HMGCR"
"ACH-000754","L-428","Lymphoid","Hodgkin Lymphoma","Hodgkin Lymphoma","HL",-1.00509428964363,FALSE,"HMGCR"
"ACH-000755","HCC2218","Breast","Breast Ductal Carcinoma In Situ","Breast Ductal Carcinoma In Situ","DCIS",NA,FALSE,"HMGCR"
"ACH-000756","GI-1","CNS/Brain","Diffuse Glioma","Gliosarcoma","GSARC",-0.156642344013379,FALSE,"HMGCR"
"ACH-000757","A427","Lung","Non-Small Cell Lung Cancer","Lung Adenocarcinoma","LUAD",-1.39581443443166,FALSE,"HMGCR"
"ACH-000758","MKN74","Esophagus/Stomach","Esophagogastric Adenocarcinoma","Tubular Stomach Adenocarcinoma","TSTAD",-0.886631580573791,FALSE,"HMGCR"
"ACH-000759","MDA-MB-175-VII","Breast","Invasive Breast Carcinoma","Breast Invasive Ductal Carcinoma","IDC",NA,FALSE,"HMGCR"
"ACH-000760","LNZ308","CNS/Brain","Diffuse Glioma","Glioblastoma","GB",-1.3694647928534,FALSE,"HMGCR"
"ACH-000761","NUGC-2","Esophagus/Stomach","Esophagogastric Adenocarcinoma","Stomach Adenocarcinoma","STAD",NA,FALSE,"HMGCR"
"ACH-000762","YD-38","Head and Neck","Head and Neck Squamous Cell Carcinoma","Head and Neck Squamous Cell Carcinoma","HNSC",-1.09294364326832,FALSE,"HMGCR"
"ACH-000763","MM1-S","Lymphoid","Mature B-Cell Neoplasms","Plasma Cell Myeloma","PCM",-1.37868105197832,FALSE,"HMGCR"
"ACH-000764","SH-10-TC","Esophagus/Stomach","Esophagogastric Adenocarcinoma","Mucinous Stomach Adenocarcinoma","MSTAD",-1.49246697781802,FALSE,"HMGCR"
"ACH-000765","WM983B","Skin","Melanoma","Melanoma","MEL",-0.912625191421653,FALSE,"HMGCR"
"ACH-000766","NCI-H1648","Lung","Non-Small Cell Lung Cancer","Lung Adenocarcinoma","LUAD",-0.983065445674059,FALSE,"HMGCR"
"ACH-000767","NCI-H526","Lung","Lung Neuroendocrine Tumor","Small Cell Lung Cancer","SCLC",-1.0011032227833,FALSE,"HMGCR"
"ACH-000768","MDA-MB-231","Breast","Invasive Breast Carcinoma","Invasive Breast Carcinoma","BRCA",-1.29442297403659,FALSE,"HMGCR"
"ACH-000769","LK-2","Lung","Non-Small Cell Lung Cancer","Lung Squamous Cell Carcinoma","LUSC",-0.929479693332994,FALSE,"HMGCR"
"ACH-000770","P31/FUJ","Myeloid","Acute Myeloid Leukemia","Acute Myeloid Leukemia","AML",-0.897554606553084,FALSE,"HMGCR"
"ACH-000771","BICR 56","Head and Neck","Head and Neck Squamous Cell Carcinoma","Oral Cavity Squamous Cell Carcinoma","OCSC",-1.06852032510248,FALSE,"HMGCR"
"ACH-000772","TE 441.T","Soft Tissue","CIC-DUX4 Sarcoma","CIC-DUX4 Sarcoma","",NA,FALSE,"HMGCR"
"ACH-000773","Ki-JK","Lymphoid","Mature T and NK Neoplasms","Anaplastic Large-Cell Lymphoma ALK Positive","ALCLALKP",-0.752609044161369,FALSE,"HMGCR"
"ACH-000774","RERF-LC-Ad2","Lung","Non-Small Cell Lung Cancer","Lung Adenocarcinoma","LUAD",-1.57257417560356,FALSE,"HMGCR"
"ACH-000775","NCI-H727","Lung","Lung Neuroendocrine Tumor","Lung Carcinoid","LUCA",-1.06197595295161,FALSE,"HMGCR"
"ACH-000776","ONS-76","CNS/Brain","Embryonal Tumor","Medulloblastoma","MBL",-0.85369216073202,TRUE,"HMGCR"
"ACH-000777","KYSE-30","Esophagus/Stomach","Esophageal Squamous Cell Carcinoma","Esophageal Squamous Cell Carcinoma","ESCC",-0.950646135328322,FALSE,"HMGCR"
"ACH-000778","HSC-3","Head and Neck","Head and Neck Squamous Cell Carcinoma","Oral Cavity Squamous Cell Carcinoma","OCSC",-1.65497446484752,FALSE,"HMGCR"
"ACH-000779","PC-9","Lung","Non-Small Cell Lung Cancer","Lung Adenocarcinoma","LUAD",NA,FALSE,"HMGCR"
"ACH-000780","NCI-H1105","Lung","Lung Neuroendocrine Tumor","Small Cell Lung Cancer","SCLC",NA,FALSE,"HMGCR"
"ACH-000781","NCI-H2023","Lung","Non-Small Cell Lung Cancer","Lung Adenocarcinoma","LUAD",-1.13686276263726,FALSE,"HMGCR"
"ACH-000782","SEM","Lymphoid","B-Lymphoblastic Leukemia/Lymphoma","B-Lymphoblastic Leukemia/Lymphoma with t(v;11q23.3);KMT2A Rearranged","BLLKMT2A",-0.715526809303893,FALSE,"HMGCR"
"ACH-000783","CAMA-1","Breast","Invasive Breast Carcinoma","Breast Invasive Lobular Carcinoma","ILC",-0.884288393052646,FALSE,"HMGCR"
"ACH-000784","KYSE-70","Esophagus/Stomach","Esophageal Squamous Cell Carcinoma","Esophageal Squamous Cell Carcinoma","ESCC",-0.83333368056549,FALSE,"HMGCR"
"ACH-000785","NCI-H2126","Lung","Non-Small Cell Lung Cancer","Lung Adenocarcinoma","LUAD",-1.34388120607603,FALSE,"HMGCR"
"ACH-000786","Daudi","Lymphoid","Mature B-Cell Neoplasms","Burkitt Lymphoma","BL",NA,FALSE,"HMGCR"
"ACH-000787","LXF-289","Lung","Non-Small Cell Lung Cancer","Lung Adenocarcinoma","LUAD",-1.13494107595812,FALSE,"HMGCR"
"ACH-000788","A2058","Skin","Melanoma","Melanoma","MEL",-1.22605328563749,FALSE,"HMGCR"
"ACH-000789","NCI-H810","Lung","Non-Small Cell Lung Cancer","Large Cell Lung Carcinoma","LCLC",NA,FALSE,"HMGCR"
"ACH-000790","SHP-77","Lung","Lung Neuroendocrine Tumor","Small Cell Lung Cancer","SCLC",-0.568274724752674,FALSE,"HMGCR"
"ACH-000791","RERF-LC-Ad1","Lung","Non-Small Cell Lung Cancer","Lung Adenocarcinoma","LUAD",-1.1632850770193,FALSE,"HMGCR"
"ACH-000792","BFTC-909","Kidney","Renal Cell Carcinoma","Renal Cell Carcinoma","RCC",-1.38031952229018,FALSE,"HMGCR"
"ACH-000793","KATO III","Esophagus/Stomach","Esophagogastric Adenocarcinoma","Signet Ring Cell Carcinoma of the Stomach","SSRCC",-1.04025816743086,FALSE,"HMGCR"
"ACH-000794","BICR 22","Head and Neck","Head and Neck Squamous Cell Carcinoma","Oral Cavity Squamous Cell Carcinoma","OCSC",-1.02326839055601,FALSE,"HMGCR"
"ACH-000795","MOLT-13","Lymphoid","T-Lymphoblastic Leukemia/Lymphoma","T-Lymphoblastic Leukemia/Lymphoma","TLL",NA,FALSE,"HMGCR"
"ACH-000796","MCAS","Ovary/Fallopian Tube","Ovarian Epithelial Tumor","Mucinous Ovarian Cancer","MOV",-1.68044908377755,FALSE,"HMGCR"
"ACH-000797","HLF-a","Fibroblast","Non-Cancerous","Fibroblast, Lung","",NA,FALSE,"HMGCR"
"ACH-000798","CL-40","Bowel","Colorectal Adenocarcinoma","Colon Adenocarcinoma","COAD",-1.18586278245553,FALSE,"HMGCR"
"ACH-000799","Hs 695T","Skin","Melanoma","Melanoma","MEL",-1.28543198443354,FALSE,"HMGCR"
"ACH-000800","NCI-H446","Lung","Lung Neuroendocrine Tumor","Small Cell Lung Cancer","SCLC",-0.988980733730352,FALSE,"HMGCR"
"ACH-000801","Hs 936.T","Skin","Melanoma","Melanoma","MEL",-1.29894632452968,FALSE,"HMGCR"
"ACH-000802","BFTC-905","Bladder/Urinary Tract","Bladder Urothelial Carcinoma","Bladder Urothelial Carcinoma","BLCA",-0.979676636215302,FALSE,"HMGCR"
"ACH-000803","COLO 668","Lung","Lung Neuroendocrine Tumor","Small Cell Lung Cancer","SCLC",NA,FALSE,"HMGCR"
"ACH-000804","NB-1","Peripheral Nervous System","Neuroblastoma","Neuroblastoma","NBL",-0.898134145631898,FALSE,"HMGCR"
"ACH-000805","COLO-679","Skin","Melanoma","Cutaneous Melanoma","SKCM",-0.906617223830437,FALSE,"HMGCR"
"ACH-000806","L-540","Lymphoid","Hodgkin Lymphoma","Hodgkin Lymphoma","HL",NA,FALSE,"HMGCR"
"ACH-000807","SNU-738","CNS/Brain","Diffuse Glioma","Oligodendroglioma","ODG",-1.0537973396455,FALSE,"HMGCR"
"ACH-000808","HuH28","Biliary Tract","Intraductal Papillary Neoplasm of the Bile Duct","Intrahepatic Cholangiocarcinoma","IHCH",NA,FALSE,"HMGCR"
"ACH-000809","KYSE-410","Esophagus/Stomach","Esophageal Squamous Cell Carcinoma","Esophageal Squamous Cell Carcinoma","ESCC",-1.00065341738359,FALSE,"HMGCR"
"ACH-000810","SK-MEL-30","Skin","Melanoma","Cutaneous Melanoma","SKCM",-0.620035292243572,FALSE,"HMGCR"
"ACH-000811","SK-OV-3","Ovary/Fallopian Tube","Ovarian Epithelial Tumor","Serous Ovarian Cancer","SOC",-1.26309832012609,FALSE,"HMGCR"
"ACH-000812","COLO-783","Skin","Melanoma","Melanoma","MEL",NA,FALSE,"HMGCR"
"ACH-000813","T3M-10","Lung","Non-Small Cell Lung Cancer","Large Cell Lung Carcinoma","LCLC",NA,FALSE,"HMGCR"
"ACH-000814","Hs 939.T","Skin","Melanoma","Melanoma","MEL",NA,FALSE,"HMGCR"
"ACH-000815","KM-H2","Lymphoid","Hodgkin Lymphoma","Hodgkin Lymphoma","HL",NA,FALSE,"HMGCR"
"ACH-000816","NCI-H524","Lung","Lung Neuroendocrine Tumor","Small Cell Lung Cancer","SCLC",NA,FALSE,"HMGCR"
"ACH-000817","RPMI 8226","Lymphoid","Mature B-Cell Neoplasms","Plasma Cell Myeloma","PCM",-0.818398807903556,FALSE,"HMGCR"
"ACH-000818","BT-483","Breast","Invasive Breast Carcinoma","Breast Invasive Ductal Carcinoma","IDC",NA,FALSE,"HMGCR"
"ACH-000819","LN-18","CNS/Brain","Diffuse Glioma","Glioblastoma","GB",-1.25482575905019,FALSE,"HMGCR"
"ACH-000820","SW403","Bowel","Colorectal Adenocarcinoma","Colon Adenocarcinoma","COAD",-0.92809669786769,FALSE,"HMGCR"
"ACH-000821","EJM","Lymphoid","Mature B-Cell Neoplasms","Plasma Cell Myeloma","PCM",-1.04377523719012,FALSE,"HMGCR"
"ACH-000822","SK-MEL-24","Skin","Melanoma","Melanoma","MEL",-1.45288131392168,FALSE,"HMGCR"
"ACH-000823","KYSE-140","Esophagus/Stomach","Esophageal Squamous Cell Carcinoma","Esophageal Squamous Cell Carcinoma","ESCC",-0.796234690912876,FALSE,"HMGCR"
"ACH-000824","KYSE-510","Esophagus/Stomach","Esophageal Squamous Cell Carcinoma","Esophageal Squamous Cell Carcinoma","ESCC",-0.398809092682146,FALSE,"HMGCR"
"ACH-000825","HOP-92","Lung","Non-Small Cell Lung Cancer","Non-Small Cell Lung Cancer","NSCLC",NA,FALSE,"HMGCR"
"ACH-000826","CAL-12T","Lung","Non-Small Cell Lung Cancer","Non-Small Cell Lung Cancer","NSCLC",-0.945648330320719,FALSE,"HMGCR"
"ACH-000827","WM793","Skin","Melanoma","Melanoma","MEL",-1.03058378141274,FALSE,"HMGCR"
"ACH-000828","ZR-75-30","Breast","Invasive Breast Carcinoma","Breast Invasive Lobular Carcinoma","ILC",NA,FALSE,"HMGCR"
"ACH-000829","HuNS1","Lymphoid","Mature B-Cell Neoplasms","Plasma Cell Myeloma","PCM",-0.859526216714619,FALSE,"HMGCR"
"ACH-000830","NCI-H1436","Lung","Lung Neuroendocrine Tumor","Small Cell Lung Cancer","SCLC",NA,FALSE,"HMGCR"
"ACH-000831","HEC-50B","Uterus","Endometrial Carcinoma","Endometrial Carcinoma","UCEC",-1.02769352827588,FALSE,"HMGCR"
"ACH-000832","CAL 27","Head and Neck","Head and Neck Squamous Cell Carcinoma","Oral Cavity Squamous Cell Carcinoma","OCSC",-0.974009436966813,FALSE,"HMGCR"
"ACH-000833","RH-30","Soft Tissue","Rhabdomyosarcoma","Alveolar Rhabdomyosarcoma","ARMS",-1.01538697649355,FALSE,"HMGCR"
"ACH-000834","UM-UC-1","Bladder/Urinary Tract","Bladder Urothelial Carcinoma","Bladder Urothelial Carcinoma","BLCA",-0.623863771639255,FALSE,"HMGCR"
"ACH-000835","GCT","Soft Tissue","Undifferentiated Pleomorphic Sarcoma/Malignant Fibrous Histiocytoma/High-Grade Spindle Cell Sarcoma","Undifferentiated Pleomorphic Sarcoma/Malignant Fibrous Histiocytoma/High-Grade Spindle Cell Sarcoma","MFH",-1.25443462329162,FALSE,"HMGCR"
"ACH-000836","YD-15","Head and Neck","Head and Neck Squamous Cell Carcinoma","Oral Cavity Squamous Cell Carcinoma","OCSC",-1.37225566333251,FALSE,"HMGCR"
"ACH-000837","NCI-H322","Lung","Non-Small Cell Lung Cancer","Lung Adenocarcinoma","LUAD",-1.19478546885962,FALSE,"HMGCR"
"ACH-000838","AMO-1","Lymphoid","Mature B-Cell Neoplasms","Plasma Cell Myeloma","PCM",-1.40088663634345,FALSE,"HMGCR"
"ACH-000839","SCaBER","Bladder/Urinary Tract","Bladder Squamous Cell Carcinoma","Bladder Squamous Cell Carcinoma","BLSC",-0.611471716017127,FALSE,"HMGCR"
"ACH-000840","HCC-366","Lung","Non-Small Cell Lung Cancer","Lung Adenosquamous Carcinoma","LUAS",-1.22675483569308,FALSE,"HMGCR"
"ACH-000841","NCI-H2087","Lung","Non-Small Cell Lung Cancer","Lung Adenocarcinoma","LUAD",-1.23087960458909,FALSE,"HMGCR"
"ACH-000842","SW 480","Bowel","Colorectal Adenocarcinoma","Colon Adenocarcinoma","COAD",NA,FALSE,"HMGCR"
"ACH-000843","HARA","Lung","Non-Small Cell Lung Cancer","Lung Squamous Cell Carcinoma","LUSC",-0.83672464296845,FALSE,"HMGCR"
"ACH-000844","DMS 454","Lung","Lung Neuroendocrine Tumor","Small Cell Lung Cancer","SCLC",NA,FALSE,"HMGCR"
"ACH-000845","NCI-H1373","Lung","Non-Small Cell Lung Cancer","Lung Adenocarcinoma","LUAD",-0.791819521969896,FALSE,"HMGCR"
"ACH-000846","FaDu","Head and Neck","Head and Neck Squamous Cell Carcinoma","Hypopharynx Squamous Cell Carcinoma","HPHSC",-0.85349149449181,FALSE,"HMGCR"
"ACH-000847","HGC-27","Esophagus/Stomach","Esophagogastric Adenocarcinoma","Stomach Adenocarcinoma","STAD",-0.515835334509583,FALSE,"HMGCR"
"ACH-000848","JHH-7","Liver","Hepatocellular Carcinoma","Hepatocellular Carcinoma","HCC",-1.14921265355648,FALSE,"HMGCR"
"ACH-000849","MDA-MB-468","Breast","Invasive Breast Carcinoma","Invasive Breast Carcinoma","BRCA",-0.862211097582168,FALSE,"HMGCR"
"ACH-000850","Hs 698.T","Fibroblast","Non-Cancerous","Fibroblast, Colorectal","",NA,FALSE,"HMGCR"
"ACH-000851","MOR/CPR","Lung","Non-Small Cell Lung Cancer","Lung Adenocarcinoma","LUAD",-1.1515698416952,FALSE,"HMGCR"
"ACH-000852","NCI-H1435","Lung","Non-Small Cell Lung Cancer","Lung Adenocarcinoma","LUAD",NA,FALSE,"HMGCR"
"ACH-000853","NCI-H661","Lung","Non-Small Cell Lung Cancer","Large Cell Lung Carcinoma","LCLC",-1.11539985913368,FALSE,"HMGCR"
"ACH-000854","OCI-MY5","Lymphoid","Mature B-Cell Neoplasms","Plasma Cell Myeloma","PCM",NA,FALSE,"HMGCR"
"ACH-000855","KYSE-150","Esophagus/Stomach","Esophageal Squamous Cell Carcinoma","Esophageal Squamous Cell Carcinoma","ESCC",-1.29006456552321,FALSE,"HMGCR"
"ACH-000856","CAL-51","Breast","Invasive Breast Carcinoma","Invasive Breast Carcinoma","BRCA",-1.02203060836039,FALSE,"HMGCR"
"ACH-000857","CAL-85-1","Breast","Invasive Breast Carcinoma","Breast Invasive Ductal Carcinoma","IDC",NA,FALSE,"HMGCR"
"ACH-000858","KNS-62","Lung","Non-Small Cell Lung Cancer","Lung Squamous Cell Carcinoma","LUSC",-0.828955461875707,FALSE,"HMGCR"
"ACH-000859","HCC1954","Breast","Breast Ductal Carcinoma In Situ","Breast Ductal Carcinoma In Situ","DCIS",-0.69253377211832,FALSE,"HMGCR"
"ACH-000860","NCI-H358","Lung","Non-Small Cell Lung Cancer","Lung Adenocarcinoma","LUAD",-1.09060314996973,FALSE,"HMGCR"
"ACH-000861","HOP-62","Lung","Non-Small Cell Lung Cancer","Lung Adenocarcinoma","LUAD",-1.41838811994771,FALSE,"HMGCR"
"ACH-000862","KMBC-2","Bladder/Urinary Tract","Bladder Urothelial Carcinoma","Bladder Urothelial Carcinoma","BLCA",-1.19734998361628,FALSE,"HMGCR"
"ACH-000863","DBTRG-05MG","CNS/Brain","Diffuse Glioma","Glioblastoma","GB",-1.11051317281671,FALSE,"HMGCR"
"ACH-000864","COLO 684","Uterus","Endometrial Carcinoma","Endometrial Carcinoma","UCEC",-1.17824469573584,FALSE,"HMGCR"
"ACH-000865","KYSE-450","Esophagus/Stomach","Esophageal Squamous Cell Carcinoma","Esophageal Squamous Cell Carcinoma","ESCC",-0.723741086189942,FALSE,"HMGCR"
"ACH-000866","NCI-H1048","Lung","Lung Neuroendocrine Tumor","Small Cell Lung Cancer","SCLC",-1.36353289498051,FALSE,"HMGCR"
"ACH-000867","ChaGo-K-1","Lung","Non-Small Cell Lung Cancer","Non-Small Cell Lung Cancer","NSCLC",-1.13702498884944,FALSE,"HMGCR"
"ACH-000868","HCC-1195","Lung","Non-Small Cell Lung Cancer","Lung Adenosquamous Carcinoma","LUAS",NA,FALSE,"HMGCR"
"ACH-000869","NCI-H1568","Lung","Non-Small Cell Lung Cancer","Lung Adenocarcinoma","LUAD",-1.11575582531601,FALSE,"HMGCR"
"ACH-000870","NCI-H1930","Lung","Lung Neuroendocrine Tumor","Small Cell Lung Cancer","SCLC",NA,FALSE,"HMGCR"
"ACH-000871","NCI-H510","Lung","Lung Neuroendocrine Tumor","Small Cell Lung Cancer","SCLC",-0.985274392579574,FALSE,"HMGCR"
"ACH-000872","HCC515","Lung","Non-Small Cell Lung Cancer","Lung Adenocarcinoma","LUAD",-1.08218971893255,FALSE,"HMGCR"
"ACH-000873","KYSE-270","Esophagus/Stomach","Esophageal Squamous Cell Carcinoma","Esophageal Squamous Cell Carcinoma","ESCC",-0.821082904671027,FALSE,"HMGCR"
"ACH-000874","RS4;11","Lymphoid","B-Lymphoblastic Leukemia/Lymphoma","B-Lymphoblastic Leukemia/Lymphoma with t(v;11q23.3);KMT2A Rearranged","BLLKMT2A",-1.2126884828981,FALSE,"HMGCR"
"ACH-000875","NCI-H2347","Lung","Non-Small Cell Lung Cancer","Lung Adenocarcinoma","LUAD",NA,FALSE,"HMGCR"
"ACH-000876","MDA-MB-415","Breast","Invasive Breast Carcinoma","Invasive Breast Carcinoma","BRCA",-1.31415157432972,FALSE,"HMGCR"
"ACH-000877","EB1","Lymphoid","Mature B-Cell Neoplasms","Burkitt Lymphoma","BL",NA,FALSE,"HMGCR"
"ACH-000878","HCC-15","Lung","Non-Small Cell Lung Cancer","Lung Squamous Cell Carcinoma","LUSC",-1.08163841217413,FALSE,"HMGCR"
"ACH-000879","MFE-296","Uterus","Endometrial Carcinoma","Endometrial Carcinoma","UCEC",-1.03726205033927,FALSE,"HMGCR"
"ACH-000880","AGS","Esophagus/Stomach","Esophagogastric Adenocarcinoma","Stomach Adenocarcinoma","STAD",-0.871008016654092,FALSE,"HMGCR"
"ACH-000881","MEL-JUSO","Skin","Melanoma","Cutaneous Melanoma","SKCM",-1.04739347743643,FALSE,"HMGCR"
"ACH-000882","IGR-1","Skin","Melanoma","Melanoma","MEL",-1.07021863500012,FALSE,"HMGCR"
"ACH-000883","SW 1783","CNS/Brain","Diffuse Glioma","Anaplastic Astrocytoma","AASTR",NA,FALSE,"HMGCR"
"ACH-000884","MDA-MB-435S","Skin","Melanoma","Melanoma","MEL",-1.05620101197512,FALSE,"HMGCR"
"ACH-000885","TOV-21G","Ovary/Fallopian Tube","Ovarian Epithelial Tumor","Clear Cell Ovarian Cancer","CCOV",-1.03066054154329,FALSE,"HMGCR"
"ACH-000886","NCI-H2009","Lung","Non-Small Cell Lung Cancer","Lung Adenocarcinoma","LUAD",-1.16727858530393,FALSE,"HMGCR"
"ACH-000887","SF-172","CNS/Brain","Diffuse Glioma","Glioblastoma","GB",-1.16087683103538,FALSE,"HMGCR"
"ACH-000888","NCI-H1793","Lung","Non-Small Cell Lung Cancer","Lung Adenocarcinoma","LUAD",-1.30475448895454,FALSE,"HMGCR"
"ACH-000889","KMM-1","Lymphoid","Mature B-Cell Neoplasms","Plasma Cell Myeloma","PCM",-0.882542575266064,FALSE,"HMGCR"
"ACH-000890","SW 1271","Lung","SMARCA4-deficient undifferentiated tumor","SMARCA4-deficient undifferentiated tumor","",-1.05579476085001,FALSE,"HMGCR"
"ACH-000891","HCC-1438","Lung","Non-Small Cell Lung Cancer","Large Cell Lung Carcinoma","LCLC",NA,FALSE,"HMGCR"
"ACH-000892","NCI-H1563","Lung","Non-Small Cell Lung Cancer","Lung Adenocarcinoma","LUAD",NA,FALSE,"HMGCR"
"ACH-000893","NCI-H1651","Lung","Non-Small Cell Lung Cancer","Lung Adenocarcinoma","LUAD",NA,FALSE,"HMGCR"
"ACH-000894","NCI-H1869","Lung","Non-Small Cell Lung Cancer","Lung Squamous Cell Carcinoma","LUSC",-1.59800234005051,FALSE,"HMGCR"
"ACH-000895","CL-34","Bowel","Colorectal Adenocarcinoma","Colon Adenocarcinoma","COAD",NA,FALSE,"HMGCR"
"ACH-000896","647-V","Bladder/Urinary Tract","Bladder Urothelial Carcinoma","Bladder Urothelial Carcinoma","BLCA",-1.52823357625898,FALSE,"HMGCR"
"ACH-000897","FTC-238","Thyroid","Well-Differentiated Thyroid Cancer","Follicular Thyroid Cancer","THFO",NA,FALSE,"HMGCR"
"ACH-000898","SNU-719","Esophagus/Stomach","Esophagogastric Adenocarcinoma","Tubular Stomach Adenocarcinoma","TSTAD",-1.40331933034603,FALSE,"HMGCR"
"ACH-000899","WM88","Skin","Melanoma","Melanoma","MEL",-0.823186887415076,FALSE,"HMGCR"
"ACH-000900","NCI-H23","Lung","Non-Small Cell Lung Cancer","Lung Adenocarcinoma","LUAD",-0.915999987652109,FALSE,"HMGCR"
"ACH-000901","HCC-1359","Lung","Non-Small Cell Lung Cancer","Giant Cell Carcinoma of the Lung","GCLC",-1.37978721012624,FALSE,"HMGCR"
"ACH-000902","CAL-148","Breast","Invasive Breast Carcinoma","Breast Invasive Ductal Carcinoma","IDC",NA,FALSE,"HMGCR"
"ACH-000903","FTC-133","Thyroid","Well-Differentiated Thyroid Cancer","Follicular Thyroid Cancer","THFO",-1.23633733208694,FALSE,"HMGCR"
"ACH-000904","NCI-H2106","Lung","Non-Small Cell Lung Cancer","Large Cell Lung Carcinoma","LCLC",NA,FALSE,"HMGCR"
"ACH-000905","5637","Bladder/Urinary Tract","Bladder Urothelial Carcinoma","Bladder Urothelial Carcinoma","BLCA",-1.02870632636376,FALSE,"HMGCR"
"ACH-000906","ES-2","Ovary/Fallopian Tube","Ovarian Epithelial Tumor","Clear Cell Ovarian Cancer","CCOV",-1.22670981902484,FALSE,"HMGCR"
"ACH-000907","SNU-349","Kidney","Renal Cell Carcinoma","Renal Clear Cell Carcinoma","CCRCC",-0.750289148721778,FALSE,"HMGCR"
"ACH-000908","SNU-520","Esophagus/Stomach","Esophagogastric Adenocarcinoma","Stomach Adenocarcinoma","STAD",NA,FALSE,"HMGCR"
"ACH-000909","JHUEM-2","Uterus","Endometrial Carcinoma","Endometrial Carcinoma","UCEC",NA,FALSE,"HMGCR"
"ACH-000910","MDA-MB-453","Breast","Invasive Breast Carcinoma","Invasive Breast Carcinoma","BRCA",-0.933045651963546,FALSE,"HMGCR"
"ACH-000911","NUGC-3","Esophagus/Stomach","Esophagogastric Adenocarcinoma","Stomach Adenocarcinoma","STAD",-1.12620899871535,FALSE,"HMGCR"
"ACH-000912","NCI-H2286","Lung","Lung Neuroendocrine Tumor","Small Cell Lung Cancer","SCLC",-1.15026998834938,FALSE,"HMGCR"
"ACH-000913","ESS-1","Uterus","Uterine Sarcoma/Mesenchymal","Endometrial Stromal Sarcoma","ESS",-1.02134694958135,FALSE,"HMGCR"
"ACH-000914","HT","Lymphoid","Mature B-Cell Neoplasms","Diffuse Large B-Cell Lymphoma, NOS","DLBCLNOS",-1.20938751334209,FALSE,"HMGCR"
"ACH-000915","IPC-298","Skin","Melanoma","Cutaneous Melanoma","SKCM",-0.91129984478364,FALSE,"HMGCR"
"ACH-000916","NCI-H1573","Lung","Non-Small Cell Lung Cancer","Lung Adenocarcinoma","LUAD",-1.0090066694476,FALSE,"HMGCR"
"ACH-000917","TE-4","Esophagus/Stomach","Esophageal Squamous Cell Carcinoma","Esophageal Squamous Cell Carcinoma","ESCC",-1.27550012671891,FALSE,"HMGCR"
"ACH-000918","MOLT-16","Lymphoid","T-Lymphoblastic Leukemia/Lymphoma","T-Lymphoblastic Leukemia/Lymphoma","TLL",NA,FALSE,"HMGCR"
"ACH-000919","IM95","Esophagus/Stomach","Esophagogastric Adenocarcinoma","Stomach Adenocarcinoma","STAD",-1.24461564222433,FALSE,"HMGCR"
"ACH-000920","CML-T1","Myeloid","Myeloproliferative Neoplasms","Chronic Myeloid Leukemia, BCR-ABL1+","CMLBCRABL1",-0.497025471383121,FALSE,"HMGCR"
"ACH-000921","NCI-H157-DM","Lung","Non-Small Cell Lung Cancer","Lung Squamous Cell Carcinoma","LUSC",-1.23924753609628,FALSE,"HMGCR"
"ACH-000922","RCH-ACV","Lymphoid","B-Lymphoblastic Leukemia/Lymphoma","B-Lymphoblastic Leukemia/Lymphoma with t(1;19)(q23;p13.3);TCF3-PBX1","BLLTCF3PBX1",-1.04322290759737,FALSE,"HMGCR"
"ACH-000923","BCP-1","Lymphoid","Mature B-Cell Neoplasms","Primary Effusion Lymphoma","PEL",NA,FALSE,"HMGCR"
"ACH-000924","NCI-H2172","Lung","Non-Small Cell Lung Cancer","Non-Small Cell Lung Cancer","NSCLC",-1.18659216666922,FALSE,"HMGCR"
"ACH-000925","DV-90","Lung","Non-Small Cell Lung Cancer","Lung Adenocarcinoma","LUAD",NA,FALSE,"HMGCR"
"ACH-000926","HT-55","Bowel","Colorectal Adenocarcinoma","Colon Adenocarcinoma","COAD",-0.994006092176752,FALSE,"HMGCR"
"ACH-000927","BT-474","Breast","Invasive Breast Carcinoma","Breast Invasive Ductal Carcinoma","IDC",NA,FALSE,"HMGCR"
"ACH-000928","JHUEM-1","Uterus","Endometrial Carcinoma","Endometrial Carcinoma","UCEC",-1.40540639364663,FALSE,"HMGCR"
"ACH-000929","NCI-H2110","Lung","Non-Small Cell Lung Cancer","Non-Small Cell Lung Cancer","NSCLC",-0.741700536868393,FALSE,"HMGCR"
"ACH-000930","HCC1569","Breast","Invasive Breast Carcinoma","Breast Invasive Ductal Carcinoma","IDC",NA,FALSE,"HMGCR"
"ACH-000931","HMCB","Skin","Melanoma","Melanoma","MEL",NA,FALSE,"HMGCR"
"ACH-000932","SNU-1","Esophagus/Stomach","Esophagogastric Adenocarcinoma","Stomach Adenocarcinoma","STAD",-1.76531160275077,FALSE,"HMGCR"
"ACH-000933","SNU-324","Pancreas","Pancreatic Adenocarcinoma","Pancreatic Adenocarcinoma","PAAD",NA,FALSE,"HMGCR"
"ACH-000934","MDA-MB-361","Breast","Invasive Breast Carcinoma","Invasive Breast Carcinoma","BRCA",-2.01673475465232,FALSE,"HMGCR"
"ACH-000935","MDST8","Bowel","Colorectal Adenocarcinoma","Colon Adenocarcinoma","COAD",-0.905712928418841,FALSE,"HMGCR"
"ACH-000936","EFO-27","Ovary/Fallopian Tube","Ovarian Epithelial Tumor","Mucinous Ovarian Cancer","MOV",-1.01177820383655,FALSE,"HMGCR"
"ACH-000937","PF-382","Lymphoid","T-Lymphoblastic Leukemia/Lymphoma","T-Lymphoblastic Leukemia/Lymphoma","TLL",-0.868764302492093,FALSE,"HMGCR"
"ACH-000938","NALM-6","Lymphoid","B-Lymphoblastic Leukemia/Lymphoma","B-Lymphoblastic Leukemia/Lymphoma","BLL",-1.0307885450212,FALSE,"HMGCR"
"ACH-000939","SK-UT-1","Uterus","Uterine Sarcoma/Mesenchymal","Uterine Leiomyosarcoma","ULMS",-0.877651435474965,FALSE,"HMGCR"
"ACH-000940","AN3 CA","Uterus","Endometrial Carcinoma","Endometrial Carcinoma","UCEC",NA,FALSE,"HMGCR"
"ACH-000941","HEC-1-B","Uterus","Endometrial Carcinoma","Endometrial Carcinoma","UCEC",-1.2189482889365,FALSE,"HMGCR"
"ACH-000942","HPB-ALL","Lymphoid","T-Lymphoblastic Leukemia/Lymphoma","T-Lymphoblastic Leukemia/Lymphoma","TLL",NA,FALSE,"HMGCR"
"ACH-000943","RKO","Bowel","Colorectal Adenocarcinoma","Colon Adenocarcinoma","COAD",-1.06135248632105,FALSE,"HMGCR"
"ACH-000944","NAMALWA","Lymphoid","Mature B-Cell Neoplasms","Burkitt Lymphoma","BL",-1.07628206000346,FALSE,"HMGCR"
"ACH-000945","NCI-H650","Lung","Non-Small Cell Lung Cancer","Lung Adenocarcinoma","LUAD",-1.94700214997525,FALSE,"HMGCR"
"ACH-000946","HEC-265","Uterus","Endometrial Carcinoma","Endometrial Carcinoma","UCEC",-1.13851281494265,FALSE,"HMGCR"
"ACH-000947","OVK18","Ovary/Fallopian Tube","Ovarian Epithelial Tumor","Endometrioid Ovarian Cancer","EOV",-0.993166085305627,FALSE,"HMGCR"
"ACH-000948","23132/87","Esophagus/Stomach","Esophagogastric Adenocarcinoma","Stomach Adenocarcinoma","STAD",-1.07415155123504,FALSE,"HMGCR"
"ACH-000949","TGBC11TKB","Esophagus/Stomach","Esophagogastric Adenocarcinoma","Stomach Adenocarcinoma","STAD",NA,FALSE,"HMGCR"
"ACH-000950","LoVo","Bowel","Colorectal Adenocarcinoma","Colon Adenocarcinoma","COAD",-0.978482308922763,FALSE,"HMGCR"
"ACH-000951","NCI-H2342","Lung","Non-Small Cell Lung Cancer","Lung Adenocarcinoma","LUAD",NA,FALSE,"HMGCR"
"ACH-000952","MDA PCa 2b","Prostate","Prostate Adenocarcinoma","Prostate Adenocarcinoma","PRAD",NA,FALSE,"HMGCR"
"ACH-000953","SUP-T1","Lymphoid","T-Lymphoblastic Leukemia/Lymphoma","T-Lymphoblastic Leukemia/Lymphoma","TLL",-0.908297869764446,FALSE,"HMGCR"
"ACH-000954","HEC-1-A","Uterus","Endometrial Carcinoma","Endometrial Carcinoma","UCEC",NA,FALSE,"HMGCR"
"ACH-000955","SNU-407","Bowel","Colorectal Adenocarcinoma","Colon Adenocarcinoma","COAD",NA,FALSE,"HMGCR"
"ACH-000956","22Rv1","Prostate","Prostate Adenocarcinoma","Prostate Adenocarcinoma","PRAD",-1.23737329153736,FALSE,"HMGCR"
"ACH-000957","LS 180","Bowel","Colorectal Adenocarcinoma","Colon Adenocarcinoma","COAD",-0.885797716198233,FALSE,"HMGCR"
"ACH-000958","SW48","Bowel","Colorectal Adenocarcinoma","Colon Adenocarcinoma","COAD",-0.899081406059994,FALSE,"HMGCR"
"ACH-000959","SNU-C4","Bowel","Colorectal Adenocarcinoma","Colon Adenocarcinoma","COAD",-1.03919241421239,FALSE,"HMGCR"
"ACH-000960","Reh","Lymphoid","B-Lymphoblastic Leukemia/Lymphoma","B-Lymphoblastic Leukemia/Lymphoma with t(12;21)(p13.2;q22.1); ETV6-RUNX1","BLLETV6RUNX1",-0.936417351509463,FALSE,"HMGCR"
"ACH-000961","Ishikawa (Heraklio) 02 ER-","Uterus","Endometrial Carcinoma","Endometrial Carcinoma","UCEC",-0.91779040491888,FALSE,"HMGCR"
"ACH-000962","OC 314","Ovary/Fallopian Tube","Ovarian Epithelial Tumor","Serous Ovarian Cancer","SOC",-0.875892082260063,FALSE,"HMGCR"
"ACH-000963","CCK-81","Bowel","Colorectal Adenocarcinoma","Colon Adenocarcinoma","COAD",-0.92221406319213,FALSE,"HMGCR"
"ACH-000964","MOLT-3","Lymphoid","Mature T and NK Neoplasms","Adult T-Cell Leukemia/Lymphoma","ATLL",NA,FALSE,"HMGCR"
"ACH-000965","RL95-2","Uterus","Endometrial Carcinoma","Uterine Adenosquamous Carcinoma","UASC",-1.28067217599615,FALSE,"HMGCR"
"ACH-000966","IGROV1","Ovary/Fallopian Tube","Ovarian Epithelial Tumor","Endometrioid Ovarian Cancer","EOV",-1.17054737191837,FALSE,"HMGCR"
"ACH-000967","SNU-C2A","Bowel","Colorectal Adenocarcinoma","Colon Adenocarcinoma","COAD",NA,FALSE,"HMGCR"
"ACH-000968","COLO 792","Skin","Melanoma","Melanoma","MEL",-0.931844455223845,FALSE,"HMGCR"
"ACH-000969","KM12","Bowel","Colorectal Adenocarcinoma","Colon Adenocarcinoma","COAD",-0.902663542661473,FALSE,"HMGCR"
"ACH-000970","SNU-C5","Bowel","Colorectal Adenocarcinoma","Colon Adenocarcinoma","COAD",-1.60888015148731,FALSE,"HMGCR"
"ACH-000971","HCT 116","Bowel","Colorectal Adenocarcinoma","Colon Adenocarcinoma","COAD",-1.16065624896319,FALSE,"HMGCR"
"ACH-000972","HEC-151","Uterus","Endometrial Carcinoma","Endometrial Carcinoma","UCEC",-0.863848549212816,FALSE,"HMGCR"
"ACH-000973","639-V","Bladder/Urinary Tract","Urethral Cancer","Urethral Urothelial Carcinoma","UCU",-1.27389798567871,FALSE,"HMGCR"
"ACH-000974","SNG-M","Uterus","Endometrial Carcinoma","Endometrial Carcinoma","UCEC",-1.02638015395321,FALSE,"HMGCR"
"ACH-000975","HCC2450","Lung","Non-Small Cell Lung Cancer","Lung Squamous Cell Carcinoma","LUSC",-1.17126952039627,FALSE,"HMGCR"
"ACH-000976","HuCCT1","Biliary Tract","Intraductal Papillary Neoplasm of the Bile Duct","Intrahepatic Cholangiocarcinoma","IHCH",-1.11764143009032,FALSE,"HMGCR"
"ACH-000977","LNCaP clone FGC","Prostate","Prostate Adenocarcinoma","Prostate Adenocarcinoma","PRAD",-0.846612592890878,FALSE,"HMGCR"
"ACH-000978","EN","Uterus","Endometrial Carcinoma","Endometrial Carcinoma","UCEC",-0.994546694715419,FALSE,"HMGCR"
"ACH-000979","DU 145","Prostate","Prostate Adenocarcinoma","Prostate Adenocarcinoma","PRAD",-1.23606790740555,FALSE,"HMGCR"
"ACH-000980","NCI-H1155","Lung","Non-Small Cell Lung Cancer","Large Cell Lung Carcinoma","LCLC",-1.09900499428998,FALSE,"HMGCR"
"ACH-000981","DND-41","Lymphoid","T-Lymphoblastic Leukemia/Lymphoma","T-Lymphoblastic Leukemia/Lymphoma","TLL",NA,FALSE,"HMGCR"
"ACH-000982","GP2d","Bowel","Colorectal Adenocarcinoma","Colon Adenocarcinoma","COAD",NA,FALSE,"HMGCR"
"ACH-000983","KCL-22","Myeloid","Myeloproliferative Neoplasms","Chronic Myeloid Leukemia, BCR-ABL1+","CMLBCRABL1",-1.06750895793069,FALSE,"HMGCR"
"ACH-000984","HEC-6","Uterus","Endometrial Carcinoma","Uterine Adenosquamous Carcinoma","UASC",-0.919643018580216,FALSE,"HMGCR"
"ACH-000985","LS411N","Bowel","Colorectal Adenocarcinoma","Colon Adenocarcinoma","COAD",-1.3248815637133,FALSE,"HMGCR"
"ACH-000986","HT115","Bowel","Colorectal Adenocarcinoma","Colon Adenocarcinoma","COAD",-1.28115924814257,FALSE,"HMGCR"
"ACH-000987","MeWo","Skin","Melanoma","Cutaneous Melanoma","SKCM",NA,FALSE,"HMGCR"
"ACH-000988","MFE-319","Uterus","Endometrial Carcinoma","Uterine Adenosquamous Carcinoma","UASC",-1.27597076219924,FALSE,"HMGCR"
"ACH-000989","SNU-175","Bowel","Colorectal Adenocarcinoma","Mucinous Adenocarcinoma of the Colon and Rectum","MACR",NA,FALSE,"HMGCR"
"ACH-000990","HEC-108","Uterus","Endometrial Carcinoma","Endometrial Carcinoma","UCEC",NA,FALSE,"HMGCR"
"ACH-000991","SNU-81","Bowel","Colorectal Adenocarcinoma","Colon Adenocarcinoma","COAD",-1.03927956696682,FALSE,"HMGCR"
"ACH-000992","BICR 18","Head and Neck","Head and Neck Squamous Cell Carcinoma","Larynx Squamous Cell Carcinoma","LXSC",NA,FALSE,"HMGCR"
"ACH-000993","JHUEM-7","Uterus","Endometrial Carcinoma","Endometrial Carcinoma","UCEC",-0.699573650859713,FALSE,"HMGCR"
"ACH-000994","HEC-59","Uterus","Endometrial Carcinoma","Endometrial Carcinoma","UCEC",-1.821688052898,FALSE,"HMGCR"
"ACH-000995","JURKAT","Lymphoid","T-Lymphoblastic Leukemia/Lymphoma","T-Lymphoblastic Leukemia/Lymphoma","TLL",-1.17283037572913,FALSE,"HMGCR"
"ACH-000996","HEC-251","Uterus","Endometrial Carcinoma","Endometrial Carcinoma","UCEC",-1.02829190301028,FALSE,"HMGCR"
"ACH-000997","HCT-15","Bowel","Colorectal Adenocarcinoma","Colon Adenocarcinoma","COAD",-1.36278314460102,FALSE,"HMGCR"
"ACH-000998","CW-2","Bowel","Colorectal Adenocarcinoma","Colon Adenocarcinoma","COAD",NA,FALSE,"HMGCR"
"ACH-000999","SNU-1040","Bowel","Colorectal Adenocarcinoma","Colon Adenocarcinoma","COAD",NA,FALSE,"HMGCR"
"ACH-001000","1321N1","CNS/Brain","Diffuse Glioma","Astrocytoma","ASTR",NA,FALSE,"HMGCR"
"ACH-001001","143B","Bone","Osteosarcoma","Osteosarcoma","OS",-1.13009850190134,FALSE,"HMGCR"
"ACH-001002","451Lu","Skin","Melanoma","Cutaneous Melanoma","SKCM",NA,FALSE,"HMGCR"
"ACH-001007","A673STAG2KO16","Bone","Ewing Sarcoma","Ewing Sarcoma","ES",NA,FALSE,"HMGCR"
"ACH-001008","A673STAG2KO45","Bone","Ewing Sarcoma","Ewing Sarcoma","ES",NA,FALSE,"HMGCR"
"ACH-001009","A673STAG2NT14","Bone","Ewing Sarcoma","Ewing Sarcoma","ES",NA,FALSE,"HMGCR"
"ACH-001010","A673STAG2NT23","Bone","Ewing Sarcoma","Ewing Sarcoma","ES",NA,FALSE,"HMGCR"
"ACH-001015","AZ521","Bowel","Small Bowel Cancer","Duodenal Adenocarcinoma","DA",NA,FALSE,"HMGCR"
"ACH-001016","Becker","CNS/Brain","Diffuse Glioma","Astrocytoma","ASTR",-1.24209527125264,FALSE,"HMGCR"
"ACH-001017","BGC823","Cervix","Cervical Adenocarcinoma","Endocervical Adenocarcinoma","ECAD",NA,FALSE,"HMGCR"
"ACH-001018","BJ hTERT","Fibroblast","Non-Cancerous","Fibroblast, NOS","",NA,FALSE,"HMGCR"
"ACH-001019","BroLi","Skin","Merkel Cell Carcinoma","Merkel Cell Carcinoma","MCC",NA,FALSE,"HMGCR"
"ACH-001020","BT-16","CNS/Brain","Embryonal Tumor","Atypical Teratoid/Rhabdoid Tumor","ATRT",-0.70479652492089,FALSE,"HMGCR"
"ACH-001021","C3A","Liver","Hepatoblastoma","Hepatoblastoma","LIHB",NA,FALSE,"HMGCR"
"ACH-001022","CB-AGPN","Bone","Ewing Sarcoma","Ewing Sarcoma","ES",NA,FALSE,"HMGCR"
"ACH-001023","CGTH-W-1","Head and Neck","Head and Neck Squamous Cell Carcinoma","Head and Neck Squamous Cell Carcinoma","HNSC",NA,FALSE,"HMGCR"
"ACH-001024","CHL-1","Skin","Melanoma","Melanoma","MEL",NA,FALSE,"HMGCR"
"ACH-001028","CHLA-06","CNS/Brain","Embryonal Tumor","Atypical Teratoid/Rhabdoid Tumor","ATRT",-1.21323307926436,FALSE,"HMGCR"
"ACH-001029","CHLA-10","Bone","Ewing Sarcoma","Ewing Sarcoma","ES",-0.530362984104371,FALSE,"HMGCR"
"ACH-001030","CHLA-218","Bone","Ewing Sarcoma","Ewing Sarcoma","ES",NA,FALSE,"HMGCR"
"ACH-001031","CHLA-266","CNS/Brain","Embryonal Tumor","Atypical Teratoid/Rhabdoid Tumor","ATRT",-1.26736686020023,FALSE,"HMGCR"
"ACH-001032","CHLA-32","Bone","Ewing Sarcoma","Ewing Sarcoma","ES",NA,FALSE,"HMGCR"
"ACH-001033","CHLA-57","CNS/Brain","Embryonal Tumor","Primitive Neuroectodermal Tumor","PNET",-1.39106616339265,FALSE,"HMGCR"
"ACH-001034","CHLA-9","Bone","Ewing Sarcoma","Ewing Sarcoma","ES",NA,FALSE,"HMGCR"
"ACH-001035","CHLA-99","Bone","Ewing Sarcoma","Ewing Sarcoma","ES",NA,FALSE,"HMGCR"
"ACH-001036","CMK-11-5","Myeloid","Acute Myeloid Leukemia","Myeloid Leukemia Associated with Down Syndrome","MLADS",-0.927587064060475,FALSE,"HMGCR"
"ACH-001037","CMK-86","Myeloid","Acute Myeloid Leukemia","Myeloid Leukemia Associated with Down Syndrome","MLADS",NA,FALSE,"HMGCR"
"ACH-001038","COG-E-352","Bone","Ewing Sarcoma","Ewing Sarcoma","ES",-1.11014528212626,FALSE,"HMGCR"
"ACH-001039","COLO 205","Bowel","Colorectal Adenocarcinoma","Colon Adenocarcinoma","COAD",-0.77969676724984,FALSE,"HMGCR"
"ACH-001041","CHL-1-DM","Skin","Melanoma","Melanoma","MEL",-1.19074460526354,FALSE,"HMGCR"
"ACH-001042","COLO-704","Uterus","Endometrial Carcinoma","Endometrial Carcinoma","UCEC",NA,FALSE,"HMGCR"
"ACH-001043","COLO 775","Lymphoid","Mature B-Cell Neoplasms","Plasma Cell Myeloma","PCM",NA,FALSE,"HMGCR"
"ACH-001044","COLO 818","Skin","Melanoma","Cutaneous Melanoma","SKCM",NA,FALSE,"HMGCR"
"ACH-001045","COLO 849","Skin","Melanoma","Cutaneous Melanoma","SKCM",NA,FALSE,"HMGCR"
"ACH-001046","COR-L26","Lung","Lung Neuroendocrine Tumor","Small Cell Lung Cancer","SCLC",NA,FALSE,"HMGCR"
"ACH-001047","COR-L51","Lung","Lung Neuroendocrine Tumor","Small Cell Lung Cancer","SCLC",NA,FALSE,"HMGCR"
"ACH-001048","COV504","Ovary/Fallopian Tube","Ovarian Epithelial Tumor","Serous Ovarian Cancer","SOC",-1.05895560259047,FALSE,"HMGCR"
"ACH-001049","CPC-N","Lung","Lung Neuroendocrine Tumor","Small Cell Lung Cancer","SCLC",NA,FALSE,"HMGCR"
"ACH-001050","CW9019","Soft Tissue","Rhabdomyosarcoma","Alveolar Rhabdomyosarcoma","ARMS",-1.07151400738429,FALSE,"HMGCR"
"ACH-001052","D384","CNS/Brain","Embryonal Tumor","Medulloblastoma","MBL",NA,TRUE,"HMGCR"
"ACH-001053","D425","CNS/Brain","Embryonal Tumor","Medulloblastoma","MBL",-1.46043128035782,TRUE,"HMGCR"
"ACH-001054","D458","CNS/Brain","Embryonal Tumor","Medulloblastoma","MBL",-0.855709885704038,TRUE,"HMGCR"
"ACH-001055","D556","CNS/Brain","Embryonal Tumor","Medulloblastoma","MBL",NA,TRUE,"HMGCR"
"ACH-001057","DERL-2","Lymphoid","Mature T and NK Neoplasms","Hepatosplenic T-cell Lymphoma","HSTCL",NA,FALSE,"HMGCR"
"ACH-001059","DL","Soft Tissue","Rhabdoid Cancer","Extrarenal Rhabdoid Cancer","",NA,FALSE,"HMGCR"
"ACH-001060","DL-40","Lymphoid","Mature T and NK Neoplasms","Anaplastic Large-Cell Lymphoma ALK Negative","ALCLALKN",NA,FALSE,"HMGCR"
"ACH-001061","DLD-1","Bowel","Colorectal Adenocarcinoma","Colon Adenocarcinoma","COAD",-0.941427190494633,FALSE,"HMGCR"
"ACH-001063","DOV13","Ovary/Fallopian Tube","Ovarian Epithelial Tumor","Serous Ovarian Cancer","SOC",NA,FALSE,"HMGCR"
"ACH-001064","EB-2","Lymphoid","Mature B-Cell Neoplasms","Burkitt Lymphoma","BL",NA,FALSE,"HMGCR"
"ACH-001065","Evsa-T","Breast","Invasive Breast Carcinoma","Breast Invasive Lobular Carcinoma","ILC",-0.768098973268234,FALSE,"HMGCR"
"ACH-001066","EWS-834","Bone","Ewing Sarcoma","Ewing Sarcoma","ES",NA,FALSE,"HMGCR"
"ACH-001067","F5","CNS/Brain","Meningothelial Tumor","Meningioma","MNG",-0.913456879805168,FALSE,"HMGCR"
"ACH-001068","FE-PD","Lymphoid","Mature T and NK Neoplasms","Anaplastic Large-Cell Lymphoma ALK Negative","ALCLALKN",NA,FALSE,"HMGCR"
"ACH-001071","GLC-82","Cervix","Cervical Adenocarcinoma","Endocervical Adenocarcinoma","ECAD",NA,FALSE,"HMGCR"
"ACH-001072","GR-M","Pancreas","Pancreatic Adenocarcinoma","Pancreatic Adenocarcinoma","PAAD",NA,FALSE,"HMGCR"
"ACH-001075","NCI-H292","Lung","Non-Small Cell Lung Cancer","Mucoepidermoid Carcinoma of the Lung","LUMEC",-1.2110019390781,FALSE,"HMGCR"
"ACH-001079","HCC1897","Lung","Non-Small Cell Lung Cancer","Lung Squamous Cell Carcinoma","LUSC",NA,FALSE,"HMGCR"
"ACH-001081","HCC2998","Bowel","Colorectal Adenocarcinoma","Colon Adenocarcinoma","COAD",-1.11320571076669,FALSE,"HMGCR"
"ACH-001084","HCT-8","Bowel","Colorectal Adenocarcinoma","Colon Adenocarcinoma","COAD",NA,FALSE,"HMGCR"
"ACH-001086","HeLa","Cervix","Cervical Adenocarcinoma","Endocervical Adenocarcinoma","ECAD",NA,FALSE,"HMGCR"
"ACH-001087","HK-2","Kidney","Non-Cancerous","Immortalized Embyonic Kidney Cells","",NA,FALSE,"HMGCR"
"ACH-001088","HLC-1","Lung","Non-Small Cell Lung Cancer","Lung Adenocarcinoma","LUAD",NA,FALSE,"HMGCR"
"ACH-001089","HLE","Liver","Hepatocellular Carcinoma","Hepatocellular Carcinoma","HCC",NA,FALSE,"HMGCR"
"ACH-001090","HN","Head and Neck","Head and Neck Squamous Cell Carcinoma","Oral Cavity Squamous Cell Carcinoma","OCSC",NA,FALSE,"HMGCR"
"ACH-001091","HRT18","Bowel","Colorectal Adenocarcinoma","Colon Adenocarcinoma","COAD",NA,FALSE,"HMGCR"
"ACH-001093","Hs 604.T","Fibroblast","Non-Cancerous","Fibroblast","",NA,FALSE,"HMGCR"
"ACH-001094","HTK-","Bone","Osteosarcoma","Osteosarcoma","OS",NA,FALSE,"HMGCR"
"ACH-001096","JR","Soft Tissue","Rhabdomyosarcoma","Alveolar Rhabdomyosarcoma","ARMS",-0.837022003257666,FALSE,"HMGCR"
"ACH-001097","KARPAS-384","Lymphoid","Mature T and NK Neoplasms","Adult T-Cell Leukemia/Lymphoma","ATLL",NA,FALSE,"HMGCR"
"ACH-001098","KCI-MOH1","Pancreas","Pancreatic Adenocarcinoma","Pancreatic Adenocarcinoma","PAAD",-1.08670210803084,FALSE,"HMGCR"
"ACH-001099","KD","Soft Tissue","Rhabdoid Cancer","Extrarenal Rhabdoid Cancer","",-0.800429115905368,FALSE,"HMGCR"
"ACH-001100","KHYG-1","Lymphoid","T-Lymphoblastic Leukemia/Lymphoma","Natural Killer (NK) Cell Lymphoblastic Leukemia/Lymphoma (NKCLL)","NKCLL",NA,FALSE,"HMGCR"
"ACH-001101","KLM-1","Pancreas","Pancreatic Adenocarcinoma","Pancreatic Adenocarcinoma","PAAD",NA,FALSE,"HMGCR"
"ACH-001106","KOPN-8","Lymphoid","B-Lymphoblastic Leukemia/Lymphoma","B-Lymphoblastic Leukemia/Lymphoma with t(v;11q23.3);KMT2A Rearranged","BLLKMT2A",NA,FALSE,"HMGCR"
"ACH-001107","KP-1N","Pancreas","Pancreatic Adenocarcinoma","Pancreatic Adenocarcinoma","PAAD",-1.21986542465405,FALSE,"HMGCR"
"ACH-001109","KP-MRT-RY","Kidney","Rhabdoid Cancer","Rhabdoid Cancer","MRT",NA,FALSE,"HMGCR"
"ACH-001111","L82","Lymphoid","Mature T and NK Neoplasms","Anaplastic Large-Cell Lymphoma ALK Positive","ALCLALKP",-0.902682700728365,FALSE,"HMGCR"
"ACH-001113","LC-1/sq-SF","Lung","Non-Small Cell Lung Cancer","Lung Squamous Cell Carcinoma","LUSC",NA,FALSE,"HMGCR"
"ACH-001118","M059J","CNS/Brain","Diffuse Glioma","Glioblastoma","GB",NA,FALSE,"HMGCR"
"ACH-001119","Mac-2A","Lymphoid","Mature T and NK Neoplasms","Anaplastic Large-Cell Lymphoma ALK Negative","ALCLALKN",-0.82887572218867,FALSE,"HMGCR"
"ACH-001121","MEC2","Lymphoid","Mature B-Cell Neoplasms","Chronic Lymphocytic Leukemia/Small Lymphocytic Lymphoma","CLLSLL",NA,FALSE,"HMGCR"
"ACH-001122","MKL-1","Skin","Merkel Cell Carcinoma","Merkel Cell Carcinoma","MCC",NA,FALSE,"HMGCR"
"ACH-001123","MKL-2","Skin","Merkel Cell Carcinoma","Merkel Cell Carcinoma","MCC",NA,FALSE,"HMGCR"
"ACH-001125","MOG-G-CCM","CNS/Brain","Diffuse Glioma","Anaplastic Astrocytoma","AASTR",NA,FALSE,"HMGCR"
"ACH-001126","MOG-G-UVW","CNS/Brain","Diffuse Glioma","Anaplastic Astrocytoma","AASTR",-1.06301130921597,FALSE,"HMGCR"
"ACH-001127","MOLT-4","Lymphoid","T-Lymphoblastic Leukemia/Lymphoma","T-Lymphoblastic Leukemia/Lymphoma","TLL",NA,FALSE,"HMGCR"
"ACH-001128","MON","Soft Tissue","Rhabdoid Cancer","Extrarenal Rhabdoid Cancer","",-0.575550478166998,FALSE,"HMGCR"
"ACH-001129","MONO-MAC-1","Myeloid","Acute Myeloid Leukemia","Acute Monoblastic/Monocytic Leukemia","AMOL",-0.879792302422219,FALSE,"HMGCR"
"ACH-001130","MOTN-1","Lymphoid","Mature T and NK Neoplasms","T-Cell Large Granular Lymphocytic Leukemia","TLGL",NA,FALSE,"HMGCR"
"ACH-001131","MS-1","Skin","Merkel Cell Carcinoma","Merkel Cell Carcinoma","MCC",NA,FALSE,"HMGCR"
"ACH-001132","MTA","Lymphoid","T-Lymphoblastic Leukemia/Lymphoma","Natural Killer (NK) Cell Lymphoblastic Leukemia/Lymphoma (NKCLL)","NKCLL",NA,FALSE,"HMGCR"
"ACH-001134","MYLA","Lymphoid","T-Lymphoblastic Leukemia/Lymphoma","T-Lymphoblastic Leukemia/Lymphoma","TLL",-1.38821334682163,FALSE,"HMGCR"
"ACH-001136","NCI-H187","Lung","Lung Neuroendocrine Tumor","Small Cell Lung Cancer","SCLC",NA,FALSE,"HMGCR"
"ACH-001137","NCI-H1993","Lung","Non-Small Cell Lung Cancer","Lung Adenocarcinoma","LUAD",-1.38558258730584,FALSE,"HMGCR"
"ACH-001138","NCI-H2141","Lung","Lung Neuroendocrine Tumor","Small Cell Lung Cancer","SCLC",NA,FALSE,"HMGCR"
"ACH-001142","NHAHTDD","CNS/Brain","Non-Cancerous","Immortalized Epithelial Cells, CNS","",NA,FALSE,"HMGCR"
"ACH-001143","NKL","Lymphoid","T-Lymphoblastic Leukemia/Lymphoma","Natural Killer (NK) Cell Lymphoblastic Leukemia/Lymphoma (NKCLL)","NKCLL",NA,FALSE,"HMGCR"
"ACH-001144","OC315","Ovary/Fallopian Tube","Ovarian Epithelial Tumor","Serous Ovarian Cancer","SOC",NA,FALSE,"HMGCR"
"ACH-001145","OC 316","Ovary/Fallopian Tube","Ovarian Epithelial Tumor","Serous Ovarian Cancer","SOC",-1.18153185699439,FALSE,"HMGCR"
"ACH-001146","OCI-Ly10","Lymphoid","Mature B-Cell Neoplasms","Activated B-cell Type","ABC",NA,FALSE,"HMGCR"
"ACH-001147","OCI-Ly12","Lymphoid","Mature T and NK Neoplasms","Follicular T-Cell Lymphoma","FTCL",NA,FALSE,"HMGCR"
"ACH-001148","OCILY-132","Lymphoid","Mature B-Cell Neoplasms","Diffuse Large B-Cell Lymphoma, NOS","DLBCLNOS",NA,FALSE,"HMGCR"
"ACH-001150","OUMS-27","Bone","Chondrosarcoma","Chondrosarcoma","CHS",NA,FALSE,"HMGCR"
"ACH-001151","OVCAR-5","Ovary/Fallopian Tube","Ovarian Epithelial Tumor","High-Grade Serous Ovarian Cancer","HGSOC",-1.42078696286076,FALSE,"HMGCR"
"ACH-001162","PCM6","Lymphoid","Mature B-Cell Neoplasms","Plasma Cell Myeloma","PCM",NA,FALSE,"HMGCR"
"ACH-001163","CCLF_PEDS_0001_T","Kidney","Renal Cell Carcinoma","Renal Medullary Carcinoma","MRC",-1.1900575216664,FALSE,"HMGCR"
"ACH-001164","CCLF_PEDS_0003_T","Soft Tissue","Undifferentiated Pleomorphic Sarcoma/Malignant Fibrous Histiocytoma/High-Grade Spindle Cell Sarcoma","Undifferentiated Pleomorphic Sarcoma/Malignant Fibrous Histiocytoma/High-Grade Spindle Cell Sarcoma","MFH",-1.04552262771583,FALSE,"HMGCR"
"ACH-001170","PeTa","Skin","Merkel Cell Carcinoma","Merkel Cell Carcinoma","MCC",NA,FALSE,"HMGCR"
"ACH-001171","PL45","Pancreas","Pancreatic Adenocarcinoma","Pancreatic Adenocarcinoma","PAAD",NA,FALSE,"HMGCR"
"ACH-001172","U-251 MG DM","CNS/Brain","Diffuse Glioma","Astrocytoma","ASTR",-1.07229408978497,FALSE,"HMGCR"
"ACH-001175","RCC-4","Kidney","Renal Cell Carcinoma","Renal Clear Cell Carcinoma","CCRCC",NA,FALSE,"HMGCR"
"ACH-001182","RPMI 6666","Lymphoid","B-Lymphoblastic Leukemia/Lymphoma","B-Lymphoblastic Leukemia/Lymphoma","BLL",NA,FALSE,"HMGCR"
"ACH-001183","RT112/84","Bladder/Urinary Tract","Bladder Urothelial Carcinoma","Bladder Urothelial Carcinoma","BLCA",-0.551065955267898,FALSE,"HMGCR"
"ACH-001184","SCMC-RM2","Soft Tissue","Rhabdomyosarcoma","Alveolar Rhabdomyosarcoma","ARMS",-1.10335473649913,FALSE,"HMGCR"
"ACH-001188","SH-SY5Y","Peripheral Nervous System","Neuroblastoma","Neuroblastoma","NBL",-1.05846192166852,FALSE,"HMGCR"
"ACH-001189","SJRH-30","Soft Tissue","Rhabdomyosarcoma","Alveolar Rhabdomyosarcoma","ARMS",NA,FALSE,"HMGCR"
"ACH-001190","SK-MEL-2","Skin","Melanoma","Melanoma","MEL",-1.0948561066213,FALSE,"HMGCR"
"ACH-001192","SK-NEP-1","Bone","Ewing Sarcoma","Ewing Sarcoma","ES",-0.79604703025485,FALSE,"HMGCR"
"ACH-001193","SK-PN-DW","Bone","Ewing Sarcoma","Ewing Sarcoma","ES",-0.561196719223448,FALSE,"HMGCR"
"ACH-001194","SK-RC-31","Kidney","Renal Cell Carcinoma","Renal Cell Carcinoma","RCC",-0.942642960684397,FALSE,"HMGCR"
"ACH-001196","SMS-CTR","Soft Tissue","Rhabdomyosarcoma","Embryonal Rhabdomyosarcoma","ERMS",-0.833701937755834,FALSE,"HMGCR"
"ACH-001197","SMZ-1","Lymphoid","Non-Hodgkin Lymphoma","Mature T and NK Neoplasms","MTNN",-1.0918000387026,FALSE,"HMGCR"
"ACH-001198","SNB19","CNS/Brain","Diffuse Glioma","Astrocytoma","ASTR",NA,FALSE,"HMGCR"
"ACH-001199","SNUC2B","Bowel","Colorectal Adenocarcinoma","Colon Adenocarcinoma","COAD",NA,FALSE,"HMGCR"
"ACH-001200","STM91-01","Kidney","Rhabdoid Cancer","Rhabdoid Cancer","MRT",NA,FALSE,"HMGCR"
"ACH-001201","SU-MB-002","CNS/Brain","Embryonal Tumor","Medulloblastoma","MBL",NA,TRUE,"HMGCR"
"ACH-001203","SUP-HD1","Lymphoid","Hodgkin Lymphoma","Hodgkin Lymphoma","HL",NA,FALSE,"HMGCR"
"ACH-001205","TC-32","Bone","Ewing Sarcoma","Ewing Sarcoma","ES",-1.00443533734576,FALSE,"HMGCR"
"ACH-001206","TTC-466","Bone","Ewing Sarcoma","Ewing Sarcoma","ES",NA,FALSE,"HMGCR"
"ACH-001207","TIG-3 TD","Fibroblast","Non-Cancerous","Fibroblast, Lung","",NA,FALSE,"HMGCR"
"ACH-001208","TK-10","Kidney","Renal Cell Carcinoma","Renal Clear Cell Carcinoma","CCRCC",NA,FALSE,"HMGCR"
"ACH-001209","TOM-1","Lymphoid","B-Lymphoblastic Leukemia/Lymphoma","B-Lymphoblastic Leukemia/Lymphoma with t(9;22)(q34.1;q11.2);BCR-ABL1","BLLBCRABL1",NA,FALSE,"HMGCR"
"ACH-001210","TTC-1240","Kidney","Rhabdoid Cancer","Rhabdoid Cancer","MRT",NA,FALSE,"HMGCR"
"ACH-001211","TTC-549","Soft Tissue","Rhabdoid Cancer","Extrarenal Rhabdoid Cancer","",-1.37973178236993,FALSE,"HMGCR"
"ACH-001212","TTC-642","Soft Tissue","Rhabdoid Cancer","Extrarenal Rhabdoid Cancer","",NA,FALSE,"HMGCR"
"ACH-001214","U-138 MG","CNS/Brain","Diffuse Glioma","Glioblastoma","GB",NA,FALSE,"HMGCR"
"ACH-001224","UM-RC-2","Kidney","Renal Cell Carcinoma","Renal Clear Cell Carcinoma","CCRCC",NA,FALSE,"HMGCR"
"ACH-001225","UM-RC-6","Kidney","Renal Cell Carcinoma","Renal Cell Carcinoma","RCC",NA,FALSE,"HMGCR"
"ACH-001227","UPCI-SCC-090","Head and Neck","Head and Neck Squamous Cell Carcinoma","Oral Cavity Squamous Cell Carcinoma","OCSC",-0.230266999309382,FALSE,"HMGCR"
"ACH-001228","UPCI-SCC-152","Head and Neck","Head and Neck Squamous Cell Carcinoma","Oral Cavity Squamous Cell Carcinoma","OCSC",-0.696847686730019,FALSE,"HMGCR"
"ACH-001229","UPCI-SCC-154","Head and Neck","Head and Neck Squamous Cell Carcinoma","Oral Cavity Squamous Cell Carcinoma","OCSC",-0.708774489672242,FALSE,"HMGCR"
"ACH-001230","UT-7","Myeloid","Acute Myeloid Leukemia","Acute Megakaryoblastic Leukemia","AMKL",NA,FALSE,"HMGCR"
"ACH-001232","UW228","CNS/Brain","Embryonal Tumor","Medulloblastoma","MBL",-1.15239527449093,TRUE,"HMGCR"
"ACH-001233","VMRC-LCD","Lung","Non-Small Cell Lung Cancer","Lung Adenocarcinoma","LUAD",-0.438311241244791,FALSE,"HMGCR"
"ACH-001234","VMRC-LCP","Lung","Non-Small Cell Lung Cancer","Lung Squamous Cell Carcinoma","LUSC",NA,FALSE,"HMGCR"
"ACH-001239","WM-266-4","Skin","Melanoma","Melanoma","MEL",-1.02019721375222,FALSE,"HMGCR"
"ACH-001249","YMB-1","Breast","Invasive Breast Carcinoma","Breast Invasive Ductal Carcinoma","IDC",NA,FALSE,"HMGCR"
"ACH-001270","1273/99","Soft Tissue","Synovial Sarcoma","Synovial Sarcoma","SYNS",-0.928777554185008,FALSE,"HMGCR"
"ACH-001272","Fuji","Soft Tissue","Synovial Sarcoma","Synovial Sarcoma","SYNS",NA,FALSE,"HMGCR"
"ACH-001274","SW982","Soft Tissue","Synovial Sarcoma","Synovial Sarcoma","SYNS",-0.949479364554378,FALSE,"HMGCR"
"ACH-001275","OSA 1777","Bone","Osteosarcoma","Osteosarcoma","OS",-0.748322957116199,FALSE,"HMGCR"
"ACH-001277","Yamato","Soft Tissue","Synovial Sarcoma","Synovial Sarcoma","SYNS",-0.745748475794244,FALSE,"HMGCR"
"ACH-001278","BIN-67","Ovary/Fallopian Tube","Ovarian Epithelial Tumor","Small Cell Carcinoma of the Ovary","SCCO",-1.2475867658748,FALSE,"HMGCR"
"ACH-001279","SCCOHT-1","Ovary/Fallopian Tube","Ovarian Epithelial Tumor","Small Cell Carcinoma of the Ovary","SCCO",-1.01307452933625,FALSE,"HMGCR"
"ACH-001280","SCS-214","Soft Tissue","Synovial Sarcoma","Synovial Sarcoma","SYNS",-1.0776454985011,FALSE,"HMGCR"
"ACH-001282","CHLA-258","Bone","Ewing Sarcoma","Ewing Sarcoma","ES",NA,FALSE,"HMGCR"
"ACH-001283","TC-106","Bone","Ewing Sarcoma","Ewing Sarcoma","ES",-1.09657623615308,FALSE,"HMGCR"
"ACH-001289","COG-AR-359","CNS/Brain","Embryonal Tumor","Atypical Teratoid/Rhabdoid Tumor","ATRT",-1.11142317417301,FALSE,"HMGCR"
"ACH-001295","Y-79","Eye","Retinoblastoma","Retinoblastoma","RBL",-1.00243409569325,FALSE,"HMGCR"
"ACH-001300","CHLA-15","Peripheral Nervous System","Neuroblastoma","Neuroblastoma","NBL",-0.904805635526256,FALSE,"HMGCR"
"ACH-001301","COG-N-278","Peripheral Nervous System","Neuroblastoma","Neuroblastoma","NBL",-0.858081382970966,FALSE,"HMGCR"
"ACH-001302","COG-N-305","Peripheral Nervous System","Neuroblastoma","Neuroblastoma","NBL",-0.941225267897858,FALSE,"HMGCR"
"ACH-001303","NB-1643","Peripheral Nervous System","Neuroblastoma","Neuroblastoma","NBL",-1.03494465821363,FALSE,"HMGCR"
"ACH-001306","8305C","Thyroid","Anaplastic Thyroid Cancer","Anaplastic Thyroid Cancer","THAP",-1.20983586283734,FALSE,"HMGCR"
"ACH-001307","8505C","Thyroid","Anaplastic Thyroid Cancer","Anaplastic Thyroid Cancer","THAP",-1.25674936626325,FALSE,"HMGCR"
"ACH-001310","HA1E","Kidney","Non-Cancerous","Immortalized Embyonic Kidney Cells","",-0.629732007508908,FALSE,"HMGCR"
"ACH-001318","PLC/PRF/5","Liver","Hepatocellular Carcinoma","Hepatocellular Carcinoma","HCC",-0.932763778748657,FALSE,"HMGCR"
"ACH-001321","TT","Thyroid","Medullary Thyroid Cancer","Medullary Thyroid Cancer","THME",NA,FALSE,"HMGCR"
"ACH-001322","CME-1","Soft Tissue","Synovial Sarcoma","Synovial Sarcoma","SYNS",-0.880423732965755,FALSE,"HMGCR"
"ACH-001328","A-431","Skin","Cutaneous Squamous Cell Carcinoma","Cutaneous Squamous Cell Carcinoma","CSCC",-0.950701812157669,FALSE,"HMGCR"
"ACH-001329","ANGM-CSS","CNS/Brain","Diffuse Glioma","Glioblastoma","GB",-1.36948760820466,FALSE,"HMGCR"
"ACH-001331","BICR 10","Head and Neck","Head and Neck Squamous Cell Carcinoma","Oral Cavity Squamous Cell Carcinoma","OCSC",-1.0693085958737,FALSE,"HMGCR"
"ACH-001332","BICR 78","Head and Neck","Head and Neck Squamous Cell Carcinoma","Oral Cavity Squamous Cell Carcinoma","OCSC",-1.05871246570572,FALSE,"HMGCR"
"ACH-001333","C-33 A","Cervix","Cervical Squamous Cell Carcinoma","Cervical Squamous Cell Carcinoma","CESC",-1.00708072618124,FALSE,"HMGCR"
"ACH-001334","C-4 I","Cervix","Cervical Squamous Cell Carcinoma","Cervical Squamous Cell Carcinoma","CESC",-0.942225579961173,FALSE,"HMGCR"
"ACH-001335","C-4 II","Cervix","Cervical Squamous Cell Carcinoma","Cervical Squamous Cell Carcinoma","CESC",-1.01128503357063,FALSE,"HMGCR"
"ACH-001336","Ca Ski","Cervix","Cervical Squamous Cell Carcinoma","Cervical Squamous Cell Carcinoma","CESC",-0.980089199784268,FALSE,"HMGCR"
"ACH-001338","CHP-134","Peripheral Nervous System","Neuroblastoma","Neuroblastoma","NBL",-0.810107233652738,FALSE,"HMGCR"
"ACH-001339","Colo 794","Skin","Melanoma","Cutaneous Melanoma","SKCM",NA,FALSE,"HMGCR"
"ACH-001340","COV413A","Ovary/Fallopian Tube","Ovarian Epithelial Tumor","Serous Ovarian Cancer","SOC",-0.754604287079522,FALSE,"HMGCR"
"ACH-001341","DoTc2 4510","Cervix","Mixed Cervical Carcinoma","Mixed Cervical Carcinoma","MCCE",-1.2519799654896,FALSE,"HMGCR"
"ACH-001344","GI-ME-N","Peripheral Nervous System","Neuroblastoma","Neuroblastoma","NBL",-0.998610592247709,FALSE,"HMGCR"
"ACH-001345","GP5d","Bowel","Colorectal Adenocarcinoma","Colon Adenocarcinoma","COAD",-1.01399749571262,FALSE,"HMGCR"
"ACH-001346","H103","Head and Neck","Head and Neck Squamous Cell Carcinoma","Oral Cavity Squamous Cell Carcinoma","OCSC",-1.1528343922053,FALSE,"HMGCR"
"ACH-001347","H157","Head and Neck","Head and Neck Squamous Cell Carcinoma","Oral Cavity Squamous Cell Carcinoma","OCSC",-0.981172005113019,FALSE,"HMGCR"
"ACH-001350","HTC-C3","Thyroid","Anaplastic Thyroid Cancer","Anaplastic Thyroid Cancer","THAP",NA,FALSE,"HMGCR"
"ACH-001353","JOPACA-1","Pancreas","Pancreatic Adenocarcinoma","Pancreatic Adenocarcinoma","PAAD",-1.09188878585446,FALSE,"HMGCR"
"ACH-001354","LAN-2","Peripheral Nervous System","Neuroblastoma","Neuroblastoma","NBL",-1.05619954690692,FALSE,"HMGCR"
"ACH-001355","LAN-6","Peripheral Nervous System","Neuroblastoma","Neuroblastoma","NBL",NA,FALSE,"HMGCR"
"ACH-001356","MB-1","Thyroid","Anaplastic Thyroid Cancer","Anaplastic Thyroid Cancer","THAP",-1.22124027054585,FALSE,"HMGCR"
"ACH-001357","MCF 10A","Breast","Non-Cancerous","Immortalized Breast Cells","",NA,FALSE,"HMGCR"
"ACH-001358","MDA-MB-330","Breast","Invasive Breast Carcinoma","Breast Invasive Lobular Carcinoma","ILC",NA,FALSE,"HMGCR"
"ACH-001359","ME-180","Cervix","Cervical Squamous Cell Carcinoma","Cervical Squamous Cell Carcinoma","CESC",NA,FALSE,"HMGCR"
"ACH-001360","MS751","Cervix","Cervical Squamous Cell Carcinoma","Cervical Squamous Cell Carcinoma","CESC",-1.12690080345965,FALSE,"HMGCR"
"ACH-001362","NCI-H1770","Lung","Non-Small Cell Lung Cancer","Non-Small Cell Lung Cancer","NSCLC",NA,FALSE,"HMGCR"
"ACH-001363","NCI-H2135","Lung","Non-Small Cell Lung Cancer","Non-Small Cell Lung Cancer","NSCLC",NA,FALSE,"HMGCR"
"ACH-001364","NCI-H345","Lung","Lung Neuroendocrine Tumor","Small Cell Lung Cancer","SCLC",NA,FALSE,"HMGCR"
"ACH-001365","NCI-H847","Lung","Lung Neuroendocrine Tumor","Small Cell Lung Cancer","SCLC",NA,FALSE,"HMGCR"
"ACH-001366","NGP","Peripheral Nervous System","Neuroblastoma","Neuroblastoma","NBL",-1.1182151031962,FALSE,"HMGCR"
"ACH-001367","NMB","Peripheral Nervous System","Neuroblastoma","Neuroblastoma","NBL",-1.08992026233982,FALSE,"HMGCR"
"ACH-001368","OAC-M5.1","Esophagus/Stomach","Esophagogastric Adenocarcinoma","Esophageal Adenocarcinoma","ESCA",-0.979609298037082,FALSE,"HMGCR"
"ACH-001369","OCI-C5x","Ovary/Fallopian Tube","Ovarian Epithelial Tumor","Clear Cell Ovarian Cancer","CCOV",NA,FALSE,"HMGCR"
"ACH-001370","OCI-P5x","Ovary/Fallopian Tube","Ovarian Epithelial Tumor","Serous Ovarian Cancer","SOC",-0.768471825461198,FALSE,"HMGCR"
"ACH-001373","OV17R","Ovary/Fallopian Tube","Ovarian Epithelial Tumor","Serous Ovarian Cancer","SOC",NA,FALSE,"HMGCR"
"ACH-001374","PA-1 [PA1]","Ovary/Fallopian Tube","Ovarian Germ Cell Tumor","Mixed Germ Cell Tumor","OMGCT",-0.669955533603347,FALSE,"HMGCR"
"ACH-001375","PACADD-119","Pancreas","Pancreatic Adenocarcinoma","Pancreatic Adenocarcinoma","PAAD",-1.12085260014117,FALSE,"HMGCR"
"ACH-001376","PACADD-135","Pancreas","Pancreatic Adenocarcinoma","Pancreatic Adenocarcinoma","PAAD",NA,FALSE,"HMGCR"
"ACH-001377","PACADD-137","Pancreas","Pancreatic Adenocarcinoma","Pancreatic Adenocarcinoma","PAAD",-1.14750931185672,FALSE,"HMGCR"
"ACH-001378","PACADD-159","Pancreas","Pancreatic Adenocarcinoma","Pancreatic Adenocarcinoma","PAAD",NA,FALSE,"HMGCR"
"ACH-001379","PACADD-161","Pancreas","Pancreatic Adenocarcinoma","Pancreatic Adenocarcinoma","PAAD",-1.2696943476446,FALSE,"HMGCR"
"ACH-001380","PACADD-165","Pancreas","Pancreatic Adenocarcinoma","Pancreatic Adenocarcinoma","PAAD",-1.30058404001836,FALSE,"HMGCR"
"ACH-001382","PACADD-188","Pancreas","Pancreatic Adenocarcinoma","Pancreatic Adenocarcinoma","PAAD",-0.603970353241149,FALSE,"HMGCR"
"ACH-001383","PWR-1E","Prostate","Non-Cancerous","Immortalized Prostate Cells","",NA,FALSE,"HMGCR"
"ACH-001384","RO82-W-1","Thyroid","Well-Differentiated Thyroid Cancer","Follicular Thyroid Cancer","THFO",NA,FALSE,"HMGCR"
"ACH-001385","RPMI 2650","Head and Neck","Head and Neck Carcinoma, Other","NUT Midline Carcinoma of the Head and Neck","NMCHN",-0.875092664998164,FALSE,"HMGCR"
"ACH-001386","SCLC-22H","Lung","Lung Neuroendocrine Tumor","Small Cell Lung Cancer","SCLC",-0.97702024947298,FALSE,"HMGCR"
"ACH-001388","SUM-102PT","Breast","Invasive Breast Carcinoma","Breast Invasive Ductal Carcinoma","IDC",-1.2038839995166,FALSE,"HMGCR"
"ACH-001389","SUM-1315MO2","Breast","Invasive Breast Carcinoma","Breast Invasive Ductal Carcinoma","IDC",-0.978106775061095,FALSE,"HMGCR"
"ACH-001390","SUM-149PT","Breast","Invasive Breast Carcinoma","Breast Invasive Ductal Carcinoma","IDC",-0.964150904840791,FALSE,"HMGCR"
"ACH-001391","SUM-159PT","Breast","Invasive Breast Carcinoma","Invasive Breast Carcinoma","BRCA",-1.57873793170428,FALSE,"HMGCR"
"ACH-001392","SUM-185PE","Breast","Invasive Breast Carcinoma","Invasive Breast Carcinoma","BRCA",-1.38721325303342,FALSE,"HMGCR"
"ACH-001393","SUM-190PT","Breast","Invasive Breast Carcinoma","Invasive Breast Carcinoma","BRCA",-1.19161614056983,FALSE,"HMGCR"
"ACH-001394","SUM-229PE","Breast","Invasive Breast Carcinoma","Invasive Breast Carcinoma","BRCA",-1.24868803485594,FALSE,"HMGCR"
"ACH-001395","SUM-44PE","Breast","Invasive Breast Carcinoma","Breast Invasive Lobular Carcinoma","ILC",NA,FALSE,"HMGCR"
"ACH-001396","SUM-52PE","Breast","Invasive Breast Carcinoma","Invasive Breast Carcinoma","BRCA",-2.39685440588459,FALSE,"HMGCR"
"ACH-001397","SUM225CWN","Breast","Invasive Breast Carcinoma","Breast Invasive Cancer, NOS","BRCANOS",NA,FALSE,"HMGCR"
"ACH-001398","SW 156","Kidney","Renal Cell Carcinoma","Renal Cell Carcinoma","RCC",-1.01486283380547,FALSE,"HMGCR"
"ACH-001399","SW 626","Bowel","Colorectal Adenocarcinoma","Colon Adenocarcinoma","COAD",-1.48207644377121,FALSE,"HMGCR"
"ACH-001400","SW 954","Vulva/Vagina","Squamous Cell Carcinoma of the Vulva/Vagina","Squamous Cell Carcinoma of the Vulva/Vagina","VSC",-1.28967397975242,FALSE,"HMGCR"
"ACH-001401","SW-13","Adrenal Gland","Adrenocortical Carcinoma","Adrenocortical Carcinoma","ACC",-0.639079415384999,FALSE,"HMGCR"
"ACH-001402","SW756","Cervix","Cervical Squamous Cell Carcinoma","Cervical Squamous Cell Carcinoma","CESC",-0.752351198095934,FALSE,"HMGCR"
"ACH-001403","TO14","Ovary/Fallopian Tube","Ovarian Epithelial Tumor","Serous Ovarian Cancer","SOC",-1.82057817642811,FALSE,"HMGCR"
"ACH-001407","UM-UC-13","Bladder/Urinary Tract","Bladder Urothelial Carcinoma","Bladder Urothelial Carcinoma","BLCA",-1.14203837732762,FALSE,"HMGCR"
"ACH-001408","UM-UC-14","Bladder/Urinary Tract","Urethral Cancer","Urethral Urothelial Carcinoma","UCU",-1.17402757426524,FALSE,"HMGCR"
"ACH-001409","UM-UC-16","Bladder/Urinary Tract","Bladder Urothelial Carcinoma","Bladder Urothelial Carcinoma","BLCA",-1.07326097975633,FALSE,"HMGCR"
"ACH-001410","UM-UC-4","Bladder/Urinary Tract","Bladder Urothelial Carcinoma","Bladder Urothelial Carcinoma","BLCA",NA,FALSE,"HMGCR"
"ACH-001411","UM-UC-5","Bladder/Urinary Tract","Bladder Squamous Cell Carcinoma","Bladder Squamous Cell Carcinoma","BLSC",-0.953132013913236,FALSE,"HMGCR"
"ACH-001412","UM-UC-10","Bladder/Urinary Tract","Bladder Urothelial Carcinoma","Bladder Urothelial Carcinoma","BLCA",-0.7360917633548,FALSE,"HMGCR"
"ACH-001413","UM-UC-11","Bladder/Urinary Tract","Bladder Urothelial Carcinoma","Bladder Urothelial Carcinoma","BLCA",-0.834308696163215,FALSE,"HMGCR"
"ACH-001414","UM-UC-6","Bladder/Urinary Tract","Bladder Urothelial Carcinoma","Bladder Urothelial Carcinoma","BLCA",-1.14090115311547,FALSE,"HMGCR"
"ACH-001415","UM-UC7","Bladder/Urinary Tract","Bladder Urothelial Carcinoma","Bladder Urothelial Carcinoma","BLCA",-1.25548653449808,FALSE,"HMGCR"
"ACH-001416","UM-UC9","Bladder/Urinary Tract","Bladder Urothelial Carcinoma","Bladder Urothelial Carcinoma","BLCA",-1.15543728197146,FALSE,"HMGCR"
"ACH-001417","UMC-11","Lung","Lung Neuroendocrine Tumor","Lung Carcinoid","LUCA",NA,FALSE,"HMGCR"
"ACH-001418","UWB1.289","Ovary/Fallopian Tube","Ovarian Epithelial Tumor","Serous Ovarian Cancer","SOC",-1.13666872262309,FALSE,"HMGCR"
"ACH-001419","VP229","Breast","Invasive Breast Carcinoma","Breast Invasive Ductal Carcinoma","IDC",-1.44908780372116,FALSE,"HMGCR"
"ACH-001421","WERI-Rb-1","Eye","Retinoblastoma","Retinoblastoma","RBL",-1.10676189650216,FALSE,"HMGCR"
"ACH-001422","WPE1-NA22","Prostate","Non-Cancerous","Immortalized Epithelial Cells, Prostate","",-2.17942080443757,FALSE,"HMGCR"
"ACH-001423","CCLF_PEDS_0002_T","Kidney","Wilms' Tumor","Wilms' Tumor","WT",NA,FALSE,"HMGCR"
"ACH-001427","CCLF_PEDS_0007_T","Bone","Ewing Sarcoma","Ewing Sarcoma","ES",NA,FALSE,"HMGCR"
"ACH-001428","CCLF_PEDS_0010_T","Bone","Ewing Sarcoma","Ewing Sarcoma","ES",NA,FALSE,"HMGCR"
"ACH-001430","TC-138","Bone","Ewing Sarcoma","Ewing Sarcoma","ES",-0.867668147959977,FALSE,"HMGCR"
"ACH-001431","TC-205","Bone","Ewing Sarcoma","Ewing Sarcoma","ES",-0.825925226136338,FALSE,"HMGCR"
"ACH-001433","CCLF_PEDS_0008_T","Soft Tissue","Epithelioid Sarcoma","Epithelioid Sarcoma","EPIS",-1.22633256716321,FALSE,"HMGCR"
"ACH-001435","1156QE/8","Testis","Non-Seminomatous Germ Cell Tumor","Embryonal Carcinoma","EMBCA",NA,FALSE,"HMGCR"
"ACH-001436","1411H","Testis","Non-Seminomatous Germ Cell Tumor","Yolk Sac Tumor","TYST",-0.679978673327565,FALSE,"HMGCR"
"ACH-001437","1618-K","Testis","Non-Seminomatous Germ Cell Tumor","Embryonal Carcinoma","EMBCA",NA,FALSE,"HMGCR"
"ACH-001438","1777N Rpmet","Testis","Non-Seminomatous Germ Cell Tumor","Embryonal Carcinoma","EMBCA",NA,FALSE,"HMGCR"
"ACH-001440","833KE","Testis","Non-Seminomatous Germ Cell Tumor","Embryonal Carcinoma","EMBCA",NA,FALSE,"HMGCR"
"ACH-001441","92-1","Eye","Ocular Melanoma","Uveal Melanoma","UM",NA,FALSE,"HMGCR"
"ACH-001442","A388","Skin","Cutaneous Squamous Cell Carcinoma","Cutaneous Squamous Cell Carcinoma","CSCC",-0.618500392773697,FALSE,"HMGCR"
"ACH-001443","ASH-3","Thyroid","Anaplastic Thyroid Cancer","Anaplastic Thyroid Cancer","THAP",-0.818402227666095,FALSE,"HMGCR"
"ACH-001445","BICR 3","Head and Neck","Head and Neck Squamous Cell Carcinoma","Oral Cavity Squamous Cell Carcinoma","OCSC",NA,FALSE,"HMGCR"
"ACH-001447","BJAB","Lymphoid","Mature B-Cell Neoplasms","Burkitt Lymphoma","BL",NA,FALSE,"HMGCR"
"ACH-001449","BL-2","Lymphoid","Mature B-Cell Neoplasms","Burkitt Lymphoma","BL",NA,FALSE,"HMGCR"
"ACH-001450","BLUE-1","Lymphoid","Mature B-Cell Neoplasms","Burkitt Lymphoma","BL",-1.21328659071664,FALSE,"HMGCR"
"ACH-001451","BOKU","Cervix","Cervical Squamous Cell Carcinoma","Cervical Squamous Cell Carcinoma","CESC",-1.33751963412451,FALSE,"HMGCR"
"ACH-001452","BONNA-12","Lymphoid","Mature B-Cell Neoplasms","Hairy Cell Leukemia","HCL",NA,FALSE,"HMGCR"
"ACH-001453","BPH-1","Prostate","Non-Cancerous","Hyperplasia, Prostate","",-0.778963757464787,FALSE,"HMGCR"
"ACH-001454","C10","Bowel","Colorectal Adenocarcinoma","Colon Adenocarcinoma","COAD",-0.845643742705561,FALSE,"HMGCR"
"ACH-001456","C125PM","Bowel","Colorectal Adenocarcinoma","Colorectal Adenocarcinoma","COADREAD",NA,FALSE,"HMGCR"
"ACH-001458","C75","Bowel","Colorectal Adenocarcinoma","Colon Adenocarcinoma","COAD",-0.618677404982719,FALSE,"HMGCR"
"ACH-001459","C80","Bowel","Colorectal Adenocarcinoma","Rectal Adenocarcinoma","READ",-0.840869328828056,FALSE,"HMGCR"
"ACH-001460","C84","Bowel","Colorectal Adenocarcinoma","Colon Adenocarcinoma","COAD",-0.776777833037339,FALSE,"HMGCR"
"ACH-001461","C99","Bowel","Colorectal Adenocarcinoma","Rectal Adenocarcinoma","READ",-1.50770655245357,FALSE,"HMGCR"
"ACH-001465","CHLA-136","Peripheral Nervous System","Neuroblastoma","Neuroblastoma","NBL",NA,FALSE,"HMGCR"
"ACH-001481","CHLA-90","Peripheral Nervous System","Neuroblastoma","Neuroblastoma","NBL",-1.13386564402779,FALSE,"HMGCR"
"ACH-001484","CI","Lymphoid","Mature B-Cell Neoplasms","Chronic Lymphocytic Leukemia/Small Lymphocytic Lymphoma","CLLSLL",-1.03834048437834,FALSE,"HMGCR"
"ACH-001485","CII","Lymphoid","B-Lymphoblastic Leukemia/Lymphoma","B-Lymphoblastic Leukemia/Lymphoma","BLL",NA,FALSE,"HMGCR"
"ACH-001489","COR-L32","Lung","Non-Small Cell Lung Cancer","Lung Squamous Cell Carcinoma","LUSC",NA,FALSE,"HMGCR"
"ACH-001490","COR-L321","Lung","Non-Small Cell Lung Cancer","Lung Adenocarcinoma","LUAD",NA,FALSE,"HMGCR"
"ACH-001492","DOGKIT","Lymphoid","Mature B-Cell Neoplasms","Burkitt Lymphoma","BL",NA,FALSE,"HMGCR"
"ACH-001493","DOGUM","Lymphoid","Mature B-Cell Neoplasms","Burkitt Lymphoma","BL",NA,FALSE,"HMGCR"
"ACH-001494","EGI-1","Biliary Tract","Intraductal Papillary Neoplasm of the Bile Duct","Extrahepatic Cholangiocarcinoma","EHCH",-1.0078948350528,FALSE,"HMGCR"
"ACH-001495","EMTOKA","Uterus","Endometrial Carcinoma","Uterine Carcinosarcoma/Uterine Malignant Mixed Mullerian Tumor","UCS",-0.889429388778724,FALSE,"HMGCR"
"ACH-001496","ESO26","Esophagus/Stomach","Esophagogastric Adenocarcinoma","Adenocarcinoma of the Gastroesophageal Junction","GEJ",-0.905302214423793,FALSE,"HMGCR"
"ACH-001497","ESO51","Esophagus/Stomach","Esophagogastric Adenocarcinoma","Esophageal Adenocarcinoma","ESCA",-1.48585843732695,FALSE,"HMGCR"
"ACH-001498","Farage","Lymphoid","Mature B-Cell Neoplasms","Germinal Center B-Cell Type","GCB",-1.05951514312541,FALSE,"HMGCR"
"ACH-001500","FLO-1","Esophagus/Stomach","Esophagogastric Adenocarcinoma","Esophageal Adenocarcinoma","ESCA",-0.849957892606285,FALSE,"HMGCR"
"ACH-001502","GCT-27","Testis","Non-Seminomatous Germ Cell Tumor","Teratoma","TT",-0.940925452955101,FALSE,"HMGCR"
"ACH-001503","GUMBUS","Lymphoid","Mature B-Cell Neoplasms","Burkitt Lymphoma","BL",NA,FALSE,"HMGCR"
"ACH-001508","H314","Head and Neck","Head and Neck Squamous Cell Carcinoma","Oral Cavity Squamous Cell Carcinoma","OCSC",-1.10003798478511,FALSE,"HMGCR"
"ACH-001509","H357","Head and Neck","Head and Neck Squamous Cell Carcinoma","Oral Cavity Squamous Cell Carcinoma","OCSC",-0.785040017299298,FALSE,"HMGCR"
"ACH-001510","H376","Head and Neck","Head and Neck Squamous Cell Carcinoma","Oral Cavity Squamous Cell Carcinoma","OCSC",-0.742581730013005,FALSE,"HMGCR"
"ACH-001511","H413","Head and Neck","Head and Neck Squamous Cell Carcinoma","Oral Cavity Squamous Cell Carcinoma","OCSC",-1.08397489561034,FALSE,"HMGCR"
"ACH-001513","HCA-1","Cervix","Cervical Adenocarcinoma","Endocervical Adenocarcinoma","ECAD",-1.07455983841033,FALSE,"HMGCR"
"ACH-001514","HCC1008","Breast","Invasive Breast Carcinoma","Breast Invasive Ductal Carcinoma","IDC",NA,FALSE,"HMGCR"
"ACH-001515","HCS-2","Cervix","Cervical Squamous Cell Carcinoma","Cervical Squamous Cell Carcinoma","CESC",-0.944399766308879,FALSE,"HMGCR"
"ACH-001516","HCSC-1","Cervix","Cervical Adenocarcinoma","Endocervical Adenocarcinoma","ECAD",NA,FALSE,"HMGCR"
"ACH-001517","HEC-1","Uterus","Endometrial Carcinoma","Endometrial Carcinoma","UCEC",-1.29153494743502,FALSE,"HMGCR"
"ACH-001518","HEC-116","Uterus","Endometrial Carcinoma","Endometrial Carcinoma","UCEC",-1.23352871257291,FALSE,"HMGCR"
"ACH-001519","H-EMC-SS","Bone","Chondrosarcoma","Extraskeletal Myxoid Chondrosarcoma","EMCHS",NA,FALSE,"HMGCR"
"ACH-001520","HG-3","Lymphoid","B-Lymphoblastic Leukemia/Lymphoma","B-Lymphoblastic Leukemia/Lymphoma","BLL",-0.84280756161511,FALSE,"HMGCR"
"ACH-001521","HKA-1","Skin","Cutaneous Squamous Cell Carcinoma","Cutaneous Squamous Cell Carcinoma","CSCC",-1.13027883607034,FALSE,"HMGCR"
"ACH-001522","HMY-1","Skin","Melanoma","Melanoma","MEL",-1.47679574788521,FALSE,"HMGCR"
"ACH-001523","HSC-1","Skin","Cutaneous Squamous Cell Carcinoma","Cutaneous Squamous Cell Carcinoma","CSCC",-1.23623045801212,FALSE,"HMGCR"
"ACH-001524","HSC-5","Skin","Cutaneous Squamous Cell Carcinoma","Cutaneous Squamous Cell Carcinoma","CSCC",-1.24650687223345,FALSE,"HMGCR"
"ACH-001525","HT-3","Cervix","Cervical Adenocarcinoma","Cervical Adenocarcinoma","CEAD",-0.823345885020363,FALSE,"HMGCR"
"ACH-001526","HuO9","Bone","Osteosarcoma","Osteosarcoma","OS",-1.13746552332652,FALSE,"HMGCR"
"ACH-001528","IHH-4","Thyroid","Well-Differentiated Thyroid Cancer","Papillary Thyroid Cancer","THPA",-0.95155595044276,FALSE,"HMGCR"
"ACH-001529","JAR","Uterus","Gestational Trophoblastic Disease","Choriocarcinoma","UCCA",-0.701535417985743,FALSE,"HMGCR"
"ACH-001530","JEG-3","Uterus","Gestational Trophoblastic Disease","Choriocarcinoma","UCCA",-0.812297894045982,FALSE,"HMGCR"
"ACH-001532","JMU-RTK-2","Kidney","Rhabdoid Cancer","Rhabdoid Cancer","MRT",-1.00893645118962,FALSE,"HMGCR"
"ACH-001533","KARPAS 1718","Lymphoid","Mature B-Cell Neoplasms","Splenic Marginal Zone Lymphoma","SMZL",-1.29839179654969,FALSE,"HMGCR"
"ACH-001536","KKU-100","Biliary Tract","Intraductal Papillary Neoplasm of the Bile Duct","Extrahepatic Cholangiocarcinoma","EHCH",-1.05744293988057,FALSE,"HMGCR"
"ACH-001537","KKU-055","Biliary Tract","Intraductal Papillary Neoplasm of the Bile Duct","Intrahepatic Cholangiocarcinoma","IHCH",NA,FALSE,"HMGCR"
"ACH-001538","KKU-213","Biliary Tract","Intraductal Papillary Neoplasm of the Bile Duct","Intrahepatic Cholangiocarcinoma","IHCH",-0.967410503408051,FALSE,"HMGCR"
"ACH-001539","KML-1","Lymphoid","Mature B-Cell Neoplasms","Germinal Center B-Cell Type","GCB",-1.27521298774908,FALSE,"HMGCR"
"ACH-001540","KMLS-1","Soft Tissue","Liposarcoma","Liposarcoma","LIPO",NA,FALSE,"HMGCR"
"ACH-001541","KMS-28PE","Lymphoid","Mature B-Cell Neoplasms","Plasma Cell Myeloma","PCM",NA,FALSE,"HMGCR"
"ACH-001542","KON","Head and Neck","Head and Neck Squamous Cell Carcinoma","Oral Cavity Squamous Cell Carcinoma","OCSC",-0.998417387752065,FALSE,"HMGCR"
"ACH-001543","KOSC-2","Head and Neck","Head and Neck Squamous Cell Carcinoma","Oral Cavity Squamous Cell Carcinoma","OCSC",-1.22294500932922,FALSE,"HMGCR"
"ACH-001544","KYAE-1","Esophagus/Stomach","Esophagogastric Adenocarcinoma","Esophageal Adenocarcinoma","ESCA",-1.01547707492168,FALSE,"HMGCR"
"ACH-001547","LO68","Pleura","Pleural Mesothelioma","Pleural Mesothelioma, Epithelioid Type","PLEMESO",-1.21913488528047,FALSE,"HMGCR"
"ACH-001548","LS","Peripheral Nervous System","Neuroblastoma","Neuroblastoma","NBL",-0.744066265869939,FALSE,"HMGCR"
"ACH-001549","Lu-135","Lung","Lung Neuroendocrine Tumor","Small Cell Lung Cancer","SCLC",-1.07712717386909,FALSE,"HMGCR"
"ACH-001550","MCC13","Skin","Merkel Cell Carcinoma","Merkel Cell Carcinoma","MCC",-0.905322143727821,FALSE,"HMGCR"
"ACH-001551","MCC14/2","Skin","Merkel Cell Carcinoma","Merkel Cell Carcinoma","MCC",-0.992007550677717,FALSE,"HMGCR"
"ACH-001552","MCC26","Skin","Merkel Cell Carcinoma","Merkel Cell Carcinoma","MCC",-0.313916703010531,FALSE,"HMGCR"
"ACH-001554","mel-202","Eye","Ocular Melanoma","Uveal Melanoma","UM",-1.16803908317119,FALSE,"HMGCR"
"ACH-001555","Mero-14","Pleura","Pleural Mesothelioma","Pleural Mesothelioma, Epithelioid Type","PLEMESO",-1.20885130603089,FALSE,"HMGCR"
"ACH-001556","Mero-25","Pleura","Pleural Mesothelioma","Pleural Mesothelioma, Biphasic Type","PLBMESO",-0.982274252963508,FALSE,"HMGCR"
"ACH-001557","Mero-41","Pleura","Pleural Mesothelioma","Pleural Mesothelioma, Epithelioid Type","PLEMESO",-1.01583417133129,FALSE,"HMGCR"
"ACH-001558","Mero-48a","Pleura","Pleural Mesothelioma","Pleural Mesothelioma, Biphasic Type","PLBMESO",-0.769410898947155,FALSE,"HMGCR"
"ACH-001559","Mero-82","Pleura","Pleural Mesothelioma","Pleural Mesothelioma, Epithelioid Type","PLEMESO",-0.881940213933323,FALSE,"HMGCR"
"ACH-001560","Mero-83","Pleura","Pleural Mesothelioma","Pleural Mesothelioma, Biphasic Type","PLBMESO",-1.12241211941721,FALSE,"HMGCR"
"ACH-001561","Mero-84","Pleura","Pleural Mesothelioma","Pleural Mesothelioma, Biphasic Type","PLBMESO",NA,FALSE,"HMGCR"
"ACH-001562","Mero-95","Pleura","Pleural Mesothelioma","Pleural Mesothelioma, Epithelioid Type","PLEMESO",-1.0902448345252,FALSE,"HMGCR"
"ACH-001563","MM127","Skin","Melanoma","Melanoma","MEL",-1.148251058318,FALSE,"HMGCR"
"ACH-001566","MM370","Skin","Melanoma","Melanoma","MEL",-1.04995172698949,FALSE,"HMGCR"
"ACH-001567","MM383","Skin","Melanoma","Melanoma","MEL",-1.38924174442803,FALSE,"HMGCR"
"ACH-001568","MM386","Skin","Melanoma","Melanoma","MEL",-1.37719478507595,FALSE,"HMGCR"
"ACH-001569","MM415","Skin","Melanoma","Melanoma","MEL",NA,FALSE,"HMGCR"
"ACH-001570","MM426","Skin","Melanoma","Melanoma","MEL",-1.15292785013949,FALSE,"HMGCR"
"ACH-001571","Mo","Lymphoid","Mature B-Cell Neoplasms","Hairy Cell Leukemia","HCL",NA,FALSE,"HMGCR"
"ACH-001573","MOLM-1","Myeloid","Myeloproliferative Neoplasms","Chronic Myeloid Leukemia, BCR-ABL1+","CMLBCRABL1",NA,FALSE,"HMGCR"
"ACH-001574","MOLM-14","Myeloid","Acute Myeloid Leukemia","Acute Myeloid Leukemia","AML",-1.01022002317094,FALSE,"HMGCR"
"ACH-001577","MUTZ-8","Myeloid","Acute Myeloid Leukemia","Acute Myeloid Leukemia","AML",-1.01656104093356,FALSE,"HMGCR"
"ACH-001578","NCCIT","Testis","Non-Seminomatous Germ Cell Tumor","Embryonal Carcinoma","EMBCA",-0.745578221984137,FALSE,"HMGCR"
"ACH-001591","NCI-H1417","Lung","Lung Neuroendocrine Tumor","Small Cell Lung Cancer","SCLC",NA,FALSE,"HMGCR"
"ACH-001598","NCI-H295R","Adrenal Gland","Adrenocortical Carcinoma","Adrenocortical Carcinoma","ACC",NA,FALSE,"HMGCR"
"ACH-001599","NCI-H64","Lung","Lung Neuroendocrine Tumor","Small Cell Lung Cancer","SCLC",NA,FALSE,"HMGCR"
"ACH-001603","NH-12","Peripheral Nervous System","Neuroblastoma","Neuroblastoma","NBL",-1.26780599044675,FALSE,"HMGCR"
"ACH-001605","no.10","CNS/Brain","Diffuse Glioma","Glioblastoma","GB",-1.07821222380891,FALSE,"HMGCR"
"ACH-001606","no.11","CNS/Brain","Diffuse Glioma","Glioblastoma","GB",-1.44150337615242,FALSE,"HMGCR"
"ACH-001607","NOZ","Biliary Tract","Intracholecystic Papillary Neoplasm","Gallbladder Adenocarcinoma, NOS","GBAD",-1.28606944176358,FALSE,"HMGCR"
"ACH-001608","NP 2","CNS/Brain","Diffuse Glioma","Glioblastoma","GB",-1.32599758271002,FALSE,"HMGCR"
"ACH-001609","NP 3","CNS/Brain","Diffuse Glioma","Glioblastoma","GB",-0.32180483675804,FALSE,"HMGCR"
"ACH-001610","NP 5","CNS/Brain","Diffuse Glioma","Glioblastoma","GB",-0.951746235686913,FALSE,"HMGCR"
"ACH-001611","NP 8","CNS/Brain","Diffuse Glioma","Glioblastoma","GB",-1.27975599979195,FALSE,"HMGCR"
"ACH-001613","OCI-AML4","Myeloid","Acute Myeloid Leukemia","Acute Myeloid Leukemia","AML",-1.06331879444172,FALSE,"HMGCR"
"ACH-001616","OCI-LY18","Lymphoid","Mature B-Cell Neoplasms","Diffuse Large B-Cell Lymphoma, NOS","DLBCLNOS",-1.27340461601847,FALSE,"HMGCR"
"ACH-001617","OCI-LY7","Lymphoid","Mature B-Cell Neoplasms","Diffuse Large B-Cell Lymphoma, NOS","DLBCLNOS",NA,FALSE,"HMGCR"
"ACH-001618","OCI-M2","Myeloid","Acute Myeloid Leukemia","Acute Myeloid Leukemia","AML",-0.925317646168233,FALSE,"HMGCR"
"ACH-001619","OCUG-1","Biliary Tract","Intracholecystic Papillary Neoplasm","Gallbladder Adenocarcinoma, NOS","GBAD",-0.99523307557579,FALSE,"HMGCR"
"ACH-001622","Onda 7","CNS/Brain","Diffuse Glioma","Glioblastoma","GB",-1.20028887038168,FALSE,"HMGCR"
"ACH-001623","Onda 8","CNS/Brain","Diffuse Glioma","Glioblastoma","GB",-1.08845748955954,FALSE,"HMGCR"
"ACH-001624","Onda 9","CNS/Brain","Diffuse Glioma","Glioblastoma","GB",-1.23541794461836,FALSE,"HMGCR"
"ACH-001625","OSC-19","Head and Neck","Head and Neck Squamous Cell Carcinoma","Oral Cavity Squamous Cell Carcinoma","OCSC",-0.748841972920025,FALSE,"HMGCR"
"ACH-001626","OSC-20","Head and Neck","Head and Neck Squamous Cell Carcinoma","Oral Cavity Squamous Cell Carcinoma","OCSC",-1.07854990761782,FALSE,"HMGCR"
"ACH-001627","P4E6","Prostate","Non-Cancerous","Immortalized Epithelial Cells, Prostate","",-1.34547583164854,FALSE,"HMGCR"
"ACH-001628","PEA1","Ovary/Fallopian Tube","Ovarian Epithelial Tumor","High-Grade Serous Ovarian Cancer","HGSOC",-1.0414521533023,FALSE,"HMGCR"
"ACH-001630","PEO1","Ovary/Fallopian Tube","Ovarian Epithelial Tumor","Serous Ovarian Cancer","SOC",-1.04930640022929,FALSE,"HMGCR"
"ACH-001632","PEO4","Ovary/Fallopian Tube","Ovarian Epithelial Tumor","Serous Ovarian Cancer","SOC",-1.27748333829346,FALSE,"HMGCR"
"ACH-001634","PGA-1","Lymphoid","Mature B-Cell Neoplasms","Chronic Lymphocytic Leukemia/Small Lymphocytic Lymphoma","CLLSLL",-1.45937075355223,FALSE,"HMGCR"
"ACH-001636","Ramos","Lymphoid","Mature B-Cell Neoplasms","Burkitt Lymphoma","BL",NA,FALSE,"HMGCR"
"ACH-001638","RC-K8","Lymphoid","Mature B-Cell Neoplasms","Germinal Center B-Cell Type","GCB",NA,FALSE,"HMGCR"
"ACH-001639","ROS-50","Lymphoid","Mature B-Cell Neoplasms","Diffuse Large B-Cell Lymphoma, NOS","DLBCLNOS",-0.437140219068134,FALSE,"HMGCR"
"ACH-001641","SAT","Head and Neck","Head and Neck Squamous Cell Carcinoma","Head and Neck Squamous Cell Carcinoma","HNSC",-0.984743200418891,FALSE,"HMGCR"
"ACH-001642","SCC-3","Lymphoid","Non-Hodgkin Lymphoma","Mature B-Cell Neoplasms","MBN",-1.06539209437431,FALSE,"HMGCR"
"ACH-001643","SCCH-196","Bone","Ewing Sarcoma","Ewing Sarcoma","ES",-0.659270798577637,FALSE,"HMGCR"
"ACH-001645","SEKI","Skin","Melanoma","Melanoma","MEL",-1.24528789851041,FALSE,"HMGCR"
"ACH-001647","SHI-1","Myeloid","Acute Myeloid Leukemia","Acute Monoblastic/Monocytic Leukemia","AMOL",-0.787740131733835,FALSE,"HMGCR"
"ACH-001648","Shmac 4","Prostate","Non-Cancerous","Immortalized Epithelial Cells, Prostate","",-1.14083835825796,FALSE,"HMGCR"
"ACH-001649","Shmac 5","Prostate","Non-Cancerous","Immortalized Epithelial Cells, Prostate","",-0.770966653453645,FALSE,"HMGCR"
"ACH-001650","SISO","Cervix","Cervical Adenocarcinoma","Cervical Adenocarcinoma","CEAD",-0.890730181806894,FALSE,"HMGCR"
"ACH-001651","SKG-I","Cervix","Cervical Squamous Cell Carcinoma","Cervical Squamous Cell Carcinoma","CESC",-1.29488959050251,FALSE,"HMGCR"
"ACH-001652","SKG-II","Cervix","Cervical Squamous Cell Carcinoma","Cervical Squamous Cell Carcinoma","CESC",-1.1345508786315,FALSE,"HMGCR"
"ACH-001653","SK-GT-2","Esophagus/Stomach","Esophagogastric Adenocarcinoma","Stomach Adenocarcinoma","STAD",-1.04265807835822,FALSE,"HMGCR"
"ACH-001654","SK-GT-4","Esophagus/Stomach","Esophagogastric Adenocarcinoma","Esophageal Adenocarcinoma","ESCA",-0.858879247251053,FALSE,"HMGCR"
"ACH-001655","SKN","Uterus","Uterine Sarcoma/Mesenchymal","Uterine Leiomyosarcoma","ULMS",-0.637864623428257,FALSE,"HMGCR"
"ACH-001656","SKNO-1","Myeloid","Acute Myeloid Leukemia","AML with Maturation","AM",-0.943580072862064,FALSE,"HMGCR"
"ACH-001662","SNU-2372","Breast","Invasive Breast Carcinoma","Breast Invasive Cancer, NOS","BRCANOS",-1.19475777217198,FALSE,"HMGCR"
"ACH-001664","SNU-638","Esophagus/Stomach","Esophagogastric Adenocarcinoma","Stomach Adenocarcinoma","STAD",-1.17819182371155,FALSE,"HMGCR"
"ACH-001667","SU-CCS-1","Soft Tissue","Clear Cell Sarcoma","Clear Cell Sarcoma","CCS",NA,FALSE,"HMGCR"
"ACH-001668","SUSA","Testis","Non-Seminomatous Germ Cell Tumor","Teratoma","TT",-1.17839449338764,FALSE,"HMGCR"
"ACH-001669","TANOUE","Lymphoid","B-Lymphoblastic Leukemia/Lymphoma","B-Lymphoblastic Leukemia/Lymphoma","BLL",-0.85797330265389,FALSE,"HMGCR"
"ACH-001670","TASK1","CNS/Brain","Embryonal Tumor","Primitive Neuroectodermal Tumor","PNET",-0.678726077888863,FALSE,"HMGCR"
"ACH-001671","Tera-1","Testis","Non-Seminomatous Germ Cell Tumor","Embryonal Carcinoma","EMBCA",NA,FALSE,"HMGCR"
"ACH-001672","Tera-2","Testis","Non-Seminomatous Germ Cell Tumor","Embryonal Carcinoma","EMBCA",NA,FALSE,"HMGCR"
"ACH-001673","TFK-1","Biliary Tract","Intraductal Papillary Neoplasm of the Bile Duct","Extrahepatic Cholangiocarcinoma","EHCH",-1.19428560213797,FALSE,"HMGCR"
"ACH-001674","TGW","Peripheral Nervous System","Neuroblastoma","Neuroblastoma","NBL",-1.44453354492179,FALSE,"HMGCR"
"ACH-001675","TR146","Head and Neck","Head and Neck Squamous Cell Carcinoma","Oral Cavity Squamous Cell Carcinoma","OCSC",-1.19401852314683,FALSE,"HMGCR"
"ACH-001676","Ty-82","Head and Neck","Head and Neck Carcinoma, Other","NUT Midline Carcinoma of the Head and Neck","NMCHN",-1.56725999878036,FALSE,"HMGCR"
"ACH-001677","U-2904","Lymphoid","Mature B-Cell Neoplasms","Diffuse Large B-Cell Lymphoma, NOS","DLBCLNOS",-0.968882030605398,FALSE,"HMGCR"
"ACH-001678","U-2940","Lymphoid","Mature B-Cell Neoplasms","Diffuse Large B-Cell Lymphoma, NOS","DLBCLNOS",NA,FALSE,"HMGCR"
"ACH-001679","U-2973","Lymphoid","Mature B-Cell Neoplasms","High-Grade B-Cell Lymphoma, with MYC and BCL2 and/or BCL6 Rearrangements","HGBCLMYCBCL2",NA,FALSE,"HMGCR"
"ACH-001680","U-698-M","Lymphoid","B-Lymphoblastic Leukemia/Lymphoma","B-Lymphoblastic Leukemia/Lymphoma","BLL",NA,FALSE,"HMGCR"
"ACH-001683","UACC-3133","Breast","Invasive Breast Carcinoma","Breast Invasive Lobular Carcinoma","ILC",-1.20317617612024,FALSE,"HMGCR"
"ACH-001684","UCSD-AML1","Myeloid","Acute Myeloid Leukemia","Acute Myeloid Leukemia","AML",NA,FALSE,"HMGCR"
"ACH-001685","U-HO1","Lymphoid","Hodgkin Lymphoma","Hodgkin Lymphoma","HL",-0.951265859610376,FALSE,"HMGCR"
"ACH-001686","ULA","Lymphoid","Mature B-Cell Neoplasms","Diffuse Large B-Cell Lymphoma, NOS","DLBCLNOS",NA,FALSE,"HMGCR"
"ACH-001687","UM-RC-3","Kidney","Renal Cell Carcinoma","Renal Clear Cell Carcinoma","CCRCC",-1.16004062491114,FALSE,"HMGCR"
"ACH-001688","UM-RC-7","Kidney","Renal Cell Carcinoma","Renal Cell Carcinoma","RCC",-1.72962812350965,FALSE,"HMGCR"
"ACH-001690","UPCI-SCC-026","Head and Neck","Head and Neck Squamous Cell Carcinoma","Oral Cavity Squamous Cell Carcinoma","OCSC",-1.02655712809374,FALSE,"HMGCR"
"ACH-001691","UPCI-SCC-029A","Head and Neck","Head and Neck Squamous Cell Carcinoma","Oral Cavity Squamous Cell Carcinoma","OCSC",-0.664010471435959,FALSE,"HMGCR"
"ACH-001692","UPCI-SCC-040","Head and Neck","Head and Neck Squamous Cell Carcinoma","Oral Cavity Squamous Cell Carcinoma","OCSC",-1.06965618612805,FALSE,"HMGCR"
"ACH-001693","UPCI-SCC-072","Head and Neck","Head and Neck Squamous Cell Carcinoma","Oral Cavity Squamous Cell Carcinoma","OCSC",NA,FALSE,"HMGCR"
"ACH-001694","UPCI-SCC-074","Head and Neck","Head and Neck Squamous Cell Carcinoma","Oral Cavity Squamous Cell Carcinoma","OCSC",-1.29325682458879,FALSE,"HMGCR"
"ACH-001695","UPCI-SCC-099","Head and Neck","Head and Neck Squamous Cell Carcinoma","Oral Cavity Squamous Cell Carcinoma","OCSC",-0.957031860556726,FALSE,"HMGCR"
"ACH-001696","UPCI-SCC-111","Head and Neck","Head and Neck Squamous Cell Carcinoma","Oral Cavity Squamous Cell Carcinoma","OCSC",-1.01771237628909,FALSE,"HMGCR"
"ACH-001697","UPCI-SCC-114","Head and Neck","Head and Neck Squamous Cell Carcinoma","Oral Cavity Squamous Cell Carcinoma","OCSC",NA,FALSE,"HMGCR"
"ACH-001698","UPCI-SCC-116","Head and Neck","Head and Neck Squamous Cell Carcinoma","Oral Cavity Squamous Cell Carcinoma","OCSC",-0.866932233700948,FALSE,"HMGCR"
"ACH-001699","UPCI-SCC-131","Head and Neck","Head and Neck Squamous Cell Carcinoma","Oral Cavity Squamous Cell Carcinoma","OCSC",-0.894822958609134,FALSE,"HMGCR"
"ACH-001700","UPCI-SCC-172","Head and Neck","Head and Neck Squamous Cell Carcinoma","Oropharynx Squamous Cell Carcinoma","OPHSC",NA,FALSE,"HMGCR"
"ACH-001701","UPCI-SCC-200","Head and Neck","Head and Neck Squamous Cell Carcinoma","Oral Cavity Squamous Cell Carcinoma","OCSC",-0.854335061387405,FALSE,"HMGCR"
"ACH-001702","VA-ES-BJ","Soft Tissue","Epithelioid Sarcoma","Epithelioid Sarcoma","EPIS",-0.960738563416403,FALSE,"HMGCR"
"ACH-001703","VAL","Lymphoid","Mature B-Cell Neoplasms","Diffuse Large B-Cell Lymphoma, NOS","DLBCLNOS",NA,FALSE,"HMGCR"
"ACH-001704","VMRC-MELG","Skin","Melanoma","Melanoma","MEL",NA,FALSE,"HMGCR"
"ACH-001705","VP267","Breast","Invasive Breast Carcinoma","Breast Invasive Ductal Carcinoma","IDC",NA,FALSE,"HMGCR"
"ACH-001707","WA-OSEL","Lymphoid","Mature B-Cell Neoplasms","Chronic Lymphocytic Leukemia/Small Lymphocytic Lymphoma","CLLSLL",-0.822972117561438,FALSE,"HMGCR"
"ACH-001708","WSU-FSCCL","Lymphoid","Mature B-Cell Neoplasms","Follicular Lymphoma","FL",NA,FALSE,"HMGCR"
"ACH-001709","WSU-NHL","Lymphoid","Mature B-Cell Neoplasms","Diffuse Large B-Cell Lymphoma, NOS","DLBCLNOS",-0.946338771283692,FALSE,"HMGCR"
"ACH-001711","PFSK-1","CNS/Brain","Embryonal Tumor","Primitive Neuroectodermal Tumor","PNET",-0.436773091790732,FALSE,"HMGCR"
"ACH-001712","Hs 860.T","Bone","Osteosarcoma","Osteosarcoma","OS",NA,FALSE,"HMGCR"
"ACH-001715","CAL-72","Bone","Osteosarcoma","Osteosarcoma","OS",-1.45731286933638,FALSE,"HMGCR"
"ACH-001716","GOTO","Peripheral Nervous System","Neuroblastoma","Neuroblastoma","NBL",NA,FALSE,"HMGCR"
"ACH-001719","OCI-C4P","Ovary/Fallopian Tube","Ovarian Epithelial Tumor","Clear Cell Ovarian Cancer","CCOV",-1.22771128986623,FALSE,"HMGCR"
"ACH-001735","SEMK2","Lymphoid","B-Lymphoblastic Leukemia/Lymphoma","B-Lymphoblastic Leukemia/Lymphoma with t(v;11q23.3);KMT2A Rearranged","BLLKMT2A",-0.965065724396931,FALSE,"HMGCR"
"ACH-001736","HB1119","Lymphoid","B-Lymphoblastic Leukemia/Lymphoma","B-Lymphoblastic Leukemia/Lymphoma with t(12;21)(p13.2;q22.1); ETV6-RUNX1","BLLETV6RUNX1",-1.0165553045853,FALSE,"HMGCR"
"ACH-001737","CTV-1-DM","Lymphoid","Mature T and NK Neoplasms","Adult T-Cell Leukemia/Lymphoma","ATLL",-1.20254022498565,FALSE,"HMGCR"
"ACH-001738","CCRF-CEM","Lymphoid","T-Lymphoblastic Leukemia/Lymphoma","T-Lymphoblastic Leukemia/Lymphoma","TLL",NA,FALSE,"HMGCR"
"ACH-001740","RH28","Soft Tissue","Rhabdomyosarcoma","Alveolar Rhabdomyosarcoma","ARMS",-0.78882570220934,FALSE,"HMGCR"
"ACH-001743","RC2","Soft Tissue","Rhabdomyosarcoma","Alveolar Rhabdomyosarcoma","ARMS",NA,FALSE,"HMGCR"
"ACH-001745","RhJT","Soft Tissue","Rhabdomyosarcoma","Alveolar Rhabdomyosarcoma","ARMS",-0.681796486111685,FALSE,"HMGCR"
"ACH-001750","TTC442","Soft Tissue","Rhabdomyosarcoma","Embryonal Rhabdomyosarcoma","ERMS",-0.923373107261853,FALSE,"HMGCR"
"ACH-001751","Rh36","Soft Tissue","Rhabdomyosarcoma","Embryonal Rhabdomyosarcoma","ERMS",NA,FALSE,"HMGCR"
"ACH-001765","Rh4","Soft Tissue","Rhabdomyosarcoma","Alveolar Rhabdomyosarcoma","ARMS",-0.942661806983119,FALSE,"HMGCR"
"ACH-001767","CCLF_PEDS_0018_T","Fibroblast","Non-Cancerous","Fibroblast, Soft Tissue","",NA,FALSE,"HMGCR"
"ACH-001786","SNU-1544","Bowel","Colorectal Adenocarcinoma","Colon Adenocarcinoma","COAD",-0.810111076037302,FALSE,"HMGCR"
"ACH-001791","LPS6","Soft Tissue","Liposarcoma","Liposarcoma","LIPO",-0.783973443076781,FALSE,"HMGCR"
"ACH-001793","LPS27","Soft Tissue","Liposarcoma","Liposarcoma","LIPO",-1.06228031225566,FALSE,"HMGCR"
"ACH-001794","93T449","Soft Tissue","Liposarcoma","Well-Differentiated Liposarcoma","WDLS",-1.18534353920837,FALSE,"HMGCR"
"ACH-001795","94T778","Soft Tissue","Liposarcoma","Well-Differentiated Liposarcoma","WDLS",-1.01513807860456,FALSE,"HMGCR"
"ACH-001796","95T1000","Soft Tissue","Liposarcoma","Well-Differentiated Liposarcoma","WDLS",-1.01203985590323,FALSE,"HMGCR"
"ACH-001799","LPS141","Soft Tissue","Liposarcoma","Dedifferentiated Liposarcoma","DDLS",-1.08702693589025,FALSE,"HMGCR"
"ACH-001802","LPS853","Soft Tissue","Liposarcoma","Dedifferentiated Liposarcoma","DDLS",-1.02932622249089,FALSE,"HMGCR"
"ACH-001804","LPS510","Soft Tissue","Liposarcoma","Dedifferentiated Liposarcoma","DDLS",-0.680259899191442,FALSE,"HMGCR"
"ACH-001807","LPS067","Soft Tissue","Liposarcoma","Dedifferentiated Liposarcoma","DDLS",NA,FALSE,"HMGCR"
"ACH-001813","C242","Bone","Osteosarcoma","Osteosarcoma","OS",NA,FALSE,"HMGCR"
"ACH-001814","OS252","Bone","Osteosarcoma","Osteosarcoma","OS",-0.918010849255712,FALSE,"HMGCR"
"ACH-001817","C393","Bone","Osteosarcoma","Osteosarcoma","OS",NA,FALSE,"HMGCR"
"ACH-001818","C396","Bone","Osteosarcoma","Osteosarcoma","OS",NA,FALSE,"HMGCR"
"ACH-001819","MFM-223","Breast","Invasive Breast Carcinoma","Breast Invasive Ductal Carcinoma","IDC",-1.39866436203072,FALSE,"HMGCR"
"ACH-001820","COLO 824","Breast","Breast Neoplasm, NOS","Breast Neoplasm, NOS","BNNOS",-0.873216244757936,FALSE,"HMGCR"
"ACH-001825","SW527","Bowel","Colorectal Adenocarcinoma","Colon Adenocarcinoma","COAD",NA,FALSE,"HMGCR"
"ACH-001828","HCC1739 BL","Lymphoid","Non-Cancerous","Matched Normal","",NA,FALSE,"HMGCR"
"ACH-001834","ICC10","Biliary Tract","Intraductal Papillary Neoplasm of the Bile Duct","Intrahepatic Cholangiocarcinoma","IHCH",-1.04004223378914,FALSE,"HMGCR"
"ACH-001835","ICC10-6","Biliary Tract","Intraductal Papillary Neoplasm of the Bile Duct","Intrahepatic Cholangiocarcinoma","IHCH",-0.979264439541657,FALSE,"HMGCR"
"ACH-001836","ICC10-8","Biliary Tract","Intraductal Papillary Neoplasm of the Bile Duct","Intrahepatic Cholangiocarcinoma","IHCH",-1.07358209118052,FALSE,"HMGCR"
"ACH-001838","ICC12","Biliary Tract","Intraductal Papillary Neoplasm of the Bile Duct","Intrahepatic Cholangiocarcinoma","IHCH",-1.37132682344977,FALSE,"HMGCR"
"ACH-001839","ICC13-7","Biliary Tract","Intraductal Papillary Neoplasm of the Bile Duct","Intrahepatic Cholangiocarcinoma","IHCH",-1.16225045298274,FALSE,"HMGCR"
"ACH-001841","ICC15","Biliary Tract","Intraductal Papillary Neoplasm of the Bile Duct","Intrahepatic Cholangiocarcinoma","IHCH",-0.989355915860268,FALSE,"HMGCR"
"ACH-001842","ICC2","Biliary Tract","Intraductal Papillary Neoplasm of the Bile Duct","Intrahepatic Cholangiocarcinoma","IHCH",-1.5602768322889,FALSE,"HMGCR"
"ACH-001843","ICC3","Biliary Tract","Intraductal Papillary Neoplasm of the Bile Duct","Intrahepatic Cholangiocarcinoma","IHCH",-0.868099856616011,FALSE,"HMGCR"
"ACH-001844","ICC4","Biliary Tract","Intraductal Papillary Neoplasm of the Bile Duct","Intrahepatic Cholangiocarcinoma","IHCH",-1.11500036235025,FALSE,"HMGCR"
"ACH-001845","ICC5","Biliary Tract","Intraductal Papillary Neoplasm of the Bile Duct","Intrahepatic Cholangiocarcinoma","IHCH",NA,FALSE,"HMGCR"
"ACH-001846","ICC6","Biliary Tract","Intraductal Papillary Neoplasm of the Bile Duct","Intrahepatic Cholangiocarcinoma","IHCH",NA,FALSE,"HMGCR"
"ACH-001847","ICC7","Biliary Tract","Intraductal Papillary Neoplasm of the Bile Duct","Intrahepatic Cholangiocarcinoma","IHCH",NA,FALSE,"HMGCR"
"ACH-001848","ICC8","Biliary Tract","Intraductal Papillary Neoplasm of the Bile Duct","Intrahepatic Cholangiocarcinoma","IHCH",-1.1641934576801,FALSE,"HMGCR"
"ACH-001849","ICC9","Biliary Tract","Intraductal Papillary Neoplasm of the Bile Duct","Intrahepatic Cholangiocarcinoma","IHCH",-0.988893436045426,FALSE,"HMGCR"
"ACH-001850","G415","Biliary Tract","Intracholecystic Papillary Neoplasm","Gallbladder Adenocarcinoma, NOS","GBAD",-1.1113045230173,FALSE,"HMGCR"
"ACH-001852","HKGZ-CC","Biliary Tract","Intraductal Papillary Neoplasm of the Bile Duct","Intrahepatic Cholangiocarcinoma","IHCH",-1.28217740896683,FALSE,"HMGCR"
"ACH-001853","KMCH-1","Liver","Hepatocellular Carcinoma plus Intrahepatic Cholangiocarcinoma","Hepatocellular Carcinoma plus Intrahepatic Cholangiocarcinoma","HCCIHCH",-0.915751888075683,FALSE,"HMGCR"
"ACH-001854","MMNK-1","Biliary Tract","Non-Cancerous","Immortalized Cholangiocyte, Highly Differentiated","",NA,FALSE,"HMGCR"
"ACH-001855","OZ","Biliary Tract","Intraductal Papillary Neoplasm of the Bile Duct","Intrahepatic Cholangiocarcinoma","IHCH",NA,FALSE,"HMGCR"
"ACH-001856","RBE","Biliary Tract","Intraductal Papillary Neoplasm of the Bile Duct","Intrahepatic Cholangiocarcinoma","IHCH",-1.17779129630805,FALSE,"HMGCR"
"ACH-001857","SG231","Biliary Tract","Intraductal Papillary Neoplasm of the Bile Duct","Intrahepatic Cholangiocarcinoma","IHCH",-1.00761568102699,FALSE,"HMGCR"
"ACH-001858","SSP-25","Biliary Tract","Intraductal Papillary Neoplasm of the Bile Duct","Intrahepatic Cholangiocarcinoma","IHCH",-1.18064638905692,FALSE,"HMGCR"
"ACH-001861","TGBC1TKB","Biliary Tract","Intracholecystic Papillary Neoplasm","Gallbladder Cancer","GBC",-1.39560333559866,FALSE,"HMGCR"
"ACH-001862","TGBC52TKB","Ampulla of Vater","Ampullary Carcinoma","Ampullary Carcinoma","AMPCA",-2.10348508421529,FALSE,"HMGCR"
"ACH-001863","TKKK","Biliary Tract","Intraductal Papillary Neoplasm of the Bile Duct","Intrahepatic Cholangiocarcinoma","IHCH",-0.975183656502916,FALSE,"HMGCR"
"ACH-001864","YSCCC","Biliary Tract","Intraductal Papillary Neoplasm of the Bile Duct","Intrahepatic Cholangiocarcinoma","IHCH",-1.44925656295952,FALSE,"HMGCR"
"ACH-001949","MA-MEL-46","Skin","Melanoma","Melanoma","MEL",NA,FALSE,"HMGCR"
"ACH-001953","MA-MEL-27","Skin","Melanoma","Melanoma","MEL",NA,FALSE,"HMGCR"
"ACH-001958","MS1","Lung","Lung Neuroendocrine Tumor","Small Cell Lung Cancer","SCLC",NA,FALSE,"HMGCR"
"ACH-001959","CC-LP-1","Biliary Tract","Intraductal Papillary Neoplasm of the Bile Duct","Intrahepatic Cholangiocarcinoma","IHCH",-1.07665798133985,FALSE,"HMGCR"
"ACH-001960","CC-SW-1","Biliary Tract","Intraductal Papillary Neoplasm of the Bile Duct","Intrahepatic Cholangiocarcinoma","IHCH",-1.00733993755397,FALSE,"HMGCR"
"ACH-001961","GB2","Biliary Tract","Intracholecystic Papillary Neoplasm","Gallbladder Adenocarcinoma, NOS","GBAD",-0.689979673428436,FALSE,"HMGCR"
"ACH-001970","MM253","Skin","Melanoma","Melanoma","MEL",-1.48682315683785,FALSE,"HMGCR"
"ACH-001971","MM466","Skin","Melanoma","Melanoma","MEL",NA,FALSE,"HMGCR"
"ACH-001972","MM473","Skin","Melanoma","Melanoma","MEL",-0.961706495909611,FALSE,"HMGCR"
"ACH-001973","MM485","Skin","Melanoma","Melanoma","MEL",-0.93723166633692,FALSE,"HMGCR"
"ACH-001974","MM537","Skin","Melanoma","Melanoma","MEL",NA,FALSE,"HMGCR"
"ACH-001975","MM576","Skin","Melanoma","Melanoma","MEL",-1.43915937051186,FALSE,"HMGCR"
"ACH-001976","MM603","Skin","Melanoma","Melanoma","MEL",NA,FALSE,"HMGCR"
"ACH-001977","NO36","Pleura","Pleural Mesothelioma","Pleural Mesothelioma, Epithelioid Type","PLEMESO",-1.26396953392929,FALSE,"HMGCR"
"ACH-001978","NZM1","Skin","Melanoma","Melanoma","MEL",NA,FALSE,"HMGCR"
"ACH-001979","NZM11","Skin","Melanoma","Melanoma","MEL",NA,FALSE,"HMGCR"
"ACH-001980","NZM12","Skin","Melanoma","Melanoma","MEL",NA,FALSE,"HMGCR"
"ACH-001981","NZM2","Skin","Melanoma","Melanoma","MEL",NA,FALSE,"HMGCR"
"ACH-001982","NZM3","Skin","Melanoma","Melanoma","MEL",-1.15492916501519,FALSE,"HMGCR"
"ACH-001983","NZM30","Skin","Melanoma","Melanoma","MEL",NA,FALSE,"HMGCR"
"ACH-001984","NZM4","Skin","Melanoma","Melanoma","MEL",NA,FALSE,"HMGCR"
"ACH-001985","NZM40","Skin","Melanoma","Melanoma","MEL",NA,FALSE,"HMGCR"
"ACH-001986","NZM42","Skin","Melanoma","Melanoma","MEL",-1.35692429578717,FALSE,"HMGCR"
"ACH-001987","NZM43","Skin","Melanoma","Melanoma","MEL",NA,FALSE,"HMGCR"
"ACH-001988","NZM5","Skin","Melanoma","Melanoma","MEL",NA,FALSE,"HMGCR"
"ACH-001989","NZM6","Skin","Melanoma","Melanoma","MEL",NA,FALSE,"HMGCR"
"ACH-001990","NZM7","Skin","Melanoma","Melanoma","MEL",-1.25463178522963,FALSE,"HMGCR"
"ACH-001991","NZOV9","Ovary/Fallopian Tube","Ovarian Epithelial Tumor","Endometrioid Ovarian Cancer","EOV",-0.724776475595056,FALSE,"HMGCR"
"ACH-001992","ONE58","Pleura","Pleural Mesothelioma","Pleural Mesothelioma, Epithelioid Type","PLEMESO",-0.979130931768681,FALSE,"HMGCR"
"ACH-001993","NALM-16","Lymphoid","B-Lymphoblastic Leukemia/Lymphoma","B-Lymphoblastic Leukemia/Lymphoma with Hypodiploidy","BLLHYPO",-1.30859272706448,FALSE,"HMGCR"
"ACH-001994","ICC16","Biliary Tract","Intraductal Papillary Neoplasm of the Bile Duct","Intrahepatic Cholangiocarcinoma","IHCH",NA,FALSE,"HMGCR"
"ACH-001996","ICC18","Biliary Tract","Intraductal Papillary Neoplasm of the Bile Duct","Intrahepatic Cholangiocarcinoma","IHCH",NA,FALSE,"HMGCR"
"ACH-001997","ECC2","Biliary Tract","Intraductal Papillary Neoplasm of the Bile Duct","Extrahepatic Cholangiocarcinoma","EHCH",-1.16554899257347,FALSE,"HMGCR"
"ACH-001999","950-5-BIK","Pancreas","Pancreatic Adenocarcinoma","Pancreatic Adenocarcinoma","PAAD",-1.28149764975783,FALSE,"HMGCR"
"ACH-002001","A375 SKIN CJ1","Skin","Melanoma","Melanoma","MEL",-1.25348283673009,FALSE,"HMGCR"
"ACH-002002","A375 SKIN CJ2","Skin","Melanoma","Melanoma","MEL",-1.04569177588611,FALSE,"HMGCR"
"ACH-002003","A375 SKIN CJ3","Skin","Melanoma","Melanoma","MEL",-0.863586570727185,FALSE,"HMGCR"
"ACH-002004","UACC62 SKIN CJ1","Skin","Melanoma","Melanoma","MEL",-0.655057751993654,FALSE,"HMGCR"
"ACH-002005","SK-MEL-19","Skin","Melanoma","Cutaneous Melanoma","SKCM",-1.30329715579722,FALSE,"HMGCR"
"ACH-002010","MP41","Eye","Ocular Melanoma","Uveal Melanoma","UM",NA,FALSE,"HMGCR"
"ACH-002011","MP46","Eye","Ocular Melanoma","Uveal Melanoma","UM",NA,FALSE,"HMGCR"
"ACH-002013","MM28","Eye","Ocular Melanoma","Uveal Melanoma","UM",NA,FALSE,"HMGCR"
"ACH-002014","Mel270","Eye","Ocular Melanoma","Uveal Melanoma","UM",-1.31615668792388,FALSE,"HMGCR"
"ACH-002015","Mel285","Eye","Ocular Melanoma","Uveal Melanoma","UM",-1.08336787598777,FALSE,"HMGCR"
"ACH-002016","Mel290","Eye","Ocular Melanoma","Uveal Melanoma","UM",-1.25833188688251,FALSE,"HMGCR"
"ACH-002017","Omm1","Eye","Ocular Melanoma","Uveal Melanoma","UM",NA,FALSE,"HMGCR"
"ACH-002018","Omm2.5","Eye","Ocular Melanoma","Uveal Melanoma","UM",-1.42793204181852,FALSE,"HMGCR"
"ACH-002019","HOKUG","Cervix","Glassy Cell Carcinoma of the Cervix","Glassy Cell Carcinoma of the Cervix","CEGCC",-0.877701302946509,FALSE,"HMGCR"
"ACH-002020","SKG-IIIa","Cervix","Cervical Squamous Cell Carcinoma","Cervical Squamous Cell Carcinoma","CESC",-1.28861386059484,FALSE,"HMGCR"
"ACH-002021","T3M-3","Uterus","Gestational Trophoblastic Disease","Choriocarcinoma","UCCA",-0.78795333473318,FALSE,"HMGCR"
"ACH-002023","TGBC18TKB","Ampulla of Vater","Ampullary Carcinoma","Ampullary Carcinoma","AMPCA",-1.09398470512001,FALSE,"HMGCR"
"ACH-002024","ECC4","Bowel","Colorectal Adenocarcinoma","Rectal Adenocarcinoma","READ",-0.829394051020173,FALSE,"HMGCR"
"ACH-002025","TT1TKB","Bowel","Colorectal Adenocarcinoma","Rectal Adenocarcinoma","READ",-1.22136198577087,FALSE,"HMGCR"
"ACH-002026","HHUA","Uterus","Endometrial Carcinoma","Endometrial Carcinoma","UCEC",-1.0894189801062,FALSE,"HMGCR"
"ACH-002027","HOUA-I","Uterus","Endometrial Carcinoma","Endometrial Carcinoma","UCEC",-0.653772653462631,FALSE,"HMGCR"
"ACH-002029","SAS","Head and Neck","Head and Neck Squamous Cell Carcinoma","Oral Cavity Squamous Cell Carcinoma","OCSC",-1.10387715895095,FALSE,"HMGCR"
"ACH-002030","Sa3","Head and Neck","Head and Neck Squamous Cell Carcinoma","Oral Cavity Squamous Cell Carcinoma","OCSC",-1.03911120171254,FALSE,"HMGCR"
"ACH-002033","HMMME","Pleura","Pleural Mesothelioma","Pleural Mesothelioma, Epithelioid Type","PLEMESO",-1.1958407874587,FALSE,"HMGCR"
"ACH-002034","T3M-11","Lung","Non-Small Cell Lung Cancer","NUT Carcinoma of the Lung","NUTCL",NA,FALSE,"HMGCR"
"ACH-002035","LCAM1","Lung","Non-Small Cell Lung Cancer","Poorly Differentiated Non-Small Cell Lung Cancer","NSCLCPD",-0.973572645869705,FALSE,"HMGCR"
"ACH-002036","WA-hT","Lung","Lung Neuroendocrine Tumor","Small Cell Lung Cancer","SCLC",NA,FALSE,"HMGCR"
"ACH-002038","HSKTC","Ovary/Fallopian Tube","Ovarian Cancer, Other","Ovarian Cancer, Other","OOVC",NA,FALSE,"HMGCR"
"ACH-002039","PK-8","Pancreas","Pancreatic Adenocarcinoma","Pancreatic Adenocarcinoma","PAAD",-1.03405307562513,FALSE,"HMGCR"
"ACH-002040","HMV-II","Vulva/Vagina","Mucosal Melanoma of the Vulva/Vagina","Mucosal Melanoma of the Vulva/Vagina","VMM",-1.70723920750992,FALSE,"HMGCR"
"ACH-002041","HOTHC","Thyroid","Anaplastic Thyroid Cancer","Anaplastic Thyroid Cancer","THAP",-1.05338083736966,FALSE,"HMGCR"
"ACH-002042","T3M-5","Head and Neck","Head and Neck Squamous Cell Carcinoma","Head and Neck Squamous Cell Carcinoma","HNSC",-1.3330438922466,FALSE,"HMGCR"
"ACH-002043","Ca9-22","Head and Neck","Head and Neck Squamous Cell Carcinoma","Oral Cavity Squamous Cell Carcinoma","OCSC",-1.1404570048697,FALSE,"HMGCR"
"ACH-002044","HSQ-89","Head and Neck","Head and Neck Squamous Cell Carcinoma","Sinonasal Squamous Cell Carcinoma","SNSC",-1.07832039161464,FALSE,"HMGCR"
"ACH-002045","HO-1-u-1","Head and Neck","Head and Neck Squamous Cell Carcinoma","Oral Cavity Squamous Cell Carcinoma","OCSC",-0.803491490300871,FALSE,"HMGCR"
"ACH-002046","HTMMT","Uterus","Endometrial Carcinoma","Uterine Carcinosarcoma/Uterine Malignant Mixed Mullerian Tumor","UCS",-0.901214960845735,FALSE,"HMGCR"
"ACH-002047","HIRS-BM","Uterus","Endometrial Carcinoma","Uterine Carcinosarcoma/Uterine Malignant Mixed Mullerian Tumor","UCS",NA,FALSE,"HMGCR"
"ACH-002048","RMS-YM","Soft Tissue","Rhabdomyosarcoma","Embryonal Rhabdomyosarcoma","ERMS",-0.724586003993877,FALSE,"HMGCR"
"ACH-002050","HTST","Other","Extra Gonadal Germ Cell Tumor","Extra Gonadal Germ Cell Tumor","EGCT",NA,FALSE,"HMGCR"
"ACH-002051","Lu-134-A","Lung","Lung Neuroendocrine Tumor","Small Cell Lung Cancer","SCLC",-0.938973302661957,FALSE,"HMGCR"
"ACH-002052","Lu-139","Lung","Lung Neuroendocrine Tumor","Small Cell Lung Cancer","SCLC",-0.819247961069098,FALSE,"HMGCR"
"ACH-002055","TL-1","Lymphoid","Mature B-Cell Neoplasms","Burkitt Lymphoma","BL",-1.09403483719444,FALSE,"HMGCR"
"ACH-002058","ATN-1","Lymphoid","Mature T and NK Neoplasms","Adult T-Cell Leukemia/Lymphoma","ATLL",NA,FALSE,"HMGCR"
"ACH-002059","P30/OHK","Lymphoid","B-Lymphoblastic Leukemia/Lymphoma","B-Lymphoblastic Leukemia/Lymphoma","BLL",-0.713794435280319,FALSE,"HMGCR"
"ACH-002060","MY","Myeloid","Acute Leukemias of Ambiguous Lineage","Acute Leukemias of Ambiguous Lineage","ALAL",NA,FALSE,"HMGCR"
"ACH-002061","P2UR/K-562","Myeloid","Myeloproliferative Neoplasms","Chronic Myeloid Leukemia, BCR-ABL1+","CMLBCRABL1",-0.887168637235664,FALSE,"HMGCR"
"ACH-002062","SLVL","Lymphoid","Mature B-Cell Neoplasms","Splenic Marginal Zone Lymphoma","SMZL",-0.829784761532108,FALSE,"HMGCR"
"ACH-002065","HS-PSS","Peripheral Nervous System","Nerve Sheath Tumor","Malignant Peripheral Nerve Sheath Tumor","MPNST",NA,FALSE,"HMGCR"
"ACH-002066","HS-Sch-2","Peripheral Nervous System","Nerve Sheath Tumor","Malignant Peripheral Nerve Sheath Tumor","MPNST",-1.27916493521655,FALSE,"HMGCR"
"ACH-002067","NOS-1","Bone","Osteosarcoma","Osteosarcoma","OS",-0.937156202778631,FALSE,"HMGCR"
"ACH-002069","HS-Os-1","Bone","Osteosarcoma","Osteosarcoma","OS",-0.486933615991697,FALSE,"HMGCR"
"ACH-002070","HKBMM","CNS/Brain","Meningothelial Tumor","Meningioma","MNG",-0.974020426538301,FALSE,"HMGCR"
"ACH-002074","Lu-143","Lung","Lung Neuroendocrine Tumor","Small Cell Lung Cancer","SCLC",NA,FALSE,"HMGCR"
"ACH-002075","Lu-138","Lung","Lung Neuroendocrine Tumor","Small Cell Lung Cancer","SCLC",NA,FALSE,"HMGCR"
"ACH-002077","Lu-165","Lung","Lung Neuroendocrine Tumor","Small Cell Lung Cancer","SCLC",-1.40487791279054,FALSE,"HMGCR"
"ACH-002080","TN-2","Peripheral Nervous System","Neuroblastoma","Neuroblastoma","NBL",-1.0979808962992,FALSE,"HMGCR"
"ACH-002083","NB69","Peripheral Nervous System","Neuroblastoma","Neuroblastoma","NBL",-0.549579849333949,FALSE,"HMGCR"
"ACH-002084","MMAc","Skin","Melanoma","Melanoma","MEL",-1.04126929621357,FALSE,"HMGCR"
"ACH-002085","HS-SY-II","Soft Tissue","Synovial Sarcoma","Synovial Sarcoma","SYNS",NA,FALSE,"HMGCR"
"ACH-002089","201T","Lung","Non-Small Cell Lung Cancer","Lung Adenocarcinoma","LUAD",NA,FALSE,"HMGCR"
"ACH-002090","BB65-RCC","Kidney","Renal Cell Carcinoma","Renal Cell Carcinoma","RCC",NA,FALSE,"HMGCR"
"ACH-002091","CAL-39","Vulva/Vagina","Squamous Cell Carcinoma of the Vulva/Vagina","Squamous Cell Carcinoma of the Vulva/Vagina","VSC",NA,FALSE,"HMGCR"
"ACH-002092","CHSA0011","Bone","Chondrosarcoma","Chondrosarcoma","CHS",NA,FALSE,"HMGCR"
"ACH-002093","CHSA0108","Bone","Chondrosarcoma","Chondrosarcoma","CHS",NA,FALSE,"HMGCR"
"ACH-002094","CHSA8926","Bone","Chondrosarcoma","Chondrosarcoma","CHS",NA,FALSE,"HMGCR"
"ACH-002095","COR-L303","Lung","Lung Neuroendocrine Tumor","Small Cell Lung Cancer","SCLC",NA,FALSE,"HMGCR"
"ACH-002096","CP50-MEL-B","Skin","Melanoma","Melanoma","MEL",NA,FALSE,"HMGCR"
"ACH-002097","CP66-MEL","Skin","Melanoma","Melanoma","MEL",NA,FALSE,"HMGCR"
"ACH-002098","CP67-MEL","Skin","Melanoma","Melanoma","MEL",NA,FALSE,"HMGCR"
"ACH-002099","CS1","Bone","Chondrosarcoma","Chondrosarcoma","CHS",NA,FALSE,"HMGCR"
"ACH-002100","DJM-1","Skin","Cutaneous Squamous Cell Carcinoma","Cutaneous Squamous Cell Carcinoma","CSCC",NA,FALSE,"HMGCR"
"ACH-002101","EMC-BAC-1","Lung","Non-Small Cell Lung Cancer","Non-Small Cell Lung Cancer","NSCLC",NA,FALSE,"HMGCR"
"ACH-002102","EMC-BAC-2","Lung","Non-Small Cell Lung Cancer","Non-Small Cell Lung Cancer","NSCLC",NA,FALSE,"HMGCR"
"ACH-002103","ES1","Bone","Ewing Sarcoma","Ewing Sarcoma","ES",NA,FALSE,"HMGCR"
"ACH-002104","ES3","Bone","Ewing Sarcoma","Ewing Sarcoma","ES",NA,FALSE,"HMGCR"
"ACH-002105","ES4","Bone","Ewing Sarcoma","Ewing Sarcoma","ES",-0.680323891373422,FALSE,"HMGCR"
"ACH-002106","ES5","Bone","Ewing Sarcoma","Ewing Sarcoma","ES",-0.500269798861704,FALSE,"HMGCR"
"ACH-002107","ES6","Bone","Ewing Sarcoma","Ewing Sarcoma","ES",NA,FALSE,"HMGCR"
"ACH-002108","ES7","Bone","Ewing Sarcoma","Ewing Sarcoma","ES",NA,FALSE,"HMGCR"
"ACH-002109","ES8","Bone","Ewing Sarcoma","Ewing Sarcoma","ES",-0.562393782156913,FALSE,"HMGCR"
"ACH-002110","EW-1","Bone","Ewing Sarcoma","Ewing Sarcoma","ES",-0.423431863101579,FALSE,"HMGCR"
"ACH-002111","EW-11","Bone","Ewing Sarcoma","Ewing Sarcoma","ES",NA,FALSE,"HMGCR"
"ACH-002112","EW-12","Bone","Ewing Sarcoma","Ewing Sarcoma","ES",NA,FALSE,"HMGCR"
"ACH-002113","EW-13","Bone","Ewing Sarcoma","Ewing Sarcoma","ES",NA,FALSE,"HMGCR"
"ACH-002114","EW-16","Bone","Ewing Sarcoma","Ewing Sarcoma","ES",-0.712164308988012,FALSE,"HMGCR"
"ACH-002115","EW-18","Bone","Ewing Sarcoma","Ewing Sarcoma","ES",NA,FALSE,"HMGCR"
"ACH-002116","EW-22","Bone","Ewing Sarcoma","Ewing Sarcoma","ES",-0.53743442546334,FALSE,"HMGCR"
"ACH-002117","EW-24","Bone","Ewing Sarcoma","Ewing Sarcoma","ES",NA,FALSE,"HMGCR"
"ACH-002118","EW-3","Bone","Ewing Sarcoma","Ewing Sarcoma","ES",NA,FALSE,"HMGCR"
"ACH-002119","EW-7","Bone","Ewing Sarcoma","Ewing Sarcoma","ES",-0.778182915730142,FALSE,"HMGCR"
"ACH-002120","GAK","Vulva/Vagina","Mucosal Melanoma of the Vulva/Vagina","Mucosal Melanoma of the Vulva/Vagina","VMM",NA,FALSE,"HMGCR"
"ACH-002121","G-MEL","Skin","Melanoma","Cutaneous Melanoma","SKCM",NA,FALSE,"HMGCR"
"ACH-002122","GT3TKB","Lung","Non-Small Cell Lung Cancer","Lung Squamous Cell Carcinoma","LUSC",NA,FALSE,"HMGCR"
"ACH-002123","H2369","Pleura","Pleural Mesothelioma","Pleural Mesothelioma","PLMESO",NA,FALSE,"HMGCR"
"ACH-002124","H2373","Pleura","Pleural Mesothelioma","Pleural Mesothelioma, Sarcomatoid Type","PLSMESO",NA,FALSE,"HMGCR"
"ACH-002125","H2461","Pleura","Pleural Mesothelioma","Pleural Mesothelioma, Epithelioid Type","PLEMESO",NA,FALSE,"HMGCR"
"ACH-002126","H2591","Pleura","Pleural Mesothelioma","Pleural Mesothelioma, Epithelioid Type","PLEMESO",NA,FALSE,"HMGCR"
"ACH-002127","H2595","Pleura","Pleural Mesothelioma","Pleural Mesothelioma, Epithelioid Type","PLEMESO",NA,FALSE,"HMGCR"
"ACH-002128","H2722","Pleura","Pleural Mesothelioma","Pleural Mesothelioma","PLMESO",NA,FALSE,"HMGCR"
"ACH-002129","H2731","Pleura","Pleural Mesothelioma","Pleural Mesothelioma, Sarcomatoid Type","PLSMESO",NA,FALSE,"HMGCR"
"ACH-002130","H2795","Pleura","Pleural Mesothelioma","Pleural Mesothelioma, Epithelioid Type","PLEMESO",NA,FALSE,"HMGCR"
"ACH-002131","H2803","Pleura","Pleural Mesothelioma","Pleural Mesothelioma","PLMESO",NA,FALSE,"HMGCR"
"ACH-002132","H2804","Pleura","Pleural Mesothelioma","Pleural Mesothelioma","PLMESO",NA,FALSE,"HMGCR"
"ACH-002133","H2810","Pleura","Pleural Mesothelioma","Pleural Mesothelioma, Epithelioid Type","PLEMESO",NA,FALSE,"HMGCR"
"ACH-002134","H2818","Pleura","Pleural Mesothelioma","Pleural Mesothelioma, Epithelioid Type","PLEMESO",NA,FALSE,"HMGCR"
"ACH-002135","H2869","Pleura","Pleural Mesothelioma","Pleural Mesothelioma, Biphasic Type","PLBMESO",NA,FALSE,"HMGCR"
"ACH-002136","H290","Pleura","Pleural Mesothelioma","Pleural Mesothelioma","PLMESO",NA,FALSE,"HMGCR"
"ACH-002138","H513","Lung","Non-Small Cell Lung Cancer","Lung Adenosquamous Carcinoma","LUAS",NA,FALSE,"HMGCR"
"ACH-002139","HA7-RCC","Kidney","Renal Cell Carcinoma","Renal Cell Carcinoma","RCC",NA,FALSE,"HMGCR"
"ACH-002140","Hey","Ovary/Fallopian Tube","Ovarian Epithelial Tumor","High-Grade Serous Ovarian Cancer","HGSOC",-0.712025328196035,FALSE,"HMGCR"
"ACH-002141","HSC-39","Esophagus/Stomach","Esophagogastric Adenocarcinoma","Signet Ring Cell Carcinoma of the Stomach","SSRCC",-0.745251961591625,FALSE,"HMGCR"
"ACH-002142","HuO-3N1","Bone","Osteosarcoma","Osteosarcoma","OS",NA,FALSE,"HMGCR"
"ACH-002143","IST-MEL1","Skin","Melanoma","Melanoma","MEL",-1.96518279452091,FALSE,"HMGCR"
"ACH-002144","IST-SL1","Lung","Lung Neuroendocrine Tumor","Small Cell Lung Cancer","SCLC",NA,FALSE,"HMGCR"
"ACH-002145","IST-SL2","Lung","Lung Neuroendocrine Tumor","Small Cell Lung Cancer","SCLC",NA,FALSE,"HMGCR"
"ACH-002146","JHOS-3","Ovary/Fallopian Tube","Ovarian Epithelial Tumor","Serous Ovarian Cancer","SOC",NA,FALSE,"HMGCR"
"ACH-002147","K2","Skin","Melanoma","Melanoma","MEL",NA,FALSE,"HMGCR"
"ACH-002148","K5","Thyroid","Well-Differentiated Thyroid Cancer","Papillary Thyroid Cancer","THPA",NA,FALSE,"HMGCR"
"ACH-002149","KGN","Ovary/Fallopian Tube","Sex Cord Stromal Tumor","Granulosa Cell Tumor","GRCT",NA,FALSE,"HMGCR"
"ACH-002150","LB1047-RCC","Kidney","Renal Cell Carcinoma","Renal Cell Carcinoma","RCC",-1.12710434797158,FALSE,"HMGCR"
"ACH-002151","LB2241-RCC","Kidney","Renal Cell Carcinoma","Renal Cell Carcinoma","RCC",NA,FALSE,"HMGCR"
"ACH-002152","LB2518-MEL","Skin","Melanoma","Melanoma","MEL",NA,FALSE,"HMGCR"
"ACH-002153","LB373-MEL-D","Skin","Melanoma","Melanoma","MEL",NA,FALSE,"HMGCR"
"ACH-002154","LB647-SCLC","Lung","Lung Neuroendocrine Tumor","Small Cell Lung Cancer","SCLC",NA,FALSE,"HMGCR"
"ACH-002155","LB996-RCC","Kidney","Renal Cell Carcinoma","Renal Cell Carcinoma","RCC",NA,FALSE,"HMGCR"
"ACH-002156","LC-1-sq","Lung","Non-Small Cell Lung Cancer","Lung Squamous Cell Carcinoma","LUSC",-0.994219972324388,FALSE,"HMGCR"
"ACH-002157","LC-2-ad","Lung","Non-Small Cell Lung Cancer","Lung Adenocarcinoma","LUAD",NA,FALSE,"HMGCR"
"ACH-002158","LU-99A","Lung","Non-Small Cell Lung Cancer","Giant Cell Carcinoma of the Lung","GCLC",NA,FALSE,"HMGCR"
"ACH-002159","M14","Skin","Melanoma","Melanoma","MEL",NA,FALSE,"HMGCR"
"ACH-002160","MC-IXC","Bone","Ewing Sarcoma","Ewing Sarcoma","ES",-0.287357492411393,FALSE,"HMGCR"
"ACH-002161","MKN28","Esophagus/Stomach","Esophagogastric Adenocarcinoma","Tubular Stomach Adenocarcinoma","TSTAD",-1.06001431688944,FALSE,"HMGCR"
"ACH-002162","MMAC-SF","Skin","Melanoma","Melanoma","MEL",NA,FALSE,"HMGCR"
"ACH-002163","MRK-nu-1","Breast","Invasive Breast Carcinoma","Breast Invasive Lobular Carcinoma","ILC",NA,FALSE,"HMGCR"
"ACH-002164","MZ1-PC","Pancreas","Pancreatic Adenocarcinoma","Pancreatic Adenocarcinoma","PAAD",NA,FALSE,"HMGCR"
"ACH-002165","MZ2-MEL","Skin","Melanoma","Melanoma","MEL",NA,FALSE,"HMGCR"
"ACH-002166","MZ7-mel","Skin","Melanoma","Melanoma","MEL",NA,FALSE,"HMGCR"
"ACH-002167","NCC010","Kidney","Renal Cell Carcinoma","Renal Cell Carcinoma","RCC",NA,FALSE,"HMGCR"
"ACH-002168","NCC021","Kidney","Renal Cell Carcinoma","Renal Cell Carcinoma","RCC",NA,FALSE,"HMGCR"
"ACH-002169","NCI-H1304","Lung","Lung Neuroendocrine Tumor","Small Cell Lung Cancer","SCLC",NA,FALSE,"HMGCR"
"ACH-002170","NCI-H1688","Lung","Lung Neuroendocrine Tumor","Small Cell Lung Cancer","SCLC",NA,FALSE,"HMGCR"
"ACH-002171","NCI-H250","Lung","Lung Neuroendocrine Tumor","Small Cell Lung Cancer","SCLC",NA,FALSE,"HMGCR"
"ACH-002172","NCI-H322M","Lung","Non-Small Cell Lung Cancer","Lung Adenocarcinoma","LUAD",NA,FALSE,"HMGCR"
"ACH-002173","NCI-H378","Lung","Lung Neuroendocrine Tumor","Small Cell Lung Cancer","SCLC",NA,FALSE,"HMGCR"
"ACH-002174","NCI-H720","Lung","Lung Neuroendocrine Tumor","Lung Carcinoid","LUCA",NA,FALSE,"HMGCR"
"ACH-002175","NCI-H740","Lung","Lung Neuroendocrine Tumor","Small Cell Lung Cancer","SCLC",NA,FALSE,"HMGCR"
"ACH-002177","NCI-H835","Lung","Lung Neuroendocrine Tumor","Lung Carcinoid","LUCA",NA,FALSE,"HMGCR"
"ACH-002178","NY","Bone","Osteosarcoma","Osteosarcoma","OS",NA,FALSE,"HMGCR"
"ACH-002179","OCUB-M","Breast","Invasive Breast Carcinoma","Invasive Breast Carcinoma","BRCA",-0.996988067029366,FALSE,"HMGCR"
"ACH-002180","OMC-1","Cervix","Cervical Squamous Cell Carcinoma","Cervical Squamous Cell Carcinoma","CESC",NA,FALSE,"HMGCR"
"ACH-002181","OVCA420","Ovary/Fallopian Tube","Ovarian Epithelial Tumor","Serous Ovarian Cancer","SOC",-1.69348704594123,FALSE,"HMGCR"
"ACH-002182","OVCA433","Ovary/Fallopian Tube","Ovarian Epithelial Tumor","Serous Ovarian Cancer","SOC",NA,FALSE,"HMGCR"
"ACH-002183","OVMIU","Ovary/Fallopian Tube","Ovarian Epithelial Tumor","High-Grade Serous Ovarian Cancer","HGSOC",-0.977265917082552,FALSE,"HMGCR"
"ACH-002184","PC-3 [JPC-3]","Lung","Non-Small Cell Lung Cancer","Lung Adenocarcinoma","LUAD",NA,FALSE,"HMGCR"
"ACH-002186","PL4","Pancreas","Pancreatic Adenocarcinoma","Pancreatic Adenocarcinoma","PAAD",-0.472639224039925,FALSE,"HMGCR"
"ACH-002187","RCC-AB","Kidney","Renal Cell Carcinoma","Renal Clear Cell Carcinoma","CCRCC",NA,FALSE,"HMGCR"
"ACH-002188","RCC-ER","Kidney","Renal Cell Carcinoma","Renal Clear Cell Carcinoma","CCRCC",NA,FALSE,"HMGCR"
"ACH-002189","RCC-FG2","Kidney","Renal Cell Carcinoma","Renal Clear Cell Carcinoma","CCRCC",-1.55057778738455,FALSE,"HMGCR"
"ACH-002190","RCC-JF","Kidney","Renal Cell Carcinoma","Renal Clear Cell Carcinoma","CCRCC",NA,FALSE,"HMGCR"
"ACH-002191","RCC-JW","Kidney","Renal Cell Carcinoma","Renal Clear Cell Carcinoma","CCRCC",NA,FALSE,"HMGCR"
"ACH-002192","RCC-MF","Kidney","Renal Cell Carcinoma","Renal Clear Cell Carcinoma","CCRCC",NA,FALSE,"HMGCR"
"ACH-002193","RERF-LC-FM","Lung","Lung Neuroendocrine Tumor","Small Cell Lung Cancer","SCLC",NA,FALSE,"HMGCR"
"ACH-002195","RXF393","Kidney","Renal Cell Carcinoma","Renal Cell Carcinoma","RCC",NA,FALSE,"HMGCR"
"ACH-002196","SBC-1","Lung","Lung Neuroendocrine Tumor","Small Cell Lung Cancer","SCLC",NA,FALSE,"HMGCR"
"ACH-002197","SBC-3","Lung","Lung Neuroendocrine Tumor","Small Cell Lung Cancer","SCLC",NA,FALSE,"HMGCR"
"ACH-002198","SCH","Other","Extra Gonadal Germ Cell Tumor","Extra Gonadal Germ Cell Tumor","EGCT",-1.3436026257408,FALSE,"HMGCR"
"ACH-002199","SN12C","Kidney","Renal Cell Carcinoma","Renal Cell Carcinoma","RCC",NA,FALSE,"HMGCR"
"ACH-002200","SW962","Vulva/Vagina","Mucosal Melanoma of the Vulva/Vagina","Mucosal Melanoma of the Vulva/Vagina","VMM",NA,FALSE,"HMGCR"
"ACH-002201","TC-YIK","Cervix","Small Cell Carcinoma of the Cervix","Small Cell Carcinoma of the Cervix","SCCE",NA,FALSE,"HMGCR"
"ACH-002202","TMK-1","Esophagus/Stomach","Esophagogastric Adenocarcinoma","Stomach Adenocarcinoma","STAD",-0.790017284858102,FALSE,"HMGCR"
"ACH-002204","U-CH2","Bone","Chordoma","Chordoma","CHDM",-0.793594947618587,FALSE,"HMGCR"
"ACH-002205","WM1552C","Skin","Melanoma","Cutaneous Melanoma","SKCM",NA,FALSE,"HMGCR"
"ACH-002206","WM278","Skin","Melanoma","Melanoma","MEL",NA,FALSE,"HMGCR"
"ACH-002207","WM35","Skin","Melanoma","Melanoma","MEL",NA,FALSE,"HMGCR"
"ACH-002208","YMB-1-E","Breast","Invasive Breast Carcinoma","Breast Invasive Ductal Carcinoma","IDC",NA,FALSE,"HMGCR"
"ACH-002209","ALL-PO","Lymphoid","B-Lymphoblastic Leukemia/Lymphoma","B-Lymphoblastic Leukemia/Lymphoma with t(v;11q23.3);KMT2A Rearranged","BLLKMT2A",NA,FALSE,"HMGCR"
"ACH-002210","ARH-77","Myeloid","Non-Cancerous","Immortalized Blood","",-0.491063037370635,FALSE,"HMGCR"
"ACH-002211","BALL-1","Lymphoid","B-Lymphoblastic Leukemia/Lymphoma","B-Lymphoblastic Leukemia/Lymphoma","BLL",NA,FALSE,"HMGCR"
"ACH-002212","BB30-HNC","Head and Neck","Head and Neck Squamous Cell Carcinoma","Head and Neck Squamous Cell Carcinoma","HNSC",-1.13581795330575,FALSE,"HMGCR"
"ACH-002213","BB49-HNC","Head and Neck","Head and Neck Squamous Cell Carcinoma","Oral Cavity Squamous Cell Carcinoma","OCSC",NA,FALSE,"HMGCR"
"ACH-002214","BC-1","Lymphoid","Mature B-Cell Neoplasms","Primary Effusion Lymphoma","PEL",-0.756422163087338,FALSE,"HMGCR"
"ACH-002215","BC-3","Lymphoid","Mature B-Cell Neoplasms","Primary Effusion Lymphoma","PEL",-1.13644001591465,FALSE,"HMGCR"
"ACH-002216","BE-13","Lymphoid","T-Lymphoblastic Leukemia/Lymphoma","T-Lymphoblastic Leukemia/Lymphoma","TLL",NA,FALSE,"HMGCR"
"ACH-002217","BE2-M17","Peripheral Nervous System","Neuroblastoma","Neuroblastoma","NBL",NA,FALSE,"HMGCR"
"ACH-002218","CESS","Myeloid","Acute Myeloid Leukemia","Acute Myeloid Leukemia","AML",NA,FALSE,"HMGCR"
"ACH-002219","COLO-320-HSR","Bowel","Colorectal Adenocarcinoma","Colon Adenocarcinoma","COAD",NA,FALSE,"HMGCR"
"ACH-002220","CRO-AP2","Lymphoid","Mature B-Cell Neoplasms","Primary Effusion Lymphoma","PEL",NA,FALSE,"HMGCR"
"ACH-002221","CTB-1","Lymphoid","Mature B-Cell Neoplasms","Diffuse Large B-Cell Lymphoma, NOS","DLBCLNOS",NA,FALSE,"HMGCR"
"ACH-002222","CTV-1","Lymphoid","Mature T and NK Neoplasms","Adult T-Cell Leukemia/Lymphoma","ATLL",NA,FALSE,"HMGCR"
"ACH-002223","D-245MG","CNS/Brain","Diffuse Glioma","Glioblastoma","GB",NA,FALSE,"HMGCR"
"ACH-002224","D-247MG","CNS/Brain","Diffuse Glioma","Gliosarcoma","GSARC",NA,FALSE,"HMGCR"
"ACH-002225","D-263MG","CNS/Brain","Diffuse Glioma","Glioblastoma","GB",NA,FALSE,"HMGCR"
"ACH-002226","D-336MG","CNS/Brain","Diffuse Glioma","Gliosarcoma","GSARC",NA,FALSE,"HMGCR"
"ACH-002227","D-392MG","CNS/Brain","Diffuse Glioma","Glioblastoma","GB",NA,FALSE,"HMGCR"
"ACH-002228","D-423MG","CNS/Brain","Diffuse Glioma","Glioblastoma","GB",-0.928601823878817,FALSE,"HMGCR"
"ACH-002229","D-502MG","CNS/Brain","Diffuse Glioma","Glioblastoma","GB",-0.818527387060437,FALSE,"HMGCR"
"ACH-002230","D-542MG","CNS/Brain","Diffuse Glioma","Glioblastoma","GB",-0.150514242166971,FALSE,"HMGCR"
"ACH-002231","D-566MG","CNS/Brain","Diffuse Glioma","Glioblastoma","GB",NA,FALSE,"HMGCR"
"ACH-002232","DG-75","Lymphoid","Mature B-Cell Neoplasms","Burkitt Lymphoma","BL",NA,FALSE,"HMGCR"
"ACH-002233","DIFI","Bowel","Colorectal Adenocarcinoma","Colorectal Adenocarcinoma","COADREAD",-0.863121031366373,FALSE,"HMGCR"
"ACH-002234","DOK","Head and Neck","Head and Neck Carcinoma, Other","Head and Neck Carcinoma, Other","OHNCA",-0.90520240792286,FALSE,"HMGCR"
"ACH-002235","DSH1","Bladder/Urinary Tract","Bladder Urothelial Carcinoma","Bladder Urothelial Carcinoma","BLCA",NA,FALSE,"HMGCR"
"ACH-002236","EB-3","Lymphoid","Mature B-Cell Neoplasms","Burkitt Lymphoma","BL",NA,FALSE,"HMGCR"
"ACH-002237","ETK-1","Biliary Tract","Intraductal Papillary Neoplasm of the Bile Duct","Intrahepatic Cholangiocarcinoma","IHCH",NA,FALSE,"HMGCR"
"ACH-002238","GR-ST","Lymphoid","B-Lymphoblastic Leukemia/Lymphoma","B-Lymphoblastic Leukemia/Lymphoma","BLL",NA,FALSE,"HMGCR"
"ACH-002239","H3118","Head and Neck","Salivary Carcinoma","Mucoepidermoid Carcinoma","MUCC",-0.843339281788236,FALSE,"HMGCR"
"ACH-002240","H9","Lymphoid","Mature T and NK Neoplasms","Sezary Syndrome","SS",NA,FALSE,"HMGCR"
"ACH-002241","HAL-01","Lymphoid","B-Lymphoblastic Leukemia/Lymphoma","B-Lymphoblastic Leukemia/Lymphoma","BLL",NA,FALSE,"HMGCR"
"ACH-002242","HC-1","Lymphoid","Mature B-Cell Neoplasms","Hairy Cell Leukemia","HCL",NA,FALSE,"HMGCR"
"ACH-002243","HCE-4","Esophagus/Stomach","Esophageal Squamous Cell Carcinoma","Esophageal Squamous Cell Carcinoma","ESCC",-0.537632518366707,FALSE,"HMGCR"
"ACH-002244","HO-1-N-1","Head and Neck","Head and Neck Squamous Cell Carcinoma","Oral Cavity Squamous Cell Carcinoma","OCSC",NA,FALSE,"HMGCR"
"ACH-002245","Hs-445","Lymphoid","Hodgkin Lymphoma","Hodgkin Lymphoma","HL",NA,FALSE,"HMGCR"
"ACH-002246","Hs 633.T","Soft Tissue","Fibrosarcoma","Fibrosarcoma","FIBS",NA,FALSE,"HMGCR"
"ACH-002247","IM-9","Myeloid","Non-Cancerous","Immortalized Blood","",-0.729579069995209,FALSE,"HMGCR"
"ACH-002248","IMR-5","Peripheral Nervous System","Neuroblastoma","Neuroblastoma","NBL",NA,FALSE,"HMGCR"
"ACH-002249","JHU-011","Head and Neck","Head and Neck Squamous Cell Carcinoma","Larynx Squamous Cell Carcinoma","LXSC",-1.02701087462013,FALSE,"HMGCR"
"ACH-002250","JHU-022","Head and Neck","Head and Neck Squamous Cell Carcinoma","Larynx Squamous Cell Carcinoma","LXSC",-0.680939112148279,FALSE,"HMGCR"
"ACH-002251","JHU-029","Head and Neck","Head and Neck Squamous Cell Carcinoma","Larynx Squamous Cell Carcinoma","LXSC",-0.896637923060673,FALSE,"HMGCR"
"ACH-002252","JiyoyeP-2003","Lymphoid","Mature B-Cell Neoplasms","Burkitt Lymphoma","BL",NA,FALSE,"HMGCR"
"ACH-002253","JSC-1","Lymphoid","Mature B-Cell Neoplasms","Primary Effusion Lymphoma","PEL",NA,FALSE,"HMGCR"
"ACH-002254","KARPAS-1106P","Lymphoid","Mature B-Cell Neoplasms","Primary Mediastinal (Thymic) Large B-Cell Lymphoma (PMBL)","PMBL",NA,FALSE,"HMGCR"
"ACH-002255","KARPAS-231","Lymphoid","Mature B-Cell Neoplasms","Diffuse Large B-Cell Lymphoma, NOS","DLBCLNOS",NA,FALSE,"HMGCR"
"ACH-002256","KARPAS-45","Lymphoid","T-Lymphoblastic Leukemia/Lymphoma","T-Lymphoblastic Leukemia/Lymphoma","TLL",NA,FALSE,"HMGCR"
"ACH-002257","KINGS-1","CNS/Brain","Diffuse Glioma","Anaplastic Astrocytoma","AASTR",-0.14549290460767,FALSE,"HMGCR"
"ACH-002258","KMOE-2","Myeloid","Acute Myeloid Leukemia","Acute Myeloid Leukemia","AML",NA,FALSE,"HMGCR"
"ACH-002259","KNS-81-FD","CNS/Brain","Diffuse Glioma","Glioblastoma","GB",NA,FALSE,"HMGCR"
"ACH-002261","KP-N-YS","Peripheral Nervous System","Neuroblastoma","Neuroblastoma","NBL",-0.632329197103792,FALSE,"HMGCR"
"ACH-002262","KY821","Myeloid","Acute Myeloid Leukemia","Acute Myelomonocytic Leukemia","AMML",NA,FALSE,"HMGCR"
"ACH-002263","KYSE-220","Esophagus/Stomach","Esophageal Squamous Cell Carcinoma","Esophageal Squamous Cell Carcinoma","ESCC",-0.718621125722517,FALSE,"HMGCR"
"ACH-002264","KYSE-50","Esophagus/Stomach","Esophageal Squamous Cell Carcinoma","Esophageal Squamous Cell Carcinoma","ESCC",NA,FALSE,"HMGCR"
"ACH-002265","LB771-HNC","Head and Neck","Head and Neck Squamous Cell Carcinoma","Head and Neck Squamous Cell Carcinoma","HNSC",-2.55545550729594,FALSE,"HMGCR"
"ACH-002266","LB831-BLC","Bladder/Urinary Tract","Bladder Urothelial Carcinoma","Bladder Urothelial Carcinoma","BLCA",NA,FALSE,"HMGCR"
"ACH-002267","LC4-1","Lymphoid","B-Lymphoblastic Leukemia/Lymphoma","B-Lymphoblastic Leukemia/Lymphoma","BLL",NA,FALSE,"HMGCR"
"ACH-002268","LN-405","CNS/Brain","Diffuse Glioma","Glioblastoma","GB",NA,FALSE,"HMGCR"
"ACH-002269","LNZTA3WT4","CNS/Brain","Diffuse Glioma","Astrocytoma","ASTR",-0.543983621583008,FALSE,"HMGCR"
"ACH-002270","MC-CAR","B lymphoblast","Non-Cancerous","B lymphoblast","",NA,FALSE,"HMGCR"
"ACH-002271","MFH-ino","Soft Tissue","Undifferentiated Pleomorphic Sarcoma/Malignant Fibrous Histiocytoma/High-Grade Spindle Cell Sarcoma","Undifferentiated Pleomorphic Sarcoma/Malignant Fibrous Histiocytoma/High-Grade Spindle Cell Sarcoma","MFH",NA,FALSE,"HMGCR"
"ACH-002272","MHH-PREB-1","Lymphoid","Non-Hodgkin Lymphoma","Mature B-Cell Neoplasms","MBN",NA,FALSE,"HMGCR"
"ACH-002273","ML-2","Myeloid","Acute Myeloid Leukemia","Acute Myeloid Leukemia","AML",NA,FALSE,"HMGCR"
"ACH-002274","MLMA","Lymphoid","Mature B-Cell Neoplasms","Hairy Cell Leukemia","HCL",NA,FALSE,"HMGCR"
"ACH-002275","MN-60","Lymphoid","Mature B-Cell Neoplasms","Burkitt Lymphoma","BL",NA,FALSE,"HMGCR"
"ACH-002276","MY-M12","Myeloid","Acute Leukemias of Ambiguous Lineage","Acute Leukemias of Ambiguous Lineage","ALAL",NA,FALSE,"HMGCR"
"ACH-002277","NB(TU)1-10","Peripheral Nervous System","Neuroblastoma","Neuroblastoma","NBL",NA,FALSE,"HMGCR"
"ACH-002278","NB10","Peripheral Nervous System","Neuroblastoma","Neuroblastoma","NBL",-0.980744096080398,FALSE,"HMGCR"
"ACH-002279","NB12","Peripheral Nervous System","Neuroblastoma","Neuroblastoma","NBL",NA,FALSE,"HMGCR"
"ACH-002280","NB13","Peripheral Nervous System","Neuroblastoma","Neuroblastoma","NBL",-1.38390261136973,FALSE,"HMGCR"
"ACH-002281","NB14","Peripheral Nervous System","Neuroblastoma","Neuroblastoma","NBL",NA,FALSE,"HMGCR"
"ACH-002282","NB17","Peripheral Nervous System","Neuroblastoma","Neuroblastoma","NBL",-0.633731802289928,FALSE,"HMGCR"
"ACH-002283","NB5","Peripheral Nervous System","Neuroblastoma","Neuroblastoma","NBL",-0.610018958070649,FALSE,"HMGCR"
"ACH-002284","NB6","Peripheral Nervous System","Neuroblastoma","Neuroblastoma","NBL",-0.630163194867513,FALSE,"HMGCR"
"ACH-002285","NB7","Peripheral Nervous System","Neuroblastoma","Neuroblastoma","NBL",-0.344310710146015,FALSE,"HMGCR"
"ACH-002286","NCI-H128","Lung","Lung Neuroendocrine Tumor","Small Cell Lung Cancer","SCLC",NA,FALSE,"HMGCR"
"ACH-002287","NCI-H630","Bowel","Colorectal Adenocarcinoma","Colorectal Adenocarcinoma","COADREAD",NA,FALSE,"HMGCR"
"ACH-002288","NEC8","Testis","Non-Seminomatous Germ Cell Tumor","Embryonal Carcinoma","EMBCA",NA,FALSE,"HMGCR"
"ACH-002289","NK-92MI","Lymphoid","T-Lymphoblastic Leukemia/Lymphoma","Natural Killer (NK) Cell Lymphoblastic Leukemia/Lymphoma (NKCLL)","NKCLL",NA,FALSE,"HMGCR"
"ACH-002290","NKM-1","Myeloid","Acute Myeloid Leukemia","Acute Myeloid Leukemia","AML",NA,FALSE,"HMGCR"
"ACH-002291","NTERA-2 cl.D1","Testis","Non-Seminomatous Germ Cell Tumor","Embryonal Carcinoma","EMBCA",-0.543942724130274,FALSE,"HMGCR"
"ACH-002292","OACp4C","Esophagus/Stomach","Esophagogastric Adenocarcinoma","Esophageal Adenocarcinoma","ESCA",NA,FALSE,"HMGCR"
"ACH-002293","P32-ISH","Lymphoid","Mature B-Cell Neoplasms","Burkitt Lymphoma","BL",NA,FALSE,"HMGCR"
"ACH-002294","PCI-15A","Head and Neck","Head and Neck Squamous Cell Carcinoma","Hypopharynx Squamous Cell Carcinoma","HPHSC",-1.29730467292072,FALSE,"HMGCR"
"ACH-002295","PCI-30","Head and Neck","Head and Neck Squamous Cell Carcinoma","Oral Cavity Squamous Cell Carcinoma","OCSC",-2.14708480912992,FALSE,"HMGCR"
"ACH-002296","PCI-38","Head and Neck","Head and Neck Squamous Cell Carcinoma","Oral Cavity Squamous Cell Carcinoma","OCSC",-1.07128368197637,FALSE,"HMGCR"
"ACH-002297","PCI-4B","Head and Neck","Head and Neck Squamous Cell Carcinoma","Larynx Squamous Cell Carcinoma","LXSC",-0.602977095941481,FALSE,"HMGCR"
"ACH-002298","PCI-6A","Head and Neck","Head and Neck Squamous Cell Carcinoma","Oral Cavity Squamous Cell Carcinoma","OCSC",-0.231839484904538,FALSE,"HMGCR"
"ACH-002299","QIMR-WIL","Myeloid","Acute Myeloid Leukemia","Acute Myeloid Leukemia","AML",NA,FALSE,"HMGCR"
"ACH-002300","Ramos-2G6-4C10","Lymphoid","Mature B-Cell Neoplasms","Burkitt Lymphoma","BL",NA,FALSE,"HMGCR"
"ACH-002301","RF-48","Lymphoid","Non-Hodgkin Lymphoma","Non-Hodgkin Lymphoma","NHL",NA,FALSE,"HMGCR"
"ACH-002302","RPMI-8866","Myeloid","Myeloproliferative Neoplasms","Chronic Myeloid Leukemia, BCR-ABL1+","CMLBCRABL1",NA,FALSE,"HMGCR"
"ACH-002304","SK-MG-1","CNS/Brain","Diffuse Glioma","Astrocytoma","ASTR",-0.862855200009628,FALSE,"HMGCR"
"ACH-002305","SKN-3","Head and Neck","Head and Neck Squamous Cell Carcinoma","Oral Cavity Squamous Cell Carcinoma","OCSC",-0.414564023400196,FALSE,"HMGCR"
"ACH-002306","STS-0421","Esophagus/Stomach","Esophagogastric Adenocarcinoma","Stomach Adenocarcinoma","STAD",NA,FALSE,"HMGCR"
"ACH-002307","SU-DHL-16","Lymphoid","Non-Hodgkin Lymphoma","Mature B-Cell Neoplasms","MBN",NA,FALSE,"HMGCR"
"ACH-002308","SUP-B8","Lymphoid","B-Lymphoblastic Leukemia/Lymphoma","B-Lymphoblastic Leukemia/Lymphoma","BLL",NA,FALSE,"HMGCR"
"ACH-002309","SW684","Soft Tissue","Fibrosarcoma","Fibrosarcoma","FIBS",NA,FALSE,"HMGCR"
"ACH-002310","SW872","Soft Tissue","Liposarcoma","Liposarcoma","LIPO",NA,FALSE,"HMGCR"
"ACH-002311","TE-12","Esophagus/Stomach","Esophageal Squamous Cell Carcinoma","Esophageal Squamous Cell Carcinoma","ESCC",NA,FALSE,"HMGCR"
"ACH-002312","TGBC24TKB","Biliary Tract","Intracholecystic Papillary Neoplasm","Gallbladder Adenocarcinoma, NOS","GBAD",NA,FALSE,"HMGCR"
"ACH-002313","TK","Lymphoid","Non-Hodgkin Lymphoma","Mature B-Cell Neoplasms","MBN",NA,FALSE,"HMGCR"
"ACH-002314","TUR","Myeloid","Acute Myeloid Leukemia","Acute Monoblastic/Monocytic Leukemia","AMOL",NA,FALSE,"HMGCR"
"ACH-002316","WIL2-NS","Myeloid","Hereditary Spherocytosis","Spherocytosis","",NA,FALSE,"HMGCR"
"ACH-002317","YT","Lymphoid","T-Lymphoblastic Leukemia/Lymphoma","Natural Killer (NK) Cell Lymphoblastic Leukemia/Lymphoma (NKCLL)","NKCLL",NA,FALSE,"HMGCR"
"ACH-002320","600MPE","Breast","Invasive Breast Carcinoma","Breast Invasive Carcinoma, NOS","BRCNOS",NA,FALSE,"HMGCR"
"ACH-002321","HBL-100","Breast","Non-Cancerous","Immortalized Breast Cells","",NA,FALSE,"HMGCR"
"ACH-002322","HCC2185","Breast","Invasive Breast Carcinoma","Breast Invasive Lobular Carcinoma","ILC",NA,FALSE,"HMGCR"
"ACH-002323","HCC2688","Breast","Breast Ductal Carcinoma In Situ","Breast Ductal Carcinoma In Situ","DCIS",NA,FALSE,"HMGCR"
"ACH-002324","HCC3153","Breast","Invasive Breast Carcinoma","Breast Invasive Ductal Carcinoma","IDC",NA,FALSE,"HMGCR"
"ACH-002326","MACLS2","Breast","Invasive Breast Carcinoma","Breast Invasive Ductal Carcinoma","IDC",NA,FALSE,"HMGCR"
"ACH-002327","MCF12A","Breast","Non-Cancerous","Immortalized Breast Cells","",NA,FALSE,"HMGCR"
"ACH-002328","MX1","Breast","Breast Neoplasm, NOS","Breast Neoplasm, NOS","BNNOS",NA,FALSE,"HMGCR"
"ACH-002329","SKBR5","Breast","Breast Neoplasm, NOS","Breast Neoplasm, NOS","BNNOS",NA,FALSE,"HMGCR"
"ACH-002330","SKBR7","Breast","Breast Neoplasm, NOS","Breast Neoplasm, NOS","BNNOS",NA,FALSE,"HMGCR"
"ACH-002331","ZR75B","Breast","Invasive Breast Carcinoma","Breast Invasive Carcinoma, NOS","BRCNOS",NA,FALSE,"HMGCR"
"ACH-002332","GISTT1","Soft Tissue","Gastrointestinal Stromal Tumor","Gastrointestinal Stromal Tumor","GIST",NA,FALSE,"HMGCR"
"ACH-002333","HCC-827-GR","Lung","Non-Small Cell Lung Cancer","Lung Adenocarcinoma","LUAD",NA,FALSE,"HMGCR"
"ACH-002334","SS1A","Soft Tissue","Synovial Sarcoma","Synovial Sarcoma","SYNS",NA,FALSE,"HMGCR"
"ACH-002336","HCET","Eye","Non-Cancerous","Immortalized Epithelial Cells, Corneal, Differentiated","",NA,FALSE,"HMGCR"
"ACH-002337","JHU-028","Lung","Non-Small Cell Lung Cancer","Lung Adenocarcinoma","LUAD",NA,FALSE,"HMGCR"
"ACH-002338","M980513","Skin","Melanoma","Melanoma","MEL",NA,FALSE,"HMGCR"
"ACH-002339","MOT","Lymphoid","Mature B-Cell Neoplasms","Hairy Cell Leukemia","HCL",NA,FALSE,"HMGCR"
"ACH-002340","NBSUSSR","Peripheral Nervous System","Neuroblastoma","Neuroblastoma","NBL",NA,FALSE,"HMGCR"
"ACH-002342","BB30P BL","Lymphoid","Non-Cancerous","Matched Normal","",NA,FALSE,"HMGCR"
"ACH-002343","BB49EBV","Normal","Non-Cancerous","Matched Normal","",NA,FALSE,"HMGCR"
"ACH-002344","BB65EBV","Normal","Non-Cancerous","Matched Normal","",NA,FALSE,"HMGCR"
"ACH-002345","CaR-1","Bowel","Colorectal Adenocarcinoma","Rectal Adenocarcinoma","READ",NA,FALSE,"HMGCR"
"ACH-002346","CP50EBV","Normal","Non-Cancerous","Matched Normal","",NA,FALSE,"HMGCR"
"ACH-002347","CP66EBV","Normal","Non-Cancerous","Matched Normal","",NA,FALSE,"HMGCR"
"ACH-002348","HSJD-DIPG-007","CNS/Brain","Diffuse Glioma","Diffuse Intrinsic Pontine Glioma","DIPG",NA,FALSE,"HMGCR"
"ACH-002349","GBM001","CNS/Brain","Diffuse Glioma","Glioblastoma","GB",NA,FALSE,"HMGCR"
"ACH-002350","HA7EBV","Normal","Non-Cancerous","Matched Normal","",NA,FALSE,"HMGCR"
"ACH-002351","L542","Normal","Non-Cancerous","Matched Normal","",NA,FALSE,"HMGCR"
"ACH-002352","LB1047EBV","Normal","Non-Cancerous","Matched Normal","",NA,FALSE,"HMGCR"
"ACH-002353","LB2241EBV","Normal","Non-Cancerous","Matched Normal","",NA,FALSE,"HMGCR"
"ACH-002354","LB2518EBV","Normal","Non-Cancerous","Matched Normal","",NA,FALSE,"HMGCR"
"ACH-002355","LB373EBV","Normal","Non-Cancerous","Matched Normal","",NA,FALSE,"HMGCR"
"ACH-002356","LB647P BL","Lymphoid","Non-Cancerous","Matched Normal","",NA,FALSE,"HMGCR"
"ACH-002357","LB771P BL","Lymphoid","Non-Cancerous","Matched Normal","",NA,FALSE,"HMGCR"
"ACH-002358","LB831-EBV","Lymphoid","Non-Cancerous","Matched Normal","",NA,FALSE,"HMGCR"
"ACH-002360","MZ1B","Normal","Non-Cancerous","Matched Normal","",NA,FALSE,"HMGCR"
"ACH-002361","MZ7B","Normal","Non-Cancerous","Matched Normal","",NA,FALSE,"HMGCR"
"ACH-002362","NCI-BL128","Lymphoid","Non-Cancerous","Matched Normal","",NA,FALSE,"HMGCR"
"ACH-002363","NCI-BL1395","Lymphoid","Non-Cancerous","Matched Normal","",NA,FALSE,"HMGCR"
"ACH-002364","NCI-BL1437","Lymphoid","Non-Cancerous","Matched Normal","",NA,FALSE,"HMGCR"
"ACH-002365","NCI-BL1770","Lymphoid","Non-Cancerous","Matched Normal","",NA,FALSE,"HMGCR"
"ACH-002366","NCI-BL2009","Lymphoid","Non-Cancerous","Matched Normal","",NA,FALSE,"HMGCR"
"ACH-002367","NCI-BL2052","Lymphoid","Non-Cancerous","Matched Normal","",NA,FALSE,"HMGCR"
"ACH-002368","NCI-BL2087","Lymphoid","Non-Cancerous","Matched Normal","",NA,FALSE,"HMGCR"
"ACH-002369","NCI-BL209","Lymphoid","Non-Cancerous","Matched Normal","",NA,FALSE,"HMGCR"
"ACH-002370","NCI-BL2122","Lymphoid","Non-Cancerous","Matched Normal","",NA,FALSE,"HMGCR"
"ACH-002371","NCI-BL2126","Lymphoid","Non-Cancerous","Matched Normal","",NA,FALSE,"HMGCR"
"ACH-002372","NCI-BL2171","Lymphoid","Non-Cancerous","Matched Normal","",NA,FALSE,"HMGCR"
"ACH-002373","HCC1187 BL","Lymphoid","Non-Cancerous","Matched Normal","",NA,FALSE,"HMGCR"
"ACH-002374","HCC1599BL","Lymphoid","Non-Cancerous","Matched Normal","",NA,FALSE,"HMGCR"
"ACH-002375","HCC1937 BL","Lymphoid","Non-Cancerous","Matched Normal","",NA,FALSE,"HMGCR"
"ACH-002376","LS1034-PBL","Lymphoid","Non-Cancerous","Matched Normal","",NA,FALSE,"HMGCR"
"ACH-002377","HCC38 BL","Lymphoid","Non-Cancerous","Matched Normal","",NA,FALSE,"HMGCR"
"ACH-002378","HCC1143 BL","Lymphoid","Non-Cancerous","Matched Normal","",NA,FALSE,"HMGCR"
"ACH-002379","J82EBV","Normal","Non-Cancerous","Matched Normal","",NA,FALSE,"HMGCR"
"ACH-002380","COLO829 BL","Lymphoid","Non-Cancerous","Matched Normal","",NA,FALSE,"HMGCR"
"ACH-002381","HCC2157 BL","Lymphoid","Non-Cancerous","Matched Normal","",NA,FALSE,"HMGCR"
"ACH-002382","HCC1395 BL","Lymphoid","Non-Cancerous","Matched Normal","",NA,FALSE,"HMGCR"
"ACH-002383","HCC2218 BL","Lymphoid","Non-Cancerous","Matched Normal","",NA,FALSE,"HMGCR"
"ACH-002384","HCC1954 BL","Lymphoid","Non-Cancerous","Matched Normal","",NA,FALSE,"HMGCR"
"ACH-002386","M00921","Skin","Melanoma","Melanoma","MEL",NA,FALSE,"HMGCR"
"ACH-002387","M1203273","Skin","Melanoma","Melanoma","MEL",NA,FALSE,"HMGCR"
"ACH-002388","MET2B","Skin","Melanoma","Melanoma","MEL",NA,FALSE,"HMGCR"
"ACH-002389","ACN","Peripheral Nervous System","Neuroblastoma","Neuroblastoma","NBL",NA,FALSE,"HMGCR"
"ACH-002392","SC-1","Lymphoid","Mature B-Cell Neoplasms","Follicular Lymphoma","FL",NA,FALSE,"HMGCR"
"ACH-002397","KMH-2","Thyroid","Anaplastic Thyroid Cancer","Anaplastic Thyroid Cancer","THAP",NA,FALSE,"HMGCR"
"ACH-002399","21NT","Breast","Invasive Breast Carcinoma","Breast Invasive Ductal Carcinoma","IDC",-0.900334008271974,FALSE,"HMGCR"
"ACH-002400","21MT1","Breast","Invasive Breast Carcinoma","Breast Invasive Ductal Carcinoma","IDC",-1.04999036549857,FALSE,"HMGCR"
"ACH-002401","21MT2","Breast","Invasive Breast Carcinoma","Breast Invasive Ductal Carcinoma","IDC",-0.955392817922999,FALSE,"HMGCR"
"ACH-002403","CCLF_MELM_0001_T","Skin","Melanoma","Melanoma","MEL",NA,FALSE,"HMGCR"
"ACH-002404","CCLF_MELM_0002_T","Skin","Melanoma","Melanoma","MEL",NA,FALSE,"HMGCR"
"ACH-002405","CCLF_MELM_0003_T","Skin","Melanoma","Melanoma","MEL",NA,FALSE,"HMGCR"
"ACH-002407","CCLF_MELM_0005_T","Skin","Melanoma","Melanoma","MEL",NA,FALSE,"HMGCR"
"ACH-002409","CCLF_NEURO_0006_T","CNS/Brain","Diffuse Glioma","Glioblastoma","GB",NA,FALSE,"HMGCR"
"ACH-002419","CCLF_OVPA_0001_T","Uterus","Endometrial Carcinoma","Uterine Carcinosarcoma/Uterine Malignant Mixed Mullerian Tumor","UCS",NA,FALSE,"HMGCR"
"ACH-002431","CCLF_PEDS_0014_T1","Peripheral Nervous System","Neuroblastoma","Neuroblastoma","NBL",NA,FALSE,"HMGCR"
"ACH-002433","CCLF_PEDS_0019_T","Bone","Osteosarcoma","Osteosarcoma","OS",NA,FALSE,"HMGCR"
"ACH-002435","CCLF_PEDS_0022_T","Kidney","Wilms' Tumor","Wilms' Tumor","WT",NA,FALSE,"HMGCR"
"ACH-002438","CCLF_PEDS_0026_T","Kidney","Wilms' Tumor","Wilms' Tumor","WT",NA,FALSE,"HMGCR"
"ACH-002440","CCLF_THYR_0008_T","Thyroid","Well-Differentiated Thyroid Cancer","Papillary Thyroid Cancer","THPA",NA,FALSE,"HMGCR"
"ACH-002444","CCLF_UPGI_0003_T","Esophagus/Stomach","Esophagogastric Adenocarcinoma","Stomach Adenocarcinoma","STAD",NA,FALSE,"HMGCR"
"ACH-002445","CCLF_UPGI_0004_T","Esophagus/Stomach","Esophagogastric Adenocarcinoma","Stomach Adenocarcinoma","STAD",NA,FALSE,"HMGCR"
"ACH-002446","CCLF_UPGI_0005_T","Esophagus/Stomach","Esophagogastric Adenocarcinoma","Stomach Adenocarcinoma","STAD",-0.453377252103469,FALSE,"HMGCR"
"ACH-002458","HT144 SKIN FV1","Skin","Melanoma","Melanoma","MEL",-0.974467767263099,FALSE,"HMGCR"
"ACH-002459","HT144 SKIN FV3","Skin","Melanoma","Melanoma","MEL",NA,FALSE,"HMGCR"
"ACH-002460","HT144 SKIN FV2","Skin","Melanoma","Melanoma","MEL",-1.11891921624574,FALSE,"HMGCR"
"ACH-002461","RVH421 SKIN FV1","Skin","Melanoma","Melanoma","MEL",-1.34276172449223,FALSE,"HMGCR"
"ACH-002462","RPE1-ss48","Eye","Non-Cancerous","Immortalized Epithelial Cells, Retinal","",-0.663685408669484,FALSE,"HMGCR"
"ACH-002463","RPE1-ss77","Eye","Non-Cancerous","Immortalized Epithelial Cells, Retinal","",-0.64699822166003,FALSE,"HMGCR"
"ACH-002464","RPE1-ss6","Eye","Non-Cancerous","Immortalized Epithelial Cells, Retinal","",-0.732670377972364,FALSE,"HMGCR"
"ACH-002465","RPE1-ss119","Eye","Non-Cancerous","Immortalized Epithelial Cells, Retinal","",-0.924634691699039,FALSE,"HMGCR"
"ACH-002466","RPE1-ss111","Eye","Non-Cancerous","Immortalized Epithelial Cells, Retinal","",NA,FALSE,"HMGCR"
"ACH-002467","RPE1-ss51","Eye","Non-Cancerous","Immortalized Epithelial Cells, Retinal","",-0.732091355876887,FALSE,"HMGCR"
"ACH-002470","OS186","Bone","Osteosarcoma","Osteosarcoma","OS",-0.156921818554907,FALSE,"HMGCR"
"ACH-002471","OS052","Bone","Osteosarcoma","Osteosarcoma","OS",-1.04530656713593,FALSE,"HMGCR"
"ACH-002475","HAP1","Myeloid","Myeloproliferative Neoplasms","Chronic Myeloid Leukemia, BCR-ABL1+","CMLBCRABL1",-0.721958300012368,FALSE,"HMGCR"
"ACH-002478","BC-2","Lymphoid","Mature B-Cell Neoplasms","Primary Effusion Lymphoma","PEL",-0.991335997118292,FALSE,"HMGCR"
"ACH-002485","MAVER-1","Lymphoid","Mature B-Cell Neoplasms","Mantle Cell Lymphoma","MCL",-1.03187039932584,FALSE,"HMGCR"
"ACH-002486","MES-OV","Ovary/Fallopian Tube","Ovarian Epithelial Tumor","Serous Ovarian Cancer","SOC",-0.76853189640048,FALSE,"HMGCR"
"ACH-002490","NCI-H1882","Lung","Lung Neuroendocrine Tumor","Small Cell Lung Cancer","SCLC",-1.25578996115686,FALSE,"HMGCR"
"ACH-002497","NCI-H920","Lung","Non-Small Cell Lung Cancer","Lung Adenocarcinoma","LUAD",NA,FALSE,"HMGCR"
"ACH-002499","UACC-3199","Breast","Invasive Breast Carcinoma","Breast Invasive Ductal Carcinoma","IDC",-1.87771715676872,FALSE,"HMGCR"
"ACH-002500","Z-138","Lymphoid","Mature B-Cell Neoplasms","Mantle Cell Lymphoma","MCL",-1.00318359395956,FALSE,"HMGCR"
"ACH-002501","RMZ","Soft Tissue","Rhabdomyosarcoma","Alveolar Rhabdomyosarcoma","ARMS",NA,FALSE,"HMGCR"
"ACH-002508","WM3211","Skin","Melanoma","Acral Melanoma","ACRM",-1.33122630653064,FALSE,"HMGCR"
"ACH-002509","WM4235","Skin","Melanoma","Acral Melanoma","ACRM",NA,FALSE,"HMGCR"
"ACH-002510","M040416","Skin","Melanoma","Acral Melanoma","ACRM",-1.26727871235931,FALSE,"HMGCR"
"ACH-002511","M140325","Skin","Melanoma","Melanoma","MEL",-1.00792563295932,FALSE,"HMGCR"
"ACH-002512","MM160113","Skin","Melanoma","Acral Melanoma","ACRM",-0.886501065928199,FALSE,"HMGCR"
"ACH-002522","SNU-2292","Lung","Non-Small Cell Lung Cancer","Lung Adenocarcinoma","LUAD",-1.19975325666034,FALSE,"HMGCR"
"ACH-002523","SNU-739","Liver","Hepatocellular Carcinoma","Hepatocellular Carcinoma","HCC",-0.787113835398461,FALSE,"HMGCR"
"ACH-002524","SNU-251","Ovary/Fallopian Tube","Ovarian Epithelial Tumor","Endometrioid Ovarian Cancer","EOV",-1.18726921245142,FALSE,"HMGCR"
"ACH-002526","SNU-1327","Lung","Non-Small Cell Lung Cancer","Lung Adenocarcinoma","LUAD",-1.17661518621577,FALSE,"HMGCR"
"ACH-002528","SNU-267","Kidney","Renal Cell Carcinoma","Renal Clear Cell Carcinoma","CCRCC",-0.954623492179248,FALSE,"HMGCR"
"ACH-002530","SNU-977","Bowel","Colorectal Adenocarcinoma","Rectal Adenocarcinoma","READ",-1.15709417720444,FALSE,"HMGCR"
"ACH-002531","SNU-2535","Lung","Non-Small Cell Lung Cancer","Lung Adenocarcinoma","LUAD",-0.996441327148856,FALSE,"HMGCR"
"ACH-002532","SNU-1411","Bowel","Colorectal Adenocarcinoma","Rectal Adenocarcinoma","READ",NA,FALSE,"HMGCR"
"ACH-002533","SNU-482","Kidney","Renal Cell Carcinoma","Renal Cell Carcinoma","RCC",-1.16387776990351,FALSE,"HMGCR"
"ACH-002535","SNU-254","Bowel","Colorectal Adenocarcinoma","Rectal Adenocarcinoma","READ",-0.765343526313969,FALSE,"HMGCR"
"ACH-002538","SNU-1235","Bowel","Colorectal Adenocarcinoma","Colon Adenocarcinoma","COAD",-1.13048335405511,FALSE,"HMGCR"
"ACH-002539","SNU-1460","Bowel","Colorectal Adenocarcinoma","Colon Adenocarcinoma","COAD",NA,FALSE,"HMGCR"
"ACH-002543","SNU-1406","Bowel","Colorectal Adenocarcinoma","Colon Adenocarcinoma","COAD",NA,FALSE,"HMGCR"
"ACH-002544","SNU-1750","Esophagus/Stomach","Esophagogastric Adenocarcinoma","Tubular Stomach Adenocarcinoma","TSTAD",-1.00479738662995,FALSE,"HMGCR"
"ACH-002643","GRANTA-452","Lymphoid","B-Lymphoblastic Leukemia/Lymphoma","B-Lymphoblastic Leukemia/Lymphoma","BLL",NA,FALSE,"HMGCR"
"ACH-002647","CCC-5","Biliary Tract","Intraductal Papillary Neoplasm of the Bile Duct","Cholangiocarcinoma","CHOL",-1.2042855865458,FALSE,"HMGCR"
"ACH-002648","CX-03","Uterus","Endometrial Carcinoma","Uterine Carcinosarcoma/Uterine Malignant Mixed Mullerian Tumor","UCS",NA,FALSE,"HMGCR"
"ACH-002650","ETCC-016","Lung","Non-Small Cell Lung Cancer","Lung Adenocarcinoma","LUAD",-1.11297883148504,FALSE,"HMGCR"
"ACH-002651","FKH-1","Myeloid","Acute Myeloid Leukemia","Acute Myeloid Leukemia","AML",NA,FALSE,"HMGCR"
"ACH-002653","JIH-5","Myeloid","Acute Leukemias of Ambiguous Lineage","Acute Leukemias of Ambiguous Lineage","ALAL",NA,FALSE,"HMGCR"
"ACH-002654","JVE-015","Bowel","Colorectal Adenocarcinoma","Colon Adenocarcinoma","COAD",-0.987508702770798,FALSE,"HMGCR"
"ACH-002659","JVE-127","Bowel","Colorectal Adenocarcinoma","Mucinous Adenocarcinoma of the Colon and Rectum","MACR",-1.23016364018894,FALSE,"HMGCR"
"ACH-002660","JVE-187","Bowel","Colorectal Adenocarcinoma","Colon Adenocarcinoma","COAD",-0.896663621228006,FALSE,"HMGCR"
"ACH-002662","JVE-207","Bowel","Colorectal Adenocarcinoma","Colon Adenocarcinoma","COAD",-1.07619666358772,FALSE,"HMGCR"
"ACH-002664","JVE-253","Bowel","Colorectal Adenocarcinoma","Mucinous Adenocarcinoma of the Colon and Rectum","MACR",-1.10196493463349,FALSE,"HMGCR"
"ACH-002665","JVE-367","Bowel","Gastrointestinal Neuroendocrine Tumors","High-Grade Neuroendocrine Carcinoma of the Colon and Rectum","HGNEC",NA,FALSE,"HMGCR"
"ACH-002667","JVE-528","Bowel","Colorectal Adenocarcinoma","Colon Adenocarcinoma","COAD",NA,FALSE,"HMGCR"
"ACH-002668","KASUMI-3","Myeloid","Acute Myeloid Leukemia","AML with Minimal Differentiation","AMLMD",NA,FALSE,"HMGCR"
"ACH-002669","KP-363T","Bowel","Colorectal Adenocarcinoma","Colon Adenocarcinoma","COAD",-1.03093027263092,FALSE,"HMGCR"
"ACH-002672","MAPAC-HS-77","Pancreas","Pancreatic Adenocarcinoma","Pancreatic Adenocarcinoma","PAAD",-1.20201601401553,FALSE,"HMGCR"
"ACH-002675","SH-2","Myeloid","Acute Myeloid Leukemia","Acute Myeloid Leukemia","AML",NA,FALSE,"HMGCR"
"ACH-002676","TK-6","Myeloid","Myeloproliferative Neoplasms","Chronic Myeloid Leukemia, BCR-ABL1+","CMLBCRABL1",NA,FALSE,"HMGCR"
"ACH-002677","U-2946","Lymphoid","Mature B-Cell Neoplasms","Diffuse Large B-Cell Lymphoma, NOS","DLBCLNOS",-1.02816618445751,FALSE,"HMGCR"
"ACH-002678","WILL-1","Lymphoid","Mature B-Cell Neoplasms","Diffuse Large B-Cell Lymphoma, NOS","DLBCLNOS",-1.10608435727947,FALSE,"HMGCR"
"ACH-002680","170-MG-BA","CNS/Brain","Diffuse Glioma","Glioblastoma","GB",-1.15816965899142,FALSE,"HMGCR"
"ACH-002681","538-MG-BA","CNS/Brain","Diffuse Glioma","Glioblastoma","GB",-0.813227994488373,FALSE,"HMGCR"
"ACH-002687","WM3772F","Eye","Ocular Melanoma","Uveal Melanoma","UM",-1.12818088705085,FALSE,"HMGCR"
"ACH-002688","OS457","Bone","Osteosarcoma","Osteosarcoma","OS",NA,FALSE,"HMGCR"
"ACH-002689","OS525","Bone","Osteosarcoma","Osteosarcoma","OS",NA,FALSE,"HMGCR"
"ACH-002690","OS526","Bone","Osteosarcoma","Osteosarcoma","OS",-1.25200741020501,FALSE,"HMGCR"
"ACH-002693","S462","Peripheral Nervous System","Nerve Sheath Tumor","Malignant Peripheral Nerve Sheath Tumor","MPNST",-0.574929125470862,FALSE,"HMGCR"
"ACH-002695","STS26T","Peripheral Nervous System","Nerve Sheath Tumor","Malignant Peripheral Nerve Sheath Tumor","MPNST",NA,FALSE,"HMGCR"
"ACH-002703","OANC1","Esophagus/Stomach","Esophagogastric Adenocarcinoma","Esophageal Adenocarcinoma","ESCA",NA,FALSE,"HMGCR"
"ACH-002705","IS076P","Esophagus/Stomach","Esophagogastric Adenocarcinoma","Esophageal Adenocarcinoma","ESCA",-1.12979455235128,FALSE,"HMGCR"
"ACH-002706","IS076A","Esophagus/Stomach","Esophagogastric Adenocarcinoma","Esophageal Adenocarcinoma","ESCA",-1.07004180148971,FALSE,"HMGCR"
"ACH-002709","CMS","Myeloid","Acute Myeloid Leukemia","Acute Megakaryoblastic Leukemia","AMKL",-0.920393686868797,FALSE,"HMGCR"
"ACH-002710","MPNST-724","Peripheral Nervous System","Nerve Sheath Tumor","Malignant Peripheral Nerve Sheath Tumor","MPNST",-1.19314472063997,FALSE,"HMGCR"
"ACH-002711","UM-HACC-2A","Head and Neck","Salivary Carcinoma","Adenoid Cystic Carcinoma","ACYC",-1.8949859181252,FALSE,"HMGCR"
"ACH-002716","MO-91","Myeloid","Acute Myeloid Leukemia","AML with Minimal Differentiation","AMLMD",NA,FALSE,"HMGCR"
"ACH-002730","CCLF_UPGI_0009_T","Esophagus/Stomach","Esophagogastric Adenocarcinoma","Stomach Adenocarcinoma","STAD",NA,FALSE,"HMGCR"
"ACH-002733","CCLF_UPGI_0040_T","Esophagus/Stomach","Esophagogastric Adenocarcinoma","Stomach Adenocarcinoma","STAD",NA,FALSE,"HMGCR"
"ACH-002736","CCLF_UPGI_0052_T","Esophagus/Stomach","Esophagogastric Adenocarcinoma","Diffuse Type Stomach Adenocarcinoma","DSTAD",NA,FALSE,"HMGCR"
"ACH-002738","PANFR0420","Pancreas","Pancreatic Adenocarcinoma","Pancreatic Adenocarcinoma","PAAD",NA,FALSE,"HMGCR"
"ACH-002742","PANFR0233","Pancreas","Pancreatic Adenocarcinoma","Pancreatic Adenocarcinoma","PAAD",NA,FALSE,"HMGCR"
"ACH-002743","PANFR0368","Pancreas","Pancreatic Adenocarcinoma","Pancreatic Adenocarcinoma","PAAD",NA,FALSE,"HMGCR"
"ACH-002744","PANFR0402","Pancreas","Pancreatic Adenocarcinoma","Pancreatic Adenocarcinoma","PAAD",NA,FALSE,"HMGCR"
"ACH-002745","PANFR0069","Pancreas","Pancreatic Adenocarcinoma","Pancreatic Adenocarcinoma","PAAD",NA,FALSE,"HMGCR"
"ACH-002757","CCLF_UPGI_0068_T","Esophagus/Stomach","Esophagogastric Adenocarcinoma","Stomach Adenocarcinoma","STAD",NA,FALSE,"HMGCR"
"ACH-002778","NCC-OS1-X2-C1","Bone","Osteosarcoma","Osteosarcoma","OS",-0.621578071223034,FALSE,"HMGCR"
"ACH-002780","NCC-ES1-C1","Bone","Ewing Sarcoma","Ewing Sarcoma","ES",-1.27525381843914,FALSE,"HMGCR"
"ACH-002781","NCC-dCS1-C1","Bone","Chondrosarcoma","Dedifferentiated Chondrosarcoma","DDCHS",NA,FALSE,"HMGCR"
"ACH-002782","NCC-UPS1-C1","Soft Tissue","Undifferentiated Pleomorphic Sarcoma/Malignant Fibrous Histiocytoma/High-Grade Spindle Cell Sarcoma","Undifferentiated Pleomorphic Sarcoma/Malignant Fibrous Histiocytoma/High-Grade Spindle Cell Sarcoma","MFH",-0.650982037755758,FALSE,"HMGCR"
"ACH-002784","NCC-UPS2-C1","Soft Tissue","Undifferentiated Pleomorphic Sarcoma/Malignant Fibrous Histiocytoma/High-Grade Spindle Cell Sarcoma","Undifferentiated Pleomorphic Sarcoma/Malignant Fibrous Histiocytoma/High-Grade Spindle Cell Sarcoma","MFH",-1.11416645738462,FALSE,"HMGCR"
"ACH-002785","NCC-LMS1-C1","Soft Tissue","Leiomyosarcoma","Leiomyosarcoma","LMS",-1.04423135703898,FALSE,"HMGCR"
"ACH-002787","NCC-pRMS1-C1","Soft Tissue","Rhabdomyosarcoma","Pleomorphic Rhabdomyosarcoma","PLRMS",NA,FALSE,"HMGCR"
"ACH-002790","NCC-SS2-C1","Soft Tissue","Synovial Sarcoma","Synovial Sarcoma","SYNS",NA,FALSE,"HMGCR"
"ACH-002792","NCC-CCS1B-C1","Soft Tissue","Clear Cell Sarcoma","Clear Cell Sarcoma","CCS",-1.12204700178879,FALSE,"HMGCR"
"ACH-002794","NCC-MFS1-C1","Soft Tissue","Myxofibrosarcoma","Myxofibrosarcoma","MFS",NA,FALSE,"HMGCR"
"ACH-002795","NCC-CDS1-X1-C1","Soft Tissue","CIC-DUX4 Sarcoma","CIC-DUX4 Sarcoma","",NA,FALSE,"HMGCR"
"ACH-002796","NCC-CDS1-X3-C1","Soft Tissue","CIC-DUX4 Sarcoma","CIC-DUX4 Sarcoma","",NA,FALSE,"HMGCR"
"ACH-002798","NCC-DFSP2-C1","Skin","Dermatofibrosarcoma Protuberans","Dermatofibrosarcoma Protuberans","DFSP",NA,FALSE,"HMGCR"
"ACH-002799","NCC-MPNST1-C1","Peripheral Nervous System","Nerve Sheath Tumor","Malignant Peripheral Nerve Sheath Tumor","MPNST",-1.05805376145583,FALSE,"HMGCR"
"ACH-002800","NCC-MPNST2-C1","Peripheral Nervous System","Nerve Sheath Tumor","Malignant Peripheral Nerve Sheath Tumor","MPNST",-0.593022998197433,FALSE,"HMGCR"
"ACH-002801","NCC-MPNST3-C1","Peripheral Nervous System","Nerve Sheath Tumor","Malignant Peripheral Nerve Sheath Tumor","MPNST",NA,FALSE,"HMGCR"
"ACH-002802","NCC-MPNST3-X2-C1","Peripheral Nervous System","Nerve Sheath Tumor","Malignant Peripheral Nerve Sheath Tumor","MPNST",NA,FALSE,"HMGCR"
"ACH-002806","TB096","CNS/Brain","Diffuse Glioma","Anaplastic Astrocytoma","AASTR",-0.662968676232127,FALSE,"HMGCR"
"ACH-002834","OS384","Bone","Osteosarcoma","Osteosarcoma","OS",-0.606504313068303,FALSE,"HMGCR"
"ACH-002835","CCLF_UPGI_0011_T","Esophagus/Stomach","Esophagogastric Adenocarcinoma","Esophageal Adenocarcinoma","ESCA",NA,FALSE,"HMGCR"
"ACH-002837","CCLF_UPGI_0015_T","Esophagus/Stomach","Esophagogastric Adenocarcinoma","Esophageal Adenocarcinoma","ESCA",NA,FALSE,"HMGCR"
"ACH-002839","CCLF_CORE_0002_T","Bowel","Colorectal Adenocarcinoma","Colon Adenocarcinoma","COAD",NA,FALSE,"HMGCR"
"ACH-002843","CCLF_RARE_0020_T","Soft Tissue","Desmoid/Aggressive Fibromatosis","Desmoid/Aggressive Fibromatosis","DES",NA,FALSE,"HMGCR"
"ACH-002844","CCLF_RARE_0025_T","Soft Tissue","Desmoid/Aggressive Fibromatosis","Desmoid/Aggressive Fibromatosis","DES",NA,FALSE,"HMGCR"
"ACH-002846","YUSEEP-M 16-3517","Skin","Melanoma","Acral Melanoma","ACRM",NA,FALSE,"HMGCR"
"ACH-002847","YUHOIN","Skin","Melanoma","Melanoma","MEL",-1.2011332719425,FALSE,"HMGCR"
"ACH-002871","CCLF_UPGI_0054_T","Esophagus/Stomach","Esophagogastric Adenocarcinoma","Esophageal Adenocarcinoma","ESCA",NA,FALSE,"HMGCR"
"ACH-002883","IPM-BO-053","Breast","Invasive Breast Carcinoma","Breast Invasive Lobular Carcinoma","ILC",NA,FALSE,"HMGCR"
"ACH-002884","IPM-BO-055","Breast","Invasive Breast Carcinoma","Breast Invasive Lobular Carcinoma","ILC",NA,FALSE,"HMGCR"
"ACH-002885","IPM-BO-056","Breast","Invasive Breast Carcinoma","Breast Invasive Ductal Carcinoma","IDC",NA,FALSE,"HMGCR"
"ACH-002886","VACO 432","Bowel","Colorectal Adenocarcinoma","Colon Adenocarcinoma","COAD",NA,FALSE,"HMGCR"
"ACH-002921","BCK4","Breast","Invasive Breast Carcinoma","Breast Invasive Lobular Carcinoma","ILC",NA,FALSE,"HMGCR"
"ACH-002922","SK-N-MM","Peripheral Nervous System","Neuroblastoma","Neuroblastoma","NBL",-0.984078836163453,FALSE,"HMGCR"
"ACH-002924","UPMM2","Eye","Ocular Melanoma","Uveal Melanoma","UM",NA,FALSE,"HMGCR"
"ACH-002925","UPMM3","Eye","Ocular Melanoma","Uveal Melanoma","UM",-1.29302771023376,FALSE,"HMGCR"
"ACH-002926","UPMD1","Eye","Ocular Melanoma","Uveal Melanoma","UM",-1.25194890624427,FALSE,"HMGCR"
"ACH-002927","UPMD2","Eye","Ocular Melanoma","Uveal Melanoma","UM",NA,FALSE,"HMGCR"
"ACH-002928","MM100511","Skin","Melanoma","Acral Melanoma","ACRM",-2.03142330071157,FALSE,"HMGCR"
"ACH-002932","CCLF_NEURO_0001_T","Bowel","Colorectal Adenocarcinoma","Colorectal Adenocarcinoma","COADREAD",NA,FALSE,"HMGCR"
"ACH-002936","CCLF_PEDS_0043_T","Soft Tissue","Rhabdomyosarcoma","Alveolar Rhabdomyosarcoma","ARMS",NA,FALSE,"HMGCR"
"ACH-002937","CCLF_PEDS_0020_T","Kidney","Wilms' Tumor","Wilms' Tumor","WT",NA,FALSE,"HMGCR"
"ACH-002942","CCLF_RARE_0004_T","Soft Tissue","Leiomyosarcoma","Leiomyosarcoma","LMS",NA,FALSE,"HMGCR"
"ACH-002946","UKE-1","Myeloid","Acute Myeloid Leukemia","Acute Myeloid Leukemia","AML",NA,FALSE,"HMGCR"
"ACH-002950","NH93T","Breast","Invasive Breast Carcinoma","Invasive Breast Carcinoma","BRCA",NA,FALSE,"HMGCR"
"ACH-002951","NH84T","Breast","Invasive Breast Carcinoma","Invasive Breast Carcinoma","BRCA",NA,FALSE,"HMGCR"
"ACH-002954","CCLF_UPGI_0012_T","Esophagus/Stomach","Esophagogastric Adenocarcinoma","Esophageal Adenocarcinoma","ESCA",NA,FALSE,"HMGCR"
"ACH-002967","CCLF_UPGI_0036_T","Esophagus/Stomach","Esophagogastric Adenocarcinoma","Stomach Adenocarcinoma","STAD",NA,FALSE,"HMGCR"
"ACH-002968","CCLF_UPGI_0041_T","Esophagus/Stomach","Esophagogastric Adenocarcinoma","Stomach Adenocarcinoma","STAD",NA,FALSE,"HMGCR"
"ACH-002972","CCLF_UPGI_0085_T","Esophagus/Stomach","Esophagogastric Adenocarcinoma","Stomach Adenocarcinoma","STAD",NA,FALSE,"HMGCR"
"ACH-002979","CCLF_UPGI_0101_T","Esophagus/Stomach","Esophagogastric Adenocarcinoma","Diffuse Type Stomach Adenocarcinoma","DSTAD",NA,FALSE,"HMGCR"
"ACH-002981","CCLF_UPGI_0027_T","Esophagus/Stomach","Esophagogastric Adenocarcinoma","Esophageal Adenocarcinoma","ESCA",NA,FALSE,"HMGCR"
"ACH-002994","WSU-AML","Myeloid","Acute Myeloid Leukemia","Acute Myeloid Leukemia","AML",NA,FALSE,"HMGCR"
"ACH-002996","CI34601","Lung","Non-Small Cell Lung Cancer","Non-Small Cell Lung Cancer","NSCLC",NA,FALSE,"HMGCR"
"ACH-003012","A549_CRAF_KD","Lung","Non-Small Cell Lung Cancer","Lung Adenocarcinoma","LUAD",-1.02136471634561,FALSE,"HMGCR"
"ACH-003019","LASCPC-01","Prostate","Prostate Neuroendocrine Carcinoma","Prostate Neuroendocrine Carcinoma","PRNE",NA,FALSE,"HMGCR"
"ACH-003061","NCI-H774","Lung","Lung Neuroendocrine Tumor","Small Cell Lung Cancer","SCLC",NA,FALSE,"HMGCR"
"ACH-003071","NCI-H748","Lung","Lung Neuroendocrine Tumor","Small Cell Lung Cancer","SCLC",NA,FALSE,"HMGCR"
"ACH-003099","UCSF-OT-1109","Head and Neck","Head and Neck Squamous Cell Carcinoma","Oral Cavity Squamous Cell Carcinoma","OCSC",NA,FALSE,"HMGCR"
"ACH-003100","EJ-1","Lymphoid","Mature B-Cell Neoplasms","Diffuse Large B-Cell Lymphoma, NOS","DLBCLNOS",NA,FALSE,"HMGCR"
"ACH-003101","Z-119","Lymphoid","B-Lymphoblastic Leukemia/Lymphoma","B-Lymphoblastic Leukemia/Lymphoma with t(9;22)(q34.1;q11.2);BCR-ABL1","BLLBCRABL1",NA,FALSE,"HMGCR"
"ACH-003103","Z-181","Lymphoid","B-Lymphoblastic Leukemia/Lymphoma","B-Lymphoblastic Leukemia/Lymphoma with t(9;22)(q34.1;q11.2);BCR-ABL1","BLLBCRABL1",NA,FALSE,"HMGCR"
"ACH-003105","VMM917","Skin","Melanoma","Melanoma","MEL",NA,FALSE,"HMGCR"
"ACH-003106","RC","Lymphoid","Mature B-Cell Neoplasms","Germinal Center B-Cell Type","GCB",NA,FALSE,"HMGCR"
"ACH-003107","JMP-1","Lymphoid","Mature B-Cell Neoplasms","Mantle Cell Lymphoma","MCL",NA,FALSE,"HMGCR"
"ACH-003108","HF","Lymphoid","Mature B-Cell Neoplasms","Germinal Center B-Cell Type","GCB",NA,FALSE,"HMGCR"
"ACH-003111","Hs 856.T","Soft Tissue","Undifferentiated Pleomorphic Sarcoma/Malignant Fibrous Histiocytoma/High-Grade Spindle Cell Sarcoma","Undifferentiated Pleomorphic Sarcoma/Malignant Fibrous Histiocytoma/High-Grade Spindle Cell Sarcoma","MFH",NA,FALSE,"HMGCR"
"ACH-003119","NCI-H1450","Lung","Lung Neuroendocrine Tumor","Small Cell Lung Cancer","SCLC",NA,FALSE,"HMGCR"
"ACH-003120","NCI-H1607","Lung","Lung Neuroendocrine Tumor","Small Cell Lung Cancer","SCLC",NA,FALSE,"HMGCR"
"ACH-003121","NCI-H2679","Lung","Lung Neuroendocrine Tumor","Small Cell Lung Cancer","SCLC",NA,FALSE,"HMGCR"
"ACH-003125","ASPS-KY","Soft Tissue","Alveolar Soft Part Sarcoma","Alveolar Soft Part Sarcoma","ASPS",NA,FALSE,"HMGCR"
"ACH-003132","ABM-T0009","","Non-Cancerous","Immortalized Human Intervertebral Disc Cartilage Endplate-derived Stem Cells","",NA,FALSE,"HMGCR"
"ACH-003133","ABM-T0021","","Non-Cancerous","Immortalized Human Chondrocytes","",NA,FALSE,"HMGCR"
"ACH-003134","ABM-T0168","","Non-Cancerous","Immortalized Human Pancreatic Mesenchymal Stem Cells - hTERT","",NA,FALSE,"HMGCR"
"ACH-003135","ABM-T0280","CNS/Brain","Non-Cancerous","Immortalized Astrocytes, Fetal","",NA,FALSE,"HMGCR"
"ACH-003136","ABM-T0023","","Non-Cancerous","Immortalized Human Chondrocytes – hTERT","",NA,FALSE,"HMGCR"
"ACH-003137","ABM-T0281","CNS/Brain","Non-Cancerous","Immortalized Astrocytes, Fetal","",NA,FALSE,"HMGCR"
"ACH-003138","ABM-T0292","CNS/Brain","Non-Cancerous","Immortalized Endothelial Cells, Endoneurial","",NA,FALSE,"HMGCR"
"ACH-003139","ABM-T0457","Muscle","Non-Cancerous","Immortalized Cardiomyocytes","",NA,FALSE,"HMGCR"
"ACH-003141","ABM-T0557","Muscle","Non-Cancerous","immortalized Smooth Muscle Cells, Coronary artery","",NA,FALSE,"HMGCR"
"ACH-003142","ABM-T0558","Muscle","Non-Cancerous","Immortalized Smooth Muscle Cells, Pulmonary artery","",NA,FALSE,"HMGCR"
"ACH-003143","ABM-T0616","Kidney","Non-Cancerous","Immortalized Epithelial Cells, Renal","",NA,FALSE,"HMGCR"
"ACH-003145","ABM-T0725","Embryonal","Non-Cancerous","Immortalized Endothelial Cells, Umbilical Vein","",NA,FALSE,"HMGCR"
"ACH-003147","ABM-T0732","","Non-Cancerous","Immortalized Submandibular Gland Cells","",NA,FALSE,"HMGCR"
"ACH-003148","ABM-T0781","CNS/Brain","Non-Cancerous","Immortalized Neuronal Progenitor Cells","",NA,FALSE,"HMGCR"
"ACH-003149","ABM-T0782","Muscle","Non-Cancerous","Immortalized Skeletal Muscle Cells","",NA,FALSE,"HMGCR"
"ACH-003150","ABM-T0783","CNS/Brain","Non-Cancerous","Immortalized Astrocytes, Adult","",NA,FALSE,"HMGCR"
"ACH-003152","ABM-T0796","Lung","Non-Cancerous","Immortalized Epithelial Cells, Lung","",NA,FALSE,"HMGCR"
"ACH-003153","ABM-T0794","Lung","Non-Cancerous","Immortalized Epithelial Cells, Lung","",NA,FALSE,"HMGCR"
"ACH-003154","ABM-T0795","Lung","Non-Cancerous","Immortalized Epithelial Cells, Lung","",NA,FALSE,"HMGCR"
"ACH-003155","ABM-T0789","Liver","Non-Cancerous","Immortalized Liver Cells, Fetal","",NA,FALSE,"HMGCR"
"ACH-003156","ABM-T0797","Lung","Non-Cancerous","Immortalized Epithelial Cells, Lung","",NA,FALSE,"HMGCR"
"ACH-003157","ABM-T0822","Lung","Non-Cancerous","Immortalized MPLC Cells","",NA,FALSE,"HMGCR"
"ACH-003158","ABM-T9220","Muscle","Non-Cancerous","Immortalized Smooth Muscle Cells, Intestinal","",NA,FALSE,"HMGCR"
"ACH-003159","ABM-T9233","Hair","Non-Cancerous","Immortalized Hair Follicle Inner Root Sheath Cells","",NA,FALSE,"HMGCR"
"ACH-003160","ABM-T9249","Hair","Non-Cancerous","Immortalized Hair Germinal Matrix Cells","",NA,FALSE,"HMGCR"
"ACH-003161","ABM-T9430","Pancreas","Non-Cancerous","Immortalized Pancreatic Stromal Cells","",NA,FALSE,"HMGCR"
"ACH-003177","NRH-UPS1","Soft Tissue","Undifferentiated Pleomorphic Sarcoma/Malignant Fibrous Histiocytoma/High-Grade Spindle Cell Sarcoma","Undifferentiated Pleomorphic Sarcoma/Malignant Fibrous Histiocytoma/High-Grade Spindle Cell Sarcoma","MFH",-0.689961590995985,FALSE,"HMGCR"
"ACH-003180","NRH-UPS2","Soft Tissue","Undifferentiated Pleomorphic Sarcoma/Malignant Fibrous Histiocytoma/High-Grade Spindle Cell Sarcoma","Undifferentiated Pleomorphic Sarcoma/Malignant Fibrous Histiocytoma/High-Grade Spindle Cell Sarcoma","MFH",-0.681145900480369,FALSE,"HMGCR"
"ACH-003181","NRH-LMS1","Soft Tissue","Leiomyosarcoma","Leiomyosarcoma","LMS",NA,FALSE,"HMGCR"
"ACH-003183","NRH-MFS3","Soft Tissue","Myxofibrosarcoma","Myxofibrosarcoma","MFS",NA,FALSE,"HMGCR"
"ACH-003184","NRH-LMS2","Soft Tissue","Leiomyosarcoma","Leiomyosarcoma","LMS",NA,FALSE,"HMGCR"
"ACH-003191","NRH-GCT2","Bone","Giant Cell Tumor of Bone","Giant Cell Tumor of Bone","GCTB",NA,FALSE,"HMGCR"
"ACH-003265","CCLF_RARE_0010_T","Soft Tissue","Leiomyosarcoma","Leiomyosarcoma","LMS",NA,FALSE,"HMGCR"
"ACH-003266","CCLF_RARE_0021_T","Soft Tissue","Leiomyosarcoma","Leiomyosarcoma","LMS",NA,FALSE,"HMGCR"
"ACH-003267","CCLF_RARE_0009_T","Soft Tissue","Leiomyosarcoma","Leiomyosarcoma","LMS",NA,FALSE,"HMGCR"
"ACH-003268","CCLF_RARE_0022_T","Soft Tissue","Leiomyosarcoma","Leiomyosarcoma","LMS",NA,FALSE,"HMGCR"
"ACH-003269","CCLF_RARE_0019_T","Soft Tissue","Leiomyosarcoma","Leiomyosarcoma","LMS",NA,FALSE,"HMGCR"
"ACH-003273","CHRF-288-11","Myeloid","Acute Myeloid Leukemia","Acute Megakaryoblastic Leukemia","AMKL",NA,FALSE,"HMGCR"
"ACH-003308","THLE-3","","Non-Cancerous","Transformed cell line","",NA,FALSE,"HMGCR"
"ACH-003426","CCLF_NEURO_0046_T","Esophagus/Stomach","Esophagogastric Adenocarcinoma","Esophageal Adenocarcinoma","ESCA",NA,FALSE,"HMGCR"
"ACH-003429","CCLF_PANC_0074_T","Pancreas","Pancreatic Adenocarcinoma","Pancreatic Adenocarcinoma","PAAD",NA,FALSE,"HMGCR"
"ACH-003430","CCLF_PANC_0002_T","Pancreas","Pancreatic Adenocarcinoma","Pancreatic Adenocarcinoma","PAAD",NA,FALSE,"HMGCR"
"ACH-003433","CCLF_PANC_0019_T","Pancreas","Pancreatic Adenocarcinoma","Pancreatic Adenocarcinoma","PAAD",NA,FALSE,"HMGCR"
"ACH-003437","CCLF_UPGI_0078_T","Esophagus/Stomach","Esophagogastric Adenocarcinoma","Stomach Adenocarcinoma","STAD",NA,FALSE,"HMGCR"
"ACH-003438","CCLF_NEURO_0005_T","CNS/Brain","Diffuse Glioma","Glioblastoma","GB",NA,FALSE,"HMGCR"
"ACH-003451","CCLF_PEDS_0048_T","Kidney","Wilms' Tumor","Wilms' Tumor","WT",NA,FALSE,"HMGCR"
"ACH-003455","CCLF_MELM_0004_T","Skin","Melanoma","Melanoma","MEL",NA,FALSE,"HMGCR"
"ACH-003456","CCLF_MELM_0006_T","Skin","Melanoma","Melanoma","MEL",NA,FALSE,"HMGCR"
"ACH-003457","CCLF_MELM_0038_T","Skin","Melanoma","Melanoma","MEL",NA,FALSE,"HMGCR"
"ACH-003458","CCLF_MELM_0010_T","Skin","Melanoma","Melanoma","MEL",NA,FALSE,"HMGCR"
"ACH-003459","CCLF_MELM_0011_T","Skin","Melanoma","Melanoma","MEL",NA,FALSE,"HMGCR"
"ACH-003460","CCLF_HEME_0001_T","Lymphoid","Mature B-Cell Neoplasms","Diffuse Large B-Cell Lymphoma, NOS","DLBCLNOS",NA,FALSE,"HMGCR"
"ACH-003463","CCLF_HEME_0004_T","Lymphoid","Mature T and NK Neoplasms","T-Cell Prolymphocytic Leukemia","TPLL",NA,FALSE,"HMGCR"
"ACH-003464","CCLF_NPDX_0008_T","Soft Tissue","Liposarcoma","Liposarcoma","LIPO",NA,FALSE,"HMGCR"
"ACH-003465","CCLF_HNSC_0004_T","Head and Neck","Head and Neck Squamous Cell Carcinoma","Head and Neck Squamous Cell Carcinoma","HNSC",NA,FALSE,"HMGCR"
"ACH-003468","CCLF_THYR_0003_T","Thyroid","Anaplastic Thyroid Cancer","Anaplastic Thyroid Cancer","THAP",NA,FALSE,"HMGCR"
"ACH-003469","CCLF_THYR_0004_T","Thyroid","Anaplastic Thyroid Cancer","Anaplastic Thyroid Cancer","THAP",NA,FALSE,"HMGCR"
"ACH-003470","CCLF_THYR_0005_T","Thyroid","Anaplastic Thyroid Cancer","Anaplastic Thyroid Cancer","THAP",NA,FALSE,"HMGCR"
"ACH-003471","CCLF_THYR_0006_T","Thyroid","Well-Differentiated Thyroid Cancer","Papillary Thyroid Cancer","THPA",NA,FALSE,"HMGCR"
"ACH-003472","CCLF_THYR_0009_T","Thyroid","Medullary Thyroid Cancer","Medullary Thyroid Cancer","THME",NA,FALSE,"HMGCR"
"ACH-003473","CCLF_PEDS_0013_T","Soft Tissue","Rhabdomyosarcoma","Embryonal Rhabdomyosarcoma","ERMS",NA,FALSE,"HMGCR"
"ACH-003474","CCLF_HNSC_0001_T","Head and Neck","Head and Neck Squamous Cell Carcinoma","Head and Neck Squamous Cell Carcinoma","HNSC",NA,FALSE,"HMGCR"
"ACH-003475","CCLF_HNSC_0003_T","Head and Neck","Head and Neck Squamous Cell Carcinoma","Head and Neck Squamous Cell Carcinoma","HNSC",NA,FALSE,"HMGCR"
"ACH-003476","CCLF_HNSC_0002_T","Head and Neck","Head and Neck Squamous Cell Carcinoma","Head and Neck Squamous Cell Carcinoma","HNSC",NA,FALSE,"HMGCR"
"ACH-003480","CCLF_THYR_0001_T","Thyroid","Anaplastic Thyroid Cancer","Anaplastic Thyroid Cancer","THAP",NA,FALSE,"HMGCR"
